Detector,ParticleType,x[cm],px[MeV/c],y[cm],py[MeV/c],z[cm],pz[MeV/c],TotalEnergy[MeV]
1,pi-,-9.84395,-0.0897066,-8.53488,-0.172099,459.95,0.879119,771.471
1,mu-,-12.0199,-0.0627927,7.86289,-0.00391737,459.95,0.141459,81.7786
2,mu-,-12.7156,0.0101002,3.92967,0.00273953,1099.95,0.0472623,10.5602
3,mu-,-14.9565,-0.00505437,7.11105,-0.000447876,1769.95,0.0156772,1.2749
1,pi+,2.0007,0.064846,-11.4377,-0.0777801,459.95,0.318137,222.294
1,mu+,-13.6637,-0.127959,4.95464,0.2428,459.95,0.761947,711.074
1,pi+,-3.63141,-0.109639,-14.6943,-0.0703744,459.95,0.49253,388.671
1,pi+,2.9256,0.0069833,-3.98586,-0.0881126,459.95,0.631899,513.568
2,pi+,-6.06951,0.0381067,5.1774,0.0802757,1099.95,0.630328,512.112
1,pi-,3.92321,0.10405,-7.38819,-0.0778373,459.95,0.488075,384.436
1,pi+,2.3593,-0.0462699,-8.4438,-0.201392,459.95,1.26779,1152.51
1,pi+,6.91962,0.040149,5.90972,0.045355,459.95,0.339487,232.451
2,pi+,7.82497,0.0230437,12.898,0.0566572,1099.95,0.337606,230.834
1,pi+,7.10961,0.0730214,-6.3066,-0.0725076,459.95,0.550076,437.19
2,pi+,7.63607,0.0910606,4.05068,0.0404621,1099.95,0.548009,434.645
1,pi+,-6.62022,-0.00704089,0.0486445,0.1225,459.95,0.697857,582.608
2,pi+,10.8757,0.0519433,-1.19542,-0.105514,1099.95,0.681919,566.351
1,pi-,-6.719,-0.00847309,-15.6214,-0.327047,459.95,0.777341,715.28
1,pi+,-7.00102,-0.0440083,-15.6092,-0.327375,459.95,1.26709,1177.28
1,pi-,8.89843,0.00843233,-14.5016,-0.0328359,459.95,0.140943,61.6607
1,mu+,-7.52347,-0.103499,17.7548,0.0466455,459.95,0.0996278,78.6706
1,pi+,11.1035,0.000417248,-12.52,-0.0924841,459.95,0.25033,161.587
1,pi+,-12.792,-0.178369,-0.143971,-0.0332423,459.95,0.796301,688.98
1,pi+,5.55067,0.062729,-10.616,-0.164623,459.95,1.00296,888.261
1,pi-,0.40684,0.0240938,-7.7271,-0.026682,459.95,0.193126,101.407
2,pi-,9.71047,0.0339385,-11.553,0.0107178,1099.95,0.189566,98.5091
3,mu-,4.36408,-0.00496579,-8.03988,-0.00540092,1769.95,0.106615,44.6219
1,pi-,-1.93317,0.104653,-5.12947,-0.101229,459.95,0.691473,580.717
2,pi-,10.7086,-0.0605568,12.5165,0.129932,1099.95,0.690441,579.275
1,pi-,-2.36164,0.166688,-5.27811,-0.169506,459.95,1.4523,1338.66
1,pi-,-1.78108,-0.109715,7.23935,0.178456,459.95,1.28902,1173.8
1,pi+,-10.814,0.00863604,-0.489233,0.229383,459.95,0.366811,315.096
2,pi+,-17.236,-0.225826,-10.1449,0.0904051,1099.99,0.0902783,155.049
1,pi-,-7.9847,0.0911217,-8.93014,-0.0107674,459.95,0.193377,115.956
2,pi-,16.5053,0.050292,-1.0998,0.075011,1099.95,0.191118,113.732
3,mu-,-27.3271,-0.0708987,-12.9674,-0.0237536,1769.95,0.0638713,38.6817
1,pi+,6.81707,-0.0450932,-4.55027,-0.160351,459.95,1.38696,1264.31
1,pi+,1.19702,0.158905,8.02087,0.0664933,459.95,1.36345,1241.78
1,pi+,6.61014,0.0213107,-15.2464,-0.0905106,459.95,0.211147,130.077
1,pi+,2.57103,0.118823,2.35073,-0.0383715,459.95,0.78657,668.986
2,pi+,8.28745,-0.0483168,-11.5661,-0.112453,1099.95,0.784821,666.906
3,pi+,20.6453,0.208337,33.4682,-0.0862589,1769.95,0.314987,272.183
1,mu-,12.6641,0.134015,-4.37483,-0.074846,459.95,0.583718,507.083
1,mu+,0.109182,0.0544488,12.4075,0.0445178,459.95,0.481291,392.087
2,mu+,3.04464,0.0149631,19.7669,0.0683792,1099.98,0.479949,390.743
1,pi-,3.94866,0.0143376,7.7626,0.157584,459.95,0.954485,837.957
2,pi-,10.9374,-0.0319501,12.1553,0.1511,1099.95,0.953441,836.33
1,pi-,-12.4318,0.0713414,-10.8091,-0.244352,459.95,1.49686,1385.18
1,pi+,19.4229,-0.0825659,4.03655,-0.150024,459.95,0.313381,243.851
1,pi-,-14.6147,-0.123636,9.31411,0.0212465,459.95,0.353634,260.772
1,pi-,2.55137,0.0583978,-14.1054,-0.091983,459.95,0.210648,135.608
1,pi+,-7.75224,0.0464878,12.8296,0.170076,459.95,0.546663,451.536
1,pi+,10.73,0.0847471,-0.181084,-0.043192,459.95,0.922099,797.87
2,pi+,15.8878,0.0518192,0.382248,-0.0775411,1099.95,0.920627,796.235
1,pi-,-6.48512,0.0188367,-13.3577,-0.158438,459.95,0.36255,280.406
1,mu+,-9.82059,-0.168237,-16.4422,-0.0975994,459.95,0.370072,325.556
1,mu-,3.48569,-0.0511337,15.3575,0.151558,459.95,0.256368,214.455
1,mu+,10.5807,0.0441323,4.86683,0.00455175,459.95,0.155037,87.1327
2,mu+,6.7832,-0.0311194,-5.73239,-0.0169182,1099.95,0.154433,84.7824
3,mu+,-3.43985,-0.0356208,-8.65671,-0.0050027,1769.95,0.151847,82.7962
1,pi+,3.09363,0.187383,12.2855,0.0826455,459.95,1.50622,1386.9
1,pi+,9.80859,0.0555023,-1.14262,0.0115804,459.95,0.192002,104.478
1,pi+,-4.67907,-0.112452,-6.57796,-0.0861699,459.95,1.22435,1100.82
2,pi+,9.95108,0.0354728,4.47275,-0.137419,1099.95,1.22278,1099.3
1,pi-,-8.60351,-0.0591243,-17.0246,0.0065491,459.95,1.32461,1193.7
1,pi-,-6.39212,-0.111986,6.34709,0.0426167,459.95,0.898656,777.719
2,pi-,-13.6377,-0.114977,10.9392,-0.039655,1099.95,0.896781,776.119
3,pi-,19.9525,0.0515816,-4.39753,0.157209,1769.95,0.689017,582.648
1,pi+,-6.91613,-0.0906538,-3.76041,-0.018579,459.95,0.344485,243.461
2,mu+,-7.1401,0.0332275,7.14373,0.0363726,1099.95,0.277059,194.928
3,mu+,-4.82855,-0.044671,-7.22216,0.018311,1769.95,0.275833,193.632
1,mu-,10.7172,0.251714,-11.3324,-0.0890954,459.95,0.629209,585.981
1,pi+,0.555116,-0.0635638,-1.43843,-0.0559561,459.95,0.68831,567.835
2,pi+,-5.98037,0.0426302,9.41471,0.0723039,1099.95,0.686914,566.387
3,pi+,-10.823,-0.087718,-10.1686,0.0659353,1769.95,0.607404,493.249
1,pi-,11.9238,0.148197,2.54796,0.0790546,459.95,0.508646,413.975
1,pi+,-5.06935,-0.0293779,-10.4234,-0.0326339,459.95,0.274517,171.504
2,mu+,-6.72939,-0.0167134,-13.6036,-0.0101281,1099.95,0.250748,167.142
3,mu+,-6.7939,0.000634778,-12.2456,-0.0167147,1769.95,0.249465,165.776
1,pi-,4.50919,-0.0349791,0.533492,0.182243,459.95,2.13822,2011.22
2,mu+,6.24962,0.0425998,-3.10985,0.0804102,1099.95,0.656536,565.522
3,mu+,7.57696,-0.0644687,-18.4745,0.0740536,1769.95,0.453544,370.268
1,mu-,0.0297037,0.0138166,6.91075,0.0180594,459.95,0.282433,196.746
2,mu-,-3.92783,-0.00735814,6.24679,-0.0186039,1099.95,0.280859,195.084
3,mu-,1.63332,-0.0124024,7.39936,0.0138896,1769.95,0.279052,193.307
1,pi-,3.14295,0.0214561,16.4769,0.127565,459.95,0.651256,538.919
2,pi-,12.6219,0.135168,-1.0204,-0.0256962,1099.95,0.488269,386.564
1,pi+,-2.63096,0.104535,10.1363,0.26695,459.95,1.04276,950.85
1,mu-,13.6645,0.177391,-13.9083,-0.095874,459.95,0.90937,831.772
1,pi+,10.1956,0.11086,-12.0508,-0.188172,459.95,1.30555,1191.46
1,pi-,-4.98279,-0.0587811,0.73299,0.0684816,459.95,0.183713,108.17
2,mu-,-18.2021,-0.0373173,4.88469,-0.0211216,1099.95,0.147368,80.6732
1,mu+,15.9739,0.0277661,1.75842,-0.0877019,459.95,0.240371,172.558
1,mu+,1.21964,-0.125837,-17.5718,0.00664711,459.95,0.343105,274.82
1,mu-,2.17385,0.0300714,-7.17874,-0.0126435,459.95,0.254488,171.816
2,mu-,2.95531,0.0220054,-11.7058,-0.024355,1099.95,0.251088,168.725
3,mu-,1.64708,-0.000471918,-10.3293,-0.0344647,1769.95,0.249468,167.446
1,pi+,-2.19061,-0.110028,-13.0364,-0.0545243,459.95,0.382285,285.519
1,pi+,-13.2334,-0.0354705,6.42296,0.139017,459.95,0.389224,298.104
1,mu+,3.04915,-0.00735647,6.66983,0.0129869,459.95,0.120749,55.4837
2,mu+,5.6674,0.0142173,10.1041,0.00357553,1099.95,0.117777,53.244
3,mu+,10.4319,0.017174,10.7523,0.000321948,1769.95,0.113952,50.6866
1,pi-,-11.1916,0.027696,-2.10652,0.371997,459.95,0.691237,658.2
1,pi-,2.67124,-0.00138819,-3.17581,0.0241413,459.95,0.63427,510.324
2,pi-,0.174638,0.00974254,-5.36449,-0.0208733,1099.95,0.632464,508.52
3,pi-,2.09024,-0.0224559,1.62697,-0.0100245,1769.95,0.630919,507.07
1,pi-,15.6429,0.0526698,5.61274,0.00381039,459.95,0.241884,144.642
1,mu+,2.69111,-0.0449733,-8.58116,-0.0326849,459.95,0.676891,581.681
2,mu+,0.210557,0.0381021,-0.865173,0.0400164,1099.95,0.675474,580.259
3,mu+,4.53967,-0.0461078,-18.8928,0.0171697,1769.95,0.674454,578.793
1,pi+,9.90854,-0.00588392,-7.151,-0.0813866,459.95,0.378745,272.235
2,pi+,5.40678,0.0672421,2.21624,0.0485485,1099.95,0.376905,270.814
1,pi-,-10.8009,-0.0839931,-14.9337,-0.257865,459.95,0.536047,477.175
1,pi-,-10.0921,-0.0241626,-10.8632,-0.119805,459.95,0.924414,803.276
1,pi-,9.71871,0.314239,-8.71528,-0.116775,459.95,1.33729,1246.15
1,mu+,8.02474,0.0300241,-7.74251,0.0138914,459.95,0.146809,78.2192
2,mu+,6.93381,-0.00121835,-1.53751,0.0301425,1099.95,0.144757,76.0789
3,mu+,17.8483,0.0272675,6.46943,-0.00206766,1769.95,0.143116,74.324
1,pi+,18.5878,0.225364,6.3515,-0.0277611,459.95,0.473625,403.9
2,pi+,-6.57495,-0.151391,-12.8202,-0.0294957,1099.95,1.28721,1164.33
1,pi+,-3.76262,0.00840214,6.63233,0.0872456,459.95,0.407923,300.388
2,mu+,-7.37035,-0.0286599,8.86022,0.0348134,1099.95,0.345982,258.897
3,mu+,0.303453,0.0450024,26.3493,0.00474972,1769.95,0.344677,257.678
1,mu+,6.79539,-0.0769035,2.65616,0.0247559,459.95,0.309581,231.285
2,mu+,0.402125,0.0140248,19.7984,0.0777376,1099.95,0.308098,229.495
3,mu+,-15.4863,-0.0834034,-3.42422,-0.00330623,1769.95,0.112207,69.6162
1,pi-,17.6066,-0.036084,-6.74998,-0.0500211,459.95,0.319422,214.427
1,mu-,17.8313,0.118234,-8.66826,0.0609,459.95,0.184767,145.321
1,pi-,-4.6364,-0.0741574,6.40851,0.0134744,459.95,0.661374,540.56
2,pi-,-0.63203,0.0751563,-4.35997,-0.00731461,1099.95,0.659607,538.856
3,pi-,-13.9293,-0.02545,15.2932,-0.0718367,1769.95,0.657072,536.471
1,pi-,-4.14554,0.180214,-12.7236,-0.118487,459.95,2.30803,2182.72
1,pi+,-3.69218,-0.0625516,-11.6283,-0.0327713,459.95,0.489913,374.707
2,pi+,-7.64508,-0.0440283,-17.7323,0.0558551,1099.95,0.488205,373.15
3,pi+,-8.15562,-0.0552774,-16.551,0.0433918,1769.95,0.486942,371.831
1,mu+,16.8469,0.0150109,5.75898,0.0801728,459.95,0.0951217,58.2456
1,pi-,-10.4074,-0.137859,15.6199,0.14221,459.95,0.529091,442.363
1,pi-,9.90701,0.119769,5.91716,0.0832618,459.95,1.26747,1143.88
2,mu-,3.85052,0.068302,6.64423,-0.0217314,1099.95,1.12839,1029.93
3,mu-,19.4965,0.0169387,25.1725,-0.090956,1769.95,0.840535,746.528
1,pi+,6.45523,0.233041,-0.867088,-0.153431,459.95,1.31904,1215.86
1,pi+,-0.171329,-0.0203435,-4.62946,-0.0976727,459.95,1.26123,1133.28
2,pi+,1.56028,0.0864462,8.80227,-0.0473217,1099.95,1.25993,1131.89
1,pi-,2.57881,-0.000875534,11.8392,0.0937228,459.95,0.399287,293.667
1,pi-,-7.05095,-0.0649023,-15.0711,-0.210422,459.95,0.524649,446.285
1,pi+,18.1287,0.109116,-7.73979,-0.192533,459.95,0.288905,250.201
1,pi-,5.53717,0.0690588,-2.16758,0.0222047,459.95,0.63167,511.39
2,pi-,-4.14871,-0.0515554,1.69847,-0.053601,1099.95,0.628088,508.122
3,pi-,15.2764,-0.0554022,3.26185,0.0510105,1769.95,0.626617,506.805
1,pi+,-2.8149,-0.15506,-10.2576,-0.0910058,459.95,0.766803,660.3
1,pi+,8.17634,0.0866668,-15.0321,-0.11486,459.95,0.0932595,81.5202
1,pi-,-6.55217,-0.0594476,-12.5962,-0.163592,459.95,0.444467,357.75
1,mu+,14.7015,0.0674937,-7.61761,-0.0021853,459.95,0.221506,148.878
1,pi-,14.7544,0.123335,-7.50833,0.0904631,459.95,0.719956,609.57
1,mu-,9.53372,0.00192828,-8.43459,-0.0780517,460.05,-0.0741693,45.2077
1,pi+,8.18788,-0.0945066,-5.98117,-0.26259,459.95,1.38041,1275.67
1,pi+,-13.8758,0.150516,9.27031,0.242114,459.95,2.45911,2339.94
1,pi+,1.42617,-0.000275922,-9.0467,-0.0463643,459.95,0.207981,115.157
2,mu+,14.1225,0.0517538,-11.5048,-0.025721,1099.95,0.201643,129.211
1,pi-,-1.73567,-0.2495,17.9254,0.106913,459.95,1.48784,1379.26
2,pi-,6.39632,0.0533782,3.56429,0.133664,1099.95,1.37119,1246.19
3,pi+,-37.6714,0.117917,37.6732,0.0213512,1769.95,0.252056,172.475
1,pi-,-15.4965,-0.076898,0.118254,-0.0271925,459.95,0.354715,250.244
1,pi+,7.577,-0.134741,18.4063,-0.0250759,459.95,0.447311,348.642
1,pi-,8.77091,0.047548,-13.6663,-0.0175553,459.95,0.394236,281.703
2,mu-,17.9452,0.0227878,-8.83004,0.0274338,1100.04,0.235949,155.315
3,mu-,18.1829,0.0289978,-21.1842,-0.00475435,1769.95,0.186761,110.921
1,pi+,12.727,0.173152,15.4249,-0.0873532,459.95,0.718735,617.841
1,pi+,-7.8811,0.0385343,10.8399,0.189691,459.95,1.52592,1404.89
1,mu+,-1.66173,-0.0258989,-6.34886,-0.118638,459.95,0.447706,370.104
1,pi-,0.317513,-0.0425891,4.4503,-0.0135018,459.95,0.206276,113.463
2,pi-,-5.06729,-0.0380846,12.5957,0.0285147,1099.95,0.203443,111.691
3,pi-,-25.4299,-0.00666723,3.98326,-0.0446926,1769.95,0.202165,110.214
1,mu+,-8.43056,-0.0142733,-5.52044,-0.0228301,459.95,0.103735,44.8397
2,mu+,-2.45093,0.0244916,-6.93144,-0.00947814,1099.95,0.100343,42.4026
3,mu+,-7.9388,-0.00354041,-11.1184,0.0185445,1769.95,0.0989112,40.2989
1,pi+,10.0524,0.0915725,11.6162,-0.0126594,459.95,0.326773,227.59
1,pi+,-7.74264,0.0194329,10.0903,0.315491,459.95,0.742795,679.659
1,pi+,-14.1507,-0.214755,11.9227,0.312935,459.95,1.27446,1197.5
1,pi-,13.1261,0.0702131,10.1081,0.0994453,459.95,0.297022,210.46
2,mu-,-9.3253,-0.0564156,9.43194,-0.0253394,1099.95,0.107865,57.5081
3,mu-,1.55692,0.0612614,-18.1168,0.00476316,1769.95,0.104962,55.4493
1,mu+,-0.775186,-0.0257372,-8.11993,-0.105172,459.95,0.322215,250.304
1,pi+,5.36739,0.0908404,4.2125,0.00756142,459.95,0.880988,757.051
2,pi+,12.1066,0.0650403,4.72809,-0.0585463,1099.95,0.879688,755.41
3,pi+,-18.2874,-0.0361842,-11.8129,0.0975239,1769.95,0.835571,713.94
1,pi+,-19.105,0.158729,-4.74585,0.13256,459.95,0.269076,227.375
1,pi-,3.01187,-0.0434235,9.66938,0.0595493,459.95,0.419984,309.092
2,pi-,-10.3633,-0.00781025,4.75835,-0.0729839,1099.95,0.418284,307.452
3,mu-,-7.04756,0.034793,-11.4738,-0.0610805,1769.95,0.415872,329.146
1,mu+,-3.29515,-0.0656115,-3.86412,0.0357674,459.95,0.412644,326.803
2,mu+,2.11049,0.0752667,9.15179,0.000198938,1099.95,0.410961,325.291
3,mu+,19.3244,0.0468439,0.180489,-0.0582902,1769.95,0.409324,323.646
1,pi-,9.36824,0.029619,4.18253,0.0163497,459.95,0.144001,63.8033
1,mu+,-11.3608,-0.00996192,5.18388,0.00871972,459.95,0.0450317,9.95619
1,mu+,12.7436,-0.0891072,6.13015,-0.0711546,459.95,0.164805,120.897
1,pi-,-0.954115,0.0143365,-7.31072,-0.0832073,459.95,0.884145,759.497
2,pi-,0.441488,0.0687608,-13.2239,-0.0450559,1099.95,0.882579,757.75
1,pi+,12.7087,-0.265808,15.1691,-0.160055,459.95,0.71292,650.37
1,pi+,11.2029,0.123068,6.27286,0.00554484,459.95,0.693369,578.355
2,pi+,9.50377,-0.115267,-12.4175,-0.051254,1099.95,0.690611,576.207
1,pi-,3.87498,-0.0589868,2.59477,0.19303,459.95,0.83466,730.417
1,pi-,-0.356767,0.101195,-5.82021,-0.13378,459.95,1.77509,1648.88
1,pi+,-0.0582543,0.0224649,1.87088,0.0414511,459.95,1.713,1579.75
2,pi+,4.6189,-0.0407806,-6.57507,-0.024225,1099.95,1.71154,1578.3
3,pi+,-10.4952,-0.017635,-1.4037,0.0431738,1769.95,1.71031,1577.06
1,pi-,2.38413,-0.00552591,-0.0224636,-0.0221039,459.95,0.418732,302.397
2,mu-,3.70687,0.00945535,-7.0513,-0.0126806,1099.95,0.294702,207.811
3,mu-,6.59712,-0.0130091,-2.59945,0.00269379,1769.95,0.29338,206.45
1,pi-,-8.21585,0.00398897,18.1097,-0.085052,459.95,0.316591,216.743
1,mu-,10.9257,0.00594151,-6.29165,-0.0539905,459.95,0.0826647,39.0738
1,mu+,2.98135,-0.0452991,-6.17827,-0.00108307,459.95,0.206256,130.474
2,mu+,0.165807,-0.0298226,-16.4606,-0.0400399,1099.95,0.201242,127.053
3,mu+,-22.0901,-0.0220928,-12.6701,0.0431728,1769.95,0.199853,125.549
1,pi+,-18.5914,-0.0715,1.99389,-0.0147485,459.95,0.0618343,29.6425
1,pi-,4.88716,0.0359903,-6.3063,-0.0733343,459.95,0.779375,656.407
2,pi-,15.0995,0.0652168,-8.35589,0.0496248,1099.95,0.777311,654.412
3,pi-,-13.4638,-0.0265859,10.6341,-0.0809036,1769.95,0.775676,653.15
1,pi-,-14.0909,-0.0969942,5.51995,0.0407856,459.95,0.2558,170.244
1,pi+,16.7429,0.101151,9.34369,-0.00850341,459.95,0.388726,285.743
1,pi+,-5.39231,0.0868443,15.4481,0.127077,459.95,0.591902,487.74
1,mu+,-3.49268,0.0486774,8.73832,0.0571743,459.95,0.266106,190.339
2,mu+,-12.9953,-0.0552864,5.62478,0.047756,1099.95,0.264977,188.814
1,pi+,14.6291,0.160258,0.516837,-0.000936105,459.95,0.519157,421.4
1,pi-,-3.8468,-0.00523365,-3.12769,-0.0830978,459.95,0.96528,839.295
2,pi-,-7.99763,0.00836438,-4.34833,-0.0830175,1099.95,0.963683,837.735
3,pi-,27.4312,-0.00207314,-1.87212,0.0811587,1769.95,0.962527,836.406
1,pi+,-5.67396,-0.101395,8.50288,0.0510579,459.95,0.42296,320.064
1,pi+,18.9955,-0.0627553,5.77112,0.0805068,459.95,0.115736,68.5024
1,pi+,-13.2313,-0.0261571,12.9024,0.196755,459.95,1.09999,986.865
1,pi-,10.1153,0.128513,-0.935928,0.0253787,459.95,0.729388,614.516
1,pi+,-11.2099,-0.135292,-16.4812,-0.0835392,459.95,0.694002,585.964
1,pi+,5.21686,0.0291043,-3.51812,-0.108525,459.95,0.764762,645.901
2,pi+,-5.493,-0.115748,-13.7424,0.00917522,1099.95,0.762673,644.414
3,pi+,-28.9617,0.0831619,43.0206,0.197546,1769.95,0.352715,296.122
1,pi-,1.7921,-0.0287191,0.0976342,0.048911,459.95,0.672319,549.422
2,pi-,-3.91342,0.0254147,-6.94571,-0.0555893,1099.95,0.670157,547.689
3,pi-,5.06005,-0.0625006,10.6528,-0.00812999,1769.95,0.667985,545.745
1,pi+,17.6038,-0.0402016,-9.25793,0.127534,459.95,0.464016,363.094
1,pi+,1.83769,-0.0505802,-5.12733,-0.146869,459.95,1.80123,1673.73
1,pi-,15.6276,0.0360155,3.26608,0.0826829,459.95,0.464194,353.471
1,pi+,-18.7626,-0.115482,4.9335,0.0731245,459.95,0.548892,443.049
1,pi+,-3.2934,-0.143414,-11.8948,0.0238649,459.95,0.517675,415.951
1,pi-,-14.1649,-0.0582503,2.64968,-0.0881195,459.95,0.607895,493.023
2,pi-,-3.64356,-0.032571,10.1795,0.0978686,1099.95,0.606849,491.607
1,mu+,0.815331,0.00180739,-2.24117,-0.0138448,459.95,0.0804311,27.8623
2,mu+,6.34465,0.0127657,-3.05041,-0.00110804,1099.95,0.072543,23.145
3,mu+,6.01922,-0.00746889,-4.72557,0.00786724,1769.95,0.0657345,19.251
1,pi-,14.0088,-0.0949106,12.5116,0.21515,459.95,1.12543,1018.61
1,pi-,-4.80836,0.0720165,-9.78117,-0.133687,459.95,2.83886,2706.77
2,pi-,8.15364,-0.190744,2.2786,0.121378,1099.95,0.35981,307.709
1,pi+,11.7939,0.0887771,-15.0831,-0.138467,459.95,0.652395,547.563
1,pi-,-15.6169,-0.087249,-4.37446,-0.302949,459.95,1.51528,1414.44
1,pi-,-7.61233,0.0538389,-13.8678,-0.14841,459.95,0.501487,404.391
1,pi+,-8.00297,-0.0692838,-3.80446,-0.0270756,459.95,0.604133,484.922
2,pi+,-0.792519,0.0625547,2.02074,-0.0419113,1099.95,0.602293,483.251
1,pi+,14.6104,0.152079,4.3773,0.0311675,459.95,0.619147,513.822
2,pi+,6.72922,-0.131749,17.6222,-0.00380997,1099.95,0.481853,379.115
1,pi+,-3.85157,-0.155633,-7.16074,0.00414082,459.95,0.201877,151.072
1,pi+,8.05796,0.0116285,-6.99012,-0.104416,459.95,0.293114,201.654
2,mu+,11.0379,0.0481705,2.73085,0.000394244,1099.95,0.187498,114.886
3,mu+,9.038,-0.04663,-17.1031,0.00229114,1769.95,0.185413,112.794
1,pi-,-9.3501,-0.0718249,-17.2794,-0.314591,459.95,1.23644,1145.88
1,pi-,-0.606298,0.0146684,-4.90852,-0.16997,459.95,0.817236,706.87
1,pi+,10.181,-0.297562,0.677773,0.156625,459.95,0.480347,463.163
1,pi+,-13.1565,-0.0957147,4.77987,-0.0844829,459.95,0.266665,187.369
1,pi+,-7.68427,-0.130968,-0.920697,0.00858303,459.95,1.79168,1662.32
2,pi-,2.87119,-0.00494767,11.9215,-0.156576,1099.95,0.483941,387.895
1,mu-,6.98068,0.0586311,3.10057,0.00531699,459.95,1.0997,1000.67
2,mu-,3.04781,0.0549359,-0.542218,-0.0279975,1099.95,1.09699,998.135
3,mu-,20.5261,-0.0318066,18.4382,0.049955,1769.95,1.09461,995.628
1,pi+,8.91865,0.0757565,-3.0456,-0.0922383,459.95,0.870252,749.848
2,pi+,13.5575,-0.0291362,-11.116,-0.113326,1099.95,0.869083,748.392
1,pi+,17.6671,0.13547,2.57089,-0.0498895,459.95,0.250164,181.214
1,pi+,1.99028,0.0738445,6.1585,0.0981512,459.95,1.15837,1033.63
2,pi+,-8.28633,-0.0286928,-1.62613,0.118569,1099.95,1.15677,1031.96
3,pi+,31.1763,0.0327903,26.9587,-0.0276304,1769.95,0.867789,740.416
1,pi-,1.3964,-0.0644761,19.7157,0.126367,459.95,0.316499,234.298
1,pi+,-5.34849,-0.122374,-18.038,-0.182097,459.95,0.613776,527.014
1,pi-,-2.91684,0.0936172,-5.60012,-0.0735666,459.95,2.17235,2040.51
2,pi-,10.0836,-0.0711527,14.663,0.0957487,1099.95,2.17008,2038.27
3,pi-,10.3868,0.333852,5.35527,-0.176298,1769.95,0.12342,281.44
1,pi-,6.62827,-0.0933446,6.56012,0.188387,459.95,1.40839,1291.25
1,pi+,-6.65674,0.0105705,16.1672,0.160129,459.95,0.605509,502.204
1,pi-,2.25214,0.0227695,-14.8576,-0.136089,459.95,0.654582,543.801
2,pi-,-14.1653,-0.139561,1.24494,-0.0088498,1099.95,0.496925,395.191
1,mu+,3.68045,0.143205,5.3352,-0.16023,459.95,1.58177,1494.14
3,mu+,3.67784,0.0361953,5.14568,-0.0879868,1769.95,0.28811,215.624
1,pi+,7.98201,0.395013,-13.9936,0.207904,459.95,0.938919,909.386
1,mu+,7.37312,0.0622482,1.31905,0.0412441,459.95,0.358099,275.096
2,mu+,1.69974,-0.0256732,3.44581,0.0728251,1099.95,0.355665,273.318
3,mu+,19.2448,-0.0172073,4.1841,-0.0776725,1769.95,0.279494,203.55
2,pi-,8.4289,0.0933136,13.4372,0.0446324,1099.95,0.229343,148.141
1,mu+,11.0988,0.0927253,4.20559,0.0161177,459.95,0.434392,351.198
1,pi+,-1.78996,-0.0297263,-4.69729,-0.019053,459.95,0.335685,225.684
2,pi+,-4.56255,-0.0276288,-8.24979,-0.0211934,1099.95,0.333824,223.928
3,mu+,-7.65942,0.0325657,9.08313,0.0141804,1769.95,0.311496,225.182
1,mu+,0.0268445,0.00143001,1.48755,0.00449587,459.95,0.210498,129.916
2,mu+,-0.476712,-0.00404579,1.86469,0.001444,1099.95,0.207894,127.584
3,mu+,-1.7854,0.0015342,3.64217,0.00453862,1769.95,0.205922,125.836
1,pi+,9.28645,0.0791985,-3.36389,-0.0891722,459.95,0.881144,760.495
2,pi+,15.404,-0.0100399,-9.84512,-0.119815,1099.95,0.87947,758.986
1,mu-,-19.0698,-0.125231,0.473309,-0.0532154,459.95,0.453612,379.566
1,pi-,-13.2356,-0.0145462,-3.75464,-0.106433,459.95,0.459044,352.101
1,pi-,13.6534,0.20107,-4.90084,0.0991103,459.95,1.56912,1451.61
1,pi-,2.30391,-0.116943,13.7178,0.138903,459.95,0.643668,543.627
2,pi-,7.71892,0.201564,-8.5019,-0.0306553,1099.95,0.54552,459.295
1,pi+,-7.72562,0.0887707,8.55655,0.14275,459.95,2.48235,2352.38
2,pi-,-19.9074,-0.512002,-1.92284,0.0262885,1100.03,0.169094,418.023
1,pi+,-4.28007,-0.313543,-10.9619,0.0480587,459.95,2.23355,2120.71
3,mu+,-32.2119,-0.0827145,-10.4935,0.0447986,1769.95,0.224327,159.549
1,pi-,16.7893,0.128325,5.84574,-0.258298,459.95,0.632218,569.207
1,pi-,8.91843,0.147095,-16.2268,-0.0779797,459.95,0.47864,386.067
1,pi-,-11.9862,-0.301376,-7.8418,-0.203756,459.95,0.30397,354.618
1,pi-,3.22299,-0.0877965,10.8735,0.0698813,459.95,0.715815,598.306
2,pi-,-7.76547,0.024794,-0.880139,-0.106553,1099.95,0.714553,596.659
3,mu-,38.2291,-0.179933,34.1236,0.0229787,1769.95,0.293639,255.3
1,mu-,5.54853,0.0123853,-1.57496,0.0657682,459.95,0.163823,100.45
1,pi+,-2.09512,-0.258249,-17.8687,-0.114295,459.95,1.43896,1333.46
1,pi+,-6.38762,-0.0498664,-1.27178,0.0125802,459.95,0.478921,361.917
2,pi+,-14.4882,-0.0350241,-0.138784,0.0370797,1099.95,0.474178,357.347
3,pi+,-16.4324,-0.0356844,2.61564,0.0349596,1769.95,0.472799,355.924
1,pi-,3.14477,0.0639971,-11.0216,-0.0625964,459.95,0.164952,94.3164
1,pi+,18.9638,0.0932291,-3.17651,-0.0460526,459.95,0.198749,124.614
1,pi+,14.8816,-0.0580957,-0.911634,0.0304935,460.05,-0.0521171,23.22
1,mu+,-2.58808,-0.0105173,-5.65546,-0.0959679,459.95,0.899154,804.815
2,mu+,-1.82572,-0.0716883,-12.6478,-0.066358,1099.95,0.897237,803.045
3,mu+,17.4953,0.120588,11.1731,-0.0648956,1769.95,0.800443,713.259
1,pi-,-5.71117,-0.0898689,10.4059,0.045632,459.95,1.19371,1066.49
2,pi-,5.38921,-0.0084567,6.51391,0.101004,1099.95,1.19226,1065.11
1,pi+,-1.55549,0.12366,15.8216,0.192733,459.95,0.745712,652.897
1,mu-,2.3341,0.0051324,1.54581,0.00660842,459.95,0.144041,73.1751
2,mu-,6.20586,0.010843,3.93026,0.0121099,1099.95,0.140746,71.0826
3,mu-,2.67564,-0.0138447,10.431,0.00295337,1769.95,0.138562,69.1659
1,pi+,4.50509,0.0406475,2.64356,-0.0324438,459.95,0.488456,371.089
2,pi+,11.4717,0.0301894,0.625397,-0.0417994,1099.95,0.486333,369.014
3,pi+,12.2303,0.0387726,-0.212571,-0.0343194,1769.95,0.484942,367.707
1,mu-,12.9271,0.0903099,-12.7487,-0.0504543,459.95,0.305232,233.505
1,mu+,-16.2802,-0.074712,-7.10297,0.0230962,459.95,0.402545,317.806
1,pi+,-4.91116,-0.107909,-6.36787,0.015404,459.95,1.0126,888.402
2,pi+,-4.46781,-0.109337,-12.5992,0.0043006,1099.95,1.01091,886.778
3,pi+,-23.0854,0.0256572,41.5728,0.0279249,1769.95,0.66296,538.983
1,pi+,2.63161,-0.00225175,-12.8668,-0.0956145,459.95,0.243738,157.137
1,mu-,10.0462,0.00888247,9.53911,0.0185211,459.95,0.0606341,17.8802
1,pi-,17.4849,-0.269936,-9.35922,-0.000486463,459.95,0.723886,645.513
1,pi+,6.85968,0.135006,3.83911,0.0270762,459.95,0.128573,94.8873
1,pi-,-9.5887,-0.32101,15.2774,0.104421,459.95,0.9253,855.222
1,mu-,17.8382,-0.0722875,-8.71671,-0.0396406,459.95,0.157598,101.217
1,pi-,10.6686,0.170893,-5.53529,0.0624866,459.95,0.648276,548.071
2,pi-,-12.3221,-0.122825,9.09346,-0.129933,1099.95,0.566209,470.382
1,pi-,-8.1625,-0.0722766,3.59581,-0.0423308,459.95,0.310233,210.773
2,mu-,-8.0548,-0.0586263,15.7913,0.073823,1099.95,0.22588,160.935
1,pi-,1.1152,-0.150564,-19.7304,0.177523,459.95,0.369254,318.701
1,pi+,-15.0336,-0.0266756,5.85783,0.0119208,459.95,0.152028,68.8665
2,pi+,-11.3242,0.00566943,2.75262,-0.0289019,1099.95,0.146619,64.9884
3,pi+,-18.1036,-0.0226767,-7.31278,-0.00809687,1769.95,0.144978,63.1077
1,pi-,-1.72161,-0.0695522,11.9103,0.0857856,459.95,0.250809,167.971
1,pi+,-19.5647,0.00127799,0.280523,-0.0823277,459.95,0.161405,89.1458
1,pi-,-18.1069,0.053325,8.24232,0.0171828,459.95,0.354256,245.289
2,pi-,-5.57137,0.0405087,14.8344,0.0620493,1099.95,0.271905,174.919
1,pi+,16.663,-0.0143397,-5.39906,-0.18052,459.95,0.589545,492.756
1,pi+,8.33473,0.014603,-10.5249,-0.223767,459.95,0.539495,461.113
1,mu-,-0.252209,-0.000331109,-1.60949,-0.0113446,459.95,0.29127,204.391
2,mu-,2.37458,0.00557271,-1.12487,0.0111875,1099.95,0.288382,201.725
3,mu-,-0.813056,0.00485451,-0.68551,-0.00954467,1769.95,0.287159,200.509
1,pi-,-3.08258,-0.0217843,-0.564194,-0.0238558,459.95,1.11758,987.155
2,pi-,-2.19462,-0.0357491,3.16436,0.00012446,1099.95,1.11598,985.67
3,pi-,-5.41778,0.0333123,-11.8524,-0.0179509,1769.95,1.1148,984.569
2,mu+,1.43736,-0.0955058,4.70201,0.0489411,1099.95,0.471835,389.627
3,mu+,1.10135,-0.0224853,12.4503,-0.0936004,1769.95,0.0887401,62.5828
1,pi+,-9.07262,-0.193035,-10.4109,0.111958,459.95,2.25906,2134.77
1,pi+,17.6509,0.248602,-8.74127,-0.188879,459.95,0.950176,870.278
1,pi-,3.56791,0.0383878,10.2324,0.109305,459.95,0.750395,632.436
2,mu-,4.45083,0.0325216,15.0383,0.0463608,1099.95,0.450241,360.269
3,mu-,-1.44639,-0.0104376,33.432,-0.0260603,1769.95,0.182472,107.056
1,pi-,15.6727,0.12101,-0.217134,0.347153,459.95,1.31383,1231.85
1,pi+,2.18231,0.0116002,19.6523,-0.273548,459.95,0.576773,513.966
1,pi-,-17.9872,-0.208847,-0.729365,-0.0815381,459.95,0.517555,441.471
1,mu+,-16.1165,-0.189538,-8.51701,-0.00550656,459.95,0.973162,891.418
1,pi+,-7.22371,-0.0593456,-10.6497,-0.0508475,459.95,0.246193,154.025
2,mu+,3.03948,0.0476896,-3.32864,0.00478508,1099.95,0.136123,73.1997
3,mu+,7.00586,-0.0410354,-25.4739,-0.0203423,1769.95,0.134597,71.4793
1,pi-,5.61232,0.198775,-14.8578,-0.0130944,459.95,0.861003,755.13
1,pi+,-7.63103,0.0946444,16.7229,0.114592,459.95,0.525264,423.875
1,pi+,-3.83472,0.187088,3.39111,-0.0367756,459.95,0.314599,253.884
1,pi+,3.001,-0.0432415,-7.19152,0.0452035,459.95,0.0888221,37.2976
1,pi-,1.01652,0.239662,-4.75557,-0.00465303,459.95,2.05337,1932.45
1,pi-,-2.95482,-0.0495674,4.29386,0.010583,459.95,0.66724,543.992
2,pi-,-1.47378,0.0497446,-3.27162,-0.0107717,1099.95,0.665608,542.416
3,pi-,-8.52629,-0.0237051,10.9027,-0.0445182,1769.95,0.664519,541.318
3,pi-,-50.9901,-0.238317,11.8853,-0.0330805,1769.95,0.380379,331.657
1,pi-,5.83939,-0.0844948,7.71525,0.127875,459.95,2.33094,2200.57
1,pi+,7.61343,0.0830719,-8.69533,-0.13525,459.95,1.29804,1175.56
2,pi+,-8.5883,0.0667883,-8.85052,0.0421611,1099.95,1.13204,1003.77
1,pi+,1.79766,0.0538158,4.93148,0.0570543,459.95,0.326534,224.099
2,pi+,12.0688,0.0721854,13.9813,0.0335032,1099.95,0.324103,222.17
1,pi+,4.60489,0.0406,8.22396,0.24481,459.95,0.985044,885.794
1,mu+,-1.04858,0.0819444,4.41182,0.127135,459.95,0.755657,672.197
2,mu+,19.2811,0.0822865,1.57563,-0.129697,1099.95,0.753402,670.467
3,mu+,0.519924,0.0608225,-7.18831,0.0307914,1769.95,0.610921,518.069
1,pi-,-7.42501,0.0466753,-14.4754,-0.180556,459.95,0.503903,415.562
1,pi-,8.36655,-0.0275683,12.8892,0.2609,459.95,0.900086,808.303
2,pi-,-10.4287,-0.168751,8.64112,-0.0463704,1099.95,0.687899,583.833
1,pi-,19.1433,-0.225989,5.45627,0.238217,459.95,0.775297,713.884
1,mu+,-7.58247,-0.0832342,-4.44984,-0.0329064,459.95,0.842594,748.238
2,mu+,-15.7903,-0.0642302,-4.56307,0.0625922,1099.95,0.841037,746.72
3,mu+,18.0049,-0.00136782,1.49026,-0.119,1769.95,0.722945,634.595
1,pi-,3.59437,-0.0726334,2.72094,0.101941,459.95,2.13244,2001.09
2,pi-,-0.779441,0.0358807,18.3506,-0.115502,1099.95,0.196132,129.829
1,pi+,10.252,0.219841,12.7347,0.0146987,459.95,3.04323,2914.82
1,pi-,10.9046,-0.0564461,15.2305,0.0679339,459.95,0.205778,124.296
1,pi+,-2.77597,-0.158983,13.2092,-0.2537,459.95,0.510428,468.423
1,pi+,6.40433,0.381342,18.5416,-0.0112578,459.95,0.540179,536.315
1,pi+,-17.2423,0.0184269,7.91638,0.325476,459.95,0.91182,838.78
1,pi-,-15.5444,-0.0530668,-6.88347,-0.119512,459.95,0.572711,464.231
1,pi+,-2.44232,-0.516325,-15.5487,-0.126114,459.95,1.82084,1762.39
1,pi+,11.2704,-0.0749354,-9.31522,-0.010288,459.95,0.288276,189.525
2,pi+,14.3853,0.0620424,6.44897,0.0290905,1099.95,0.287895,187.628
1,pi-,5.49688,0.033518,8.54625,0.210015,459.95,0.667087,574.373
1,pi+,-3.76831,-0.19014,-6.23941,-0.011759,459.95,0.688055,587.885
1,pi-,-13.5269,-0.0852534,4.07037,-0.053897,459.95,0.530844,418.505
2,pi-,-14.1438,0.09432,11.8258,-0.0218061,1099.95,0.529105,416.131
1,pi+,5.79305,0.0262853,-8.9075,-0.245051,459.95,1.26677,1158.48
1,pi-,17.8047,0.111163,1.1309,0.100487,459.95,0.679767,570.372
1,pi-,-7.10244,-0.119384,7.92588,0.0267411,459.95,0.474955,370.36
1,mu+,-18.7199,-0.103515,4.4168,-0.0568303,459.95,0.100885,82.1887
1,mu+,-8.74922,0.0440745,10.9907,0.0495948,459.95,0.241452,166.123
2,mu+,2.39171,0.065698,16.8632,-0.00113514,1099.95,0.239946,164.629
3,mu+,6.17794,0.0600809,17.677,0.0207907,1769.95,0.239062,163.333
1,pi+,5.90222,0.0674739,-12.7278,-0.315743,459.95,0.952711,876.001
1,pi+,-19.1124,-0.0664545,-1.0449,0.154986,459.95,0.520155,424.768
1,pi+,-15.3081,-0.159361,-11.3124,-0.00409649,459.95,1.14123,1021.16
1,pi-,2.90587,0.289831,-7.69349,-0.0774378,459.95,1.928,1816.61
1,pi+,18.2035,-0.149689,-7.8497,0.120608,459.95,0.51279,425.573
1,pi+,5.91639,-0.00789939,16.7666,0.0987348,459.95,0.272539,182.25
1,pi-,9.10692,0.0198469,7.009,0.0652527,459.95,0.425971,313.843
2,pi-,-0.815179,-0.0673286,15.9714,-0.0192781,1099.95,0.424015,312.285
3,pi-,-13.0192,-0.0411339,6.92119,-0.0579797,1769.95,0.422449,310.981
1,pi-,9.07478,0.0334839,4.01197,0.0598333,459.95,0.308976,206.33
2,pi-,2.78871,-0.0571532,18.5094,0.0396771,1099.95,0.306987,204.758
3,mu-,-3.34755,0.0861899,-14.2807,-0.0202838,1769.95,0.279295,205.805
1,pi+,-1.89253,-0.0761717,8.19523,0.212261,459.95,0.812002,714.643
1,pi+,-5.0133,-0.190771,-5.85467,-0.0581214,459.95,1.26449,1148.14
2,pi+,0.411878,0.0039777,-2.62696,-0.139647,1099.95,0.45222,353.886
1,pi+,7.93846,0.118151,17.6029,0.128367,459.95,0.306686,239.869
1,pi+,12.7833,0.0450949,0.58356,-0.0613901,459.95,0.342145,237.717
2,pi+,19.9874,0.069353,-0.708995,-0.0383188,1100.03,0.33966,236.098
1,pi-,3.17987,-0.324167,13.8344,0.156213,459.95,1.46305,1373.54
1,pi+,-10.9005,0.0079272,10.829,0.0655436,459.95,0.417608,305.666
2,pi+,1.40502,0.0348021,12.1145,-0.0558869,1099.95,0.414183,302.427
3,mu+,-24.0929,-0.0267424,2.30696,0.0380022,1769.95,0.23536,156.481
1,pi+,-4.18791,0.0492541,4.71951,-0.0494661,459.95,0.200395,114.419
1,pi-,10.5324,0.0940328,-4.8192,0.0864932,459.95,1.12469,1000.93
2,mu-,4.48946,0.0164953,4.14904,0.0585148,1099.95,0.767512,671.473
3,mu-,-18.8663,0.0236879,2.54158,-0.053023,1769.95,0.76659,670.355
1,pi-,-12.4821,-0.133641,-10.5206,-0.0725436,459.95,0.338967,257.293
1,pi-,2.37339,-0.290397,11.2551,0.0486229,459.95,0.995023,907.447
1,pi+,1.78922,-0.0775563,-16.5802,-0.11375,459.95,0.488569,386.865
1,mu-,9.40015,0.0275604,-1.24374,-0.00869574,459.95,0.0860433,33.6335
2,mu-,5.25288,-0.0103958,-11.7172,-0.0242204,1099.95,0.0815885,30.4113
3,mu-,0.367721,-0.0265639,-13.9776,-0.00744114,1769.95,0.0769714,27.9427
1,mu+,8.67577,0.0239972,-16.486,-0.104861,459.95,0.234568,173.192
1,pi+,6.00192,0.043352,-3.47374,-0.113243,459.95,0.899879,779.106
2,pi+,10.3963,-0.0390974,-10.4879,-0.115852,1099.95,0.897761,777.165
1,mu-,-8.53876,-0.0182626,-9.33698,-0.0877912,459.95,0.406241,323.569
2,mu-,7.43786,0.0384007,-11.156,0.0801483,1099.95,0.403717,321.014
3,mu-,-0.222312,-0.0598432,14.5678,0.0605991,1769.95,0.374292,292.476
1,mu-,-0.312646,-0.0289769,-12.5715,-0.0657283,459.95,0.214732,144.208
2,mu-,-1.46785,-0.0410232,-0.379088,0.0591592,1099.95,0.212368,142.226
3,mu-,8.93442,0.0745252,-7.83742,0.0290188,1769.95,0.103716,62.6178
1,mu-,2.9417,-0.0420013,19.2841,-0.114183,459.95,0.109295,89.0456
1,pi+,2.1904,-0.180432,-13.5833,-0.187477,459.95,0.894616,802.513
1,pi-,1.96854,0.0255355,-3.55689,-0.0812233,459.95,0.751456,629.465
2,pi-,13.1203,0.0576606,-4.55686,0.0599278,1099.95,0.75027,628.089
3,pi-,-16.7881,0.00353582,5.5447,-0.084707,1769.95,0.748926,626.953
1,pi+,-3.94656,-0.113973,-5.35472,-0.102806,459.95,0.44664,352.899
1,mu+,-6.01583,-0.117527,-18.3977,-0.0857639,459.95,0.3146,256.702
2,mu+,-6.26372,0.0480523,-14.412,-0.055212,1099.95,0.172578,109.526
1,pi-,17.9666,0.203351,-8.78646,-0.0734174,460.021,0.367697,309.231
2,pi+,-11.2025,0.0669782,2.23981,0.174356,1099.95,1.678,1554.55
3,pi+,44.4868,-0.0393801,-8.60871,-0.196072,1769.95,1.35682,1239
1,pi-,3.52203,0.129694,-9.72927,-0.0482615,459.95,1.60153,1473.97
2,pi-,-6.16873,-0.127598,15.3527,-0.0548416,1099.95,1.60004,1472.54
3,pi+,-17.8994,0.139613,-33.3765,-0.079374,1769.95,0.451112,359.202
1,pi+,0.139517,0.0052969,-11.2643,-0.0365983,459.95,0.166754,81.0064
1,pi+,4.13731,-0.277485,-14.6091,-0.109891,459.95,2.15561,2041.08
1,pi+,12.7355,0.124786,-5.55148,-0.149263,459.95,0.526675,438.977
1,pi+,-5.4654,-0.0420372,-9.86576,0.27947,459.95,0.651118,583.828
1,pi-,-15.1341,-0.0716239,10.4316,0.0642341,459.95,0.435241,327.517
1,pi-,7.24625,0.181591,-15.4083,0.0204629,459.95,0.445627,361.885
1,pi-,-18.5007,-0.211559,-6.27657,-0.109634,459.95,0.761476,670.431
1,mu-,13.67,0.0578212,2.63569,0.112873,459.95,0.541208,460.163
1,pi-,-6.4536,-0.0669152,12.1451,0.0515829,459.95,0.291001,194.046
2,pi-,-13.8017,0.0402283,-5.77935,-0.0729969,1099.95,0.289061,192.066
3,pi-,4.68683,-0.0749026,17.199,0.0279629,1769.95,0.288579,190.808
1,pi-,0.114617,0.0145488,-0.852615,-0.00751828,459.95,1.38697,1254.5
2,pi-,-1.67773,-0.0114604,1.14117,-0.0152295,1099.95,1.38542,1253
3,pi-,0.758036,0.0168398,-5.11855,-0.001292,1769.95,1.38421,1251.76
1,mu+,8.73326,-0.0533135,0.650763,0.451461,459.95,0.657622,700.747
2,mu+,-16.3705,-0.049562,-3.24691,0.0293591,1099.95,0.0396365,21.0418
1,mu-,-9.108,-0.11119,15.666,0.0240308,459.95,0.260509,197.606
1,pi-,6.78872,0.0992321,-13.9792,-0.0751103,459.95,0.481891,377.331
1,mu+,9.10703,0.0775607,11.5516,0.0717412,459.95,0.307446,236.173
2,mu+,5.02342,-0.0406532,6.52657,0.0631485,1099.95,0.23596,163.565
1,pi+,-6.73911,0.294212,-9.27139,-0.11214,459.95,0.589703,543.339
1,pi+,18.2701,0.113768,-8.11045,0.213104,459.95,0.604931,526.597
1,pi+,17.143,-0.239647,-10.0173,-0.0145849,459.95,0.629692,548.641
1,pi+,13.295,0.216497,11.7171,-0.0422554,459.95,3.04744,2919.03
1,mu-,-9.22701,-0.00318128,-3.51581,-0.119372,459.95,0.680828,593.592
2,mu-,8.09293,0.02974,0.698252,0.115468,1099.95,0.679322,592.094
3,mu-,-35.0654,0.108343,-32.3846,0.0308968,1769.95,0.298002,229.993
1,pi-,9.48566,-0.0319313,5.68556,0.126461,459.95,1.06755,944.939
2,pi-,18.2708,0.0185989,1.63318,0.132743,1099.95,1.06525,943.118
1,pi+,7.36179,0.00534147,-2.53244,-0.0568811,459.95,0.377089,266.558
2,pi+,3.33369,0.0425469,3.22453,0.0409067,1099.95,0.374719,264.63
3,pi+,24.34,0.0426733,1.57776,-0.0416379,1769.95,0.373084,263.203
1,pi+,8.68331,0.00726413,17.702,-0.113755,459.95,0.159494,101.077
2,mu+,-14.4864,-0.0478864,13.1396,-0.041689,1099.95,0.0835202,43.2381
1,pi-,-3.97735,0.00255384,-0.717508,-0.0820707,459.95,0.587094,469.446
2,mu-,-7.71565,-0.0690236,3.39935,-0.0280348,1099.95,0.429382,342.764
3,mu-,-19.9577,0.0219356,-23.0796,-0.0785645,1769.95,0.352181,270.969
1,pi-,7.03371,0.219551,-6.64785,-0.111051,459.95,1.03155,930.056
1,pi-,18.1,-0.115945,-4.3182,-0.0923683,459.95,0.333243,250.949
1,pi+,6.58665,0.0260258,3.12414,-0.000515471,459.95,0.132114,54.3667
2,mu+,11.3344,0.0156381,1.14796,0.00532766,1099.95,0.12466,58.5874
3,mu+,10.0059,0.0023985,2.11931,0.020079,1769.95,0.121796,56.8435
1,pi-,-5.69732,-0.0114619,3.36605,-0.00257158,459.95,0.154267,68.7947
2,mu-,-12.7577,-0.0161945,-4.35849,-0.0145603,1099.95,0.0876883,33.3638
3,mu-,-5.68342,0.0171021,-12.2314,0.00706407,1769.95,0.0844013,30.8319
1,pi+,-1.68603,0.230078,13.8149,0.0171799,459.95,2.38213,2257.78
1,pi+,-0.886491,0.0381266,-3.67549,-0.0220809,459.95,0.141407,63.9417
2,mu+,17.4698,0.0573432,9.10378,0.0238969,1099.95,0.104241,55.2426
1,pi+,8.66945,-0.00951491,8.69977,0.132327,459.95,0.607754,497.961
1,pi-,-3.53458,-0.0624174,-13.5011,-0.16381,459.95,0.663918,561.141
1,pi+,16.8333,0.0135417,-5.18188,-0.250002,459.95,2.43794,2315.16
1,mu+,-5.74082,-0.0278557,7.53654,0.0520977,459.95,0.206774,133.944
2,mu+,-18.2871,-0.0577888,4.71837,0.00966836,1099.95,0.204348,131.734
1,mu+,-9.33116,-0.0946825,-15.7708,-0.089887,459.95,0.393978,322.625
1,pi-,-8.32601,-0.199367,13.876,0.141198,459.95,0.735921,648.302
1,pi+,-12.4044,0.126013,15.4335,-0.12364,459.95,0.426386,342.561
1,pi-,-11.023,-0.117393,-1.43486,-0.0210055,459.95,0.733071,616.138
1,pi+,6.83568,-0.0364202,-18.7762,-0.137151,459.95,0.599644,492.244
1,pi+,-2.40475,0.114441,6.89501,0.098061,459.95,1.05546,935.695
1,pi+,-3.1152,0.0268282,10.8596,0.111808,459.95,0.513393,404.739
3,mu+,-19.5877,-0.0343326,-12.6486,-0.0198894,1769.95,0.0821715,33.9487
1,mu+,-1.21459,-0.0833649,-5.16922,0.0430869,459.95,0.75532,662.767
2,mu+,-0.546181,0.076277,7.44771,0.0566835,1099.95,0.753448,661.074
3,mu+,27.69,-0.0154603,-14.5832,0.0335493,1769.95,0.418631,327.678
1,pi-,-10.8989,-0.227663,14.4501,0.0521092,459.95,0.507216,436.011
1,pi-,-6.10493,0.111926,-3.0892,-0.172531,460.05,-0.128161,140.071
1,mu-,0.40014,0.0116048,8.24041,0.0707445,459.95,0.187473,121.166
2,pi+,11.5005,0.087695,-15.451,0.270126,1099.95,0.847113,764.719
1,pi+,-2.27825,-0.128927,-12.0615,-0.00988893,459.95,0.455932,354.468
1,pi-,-4.12711,-0.0779081,18.7472,0.0934796,459.95,0.543487,434.595
1,pi-,-18.9407,-0.135677,2.40092,-0.0394284,459.95,0.758478,644.477
1,mu-,-6.34705,0.0526247,-6.91128,-0.204119,459.95,1.03494,955.806
2,mu-,-8.2299,0.0903149,-16.8448,-0.164425,1099.95,0.955786,874.078
3,mu-,-10.4604,-0.0032079,-32.0193,-0.0223408,1769.95,0.198272,120.139
1,pi+,18.8861,0.0604091,6.43691,-0.319715,459.95,0.688215,634.371
2,pi+,10.6442,0.210094,10.2198,0.189652,1099.95,0.412988,380.185
1,pi-,12.4555,0.234235,-15.5946,0.0617334,459.95,0.38076,332.802
1,pi-,4.87237,-0.0175177,13.3047,0.232916,459.95,1.3182,1206.42
1,mu-,-8.31892,0.00599186,-0.0786133,-0.0240925,459.95,0.327277,239.147
2,mu-,-7.03308,0.0146304,-3.85006,-0.0182305,1099.95,0.32568,237.529
3,mu-,1.79246,-0.0095136,1.43208,0.0217427,1769.95,0.324441,236.378
1,pi+,-2.16839,0.140993,9.6781,0.0564258,459.95,0.702096,592.196
2,pi+,4.49247,-0.101584,-12.0998,-0.113453,1099.95,0.70042,590.676
1,pi+,19.0277,0.474539,3.76874,-0.214352,459.95,1.83533,1773.3
1,pi+,-1.8293,-0.210025,-12.3295,-0.00222279,459.95,2.2425,2117.06
1,pi+,-3.10741,-0.00137102,4.45341,-0.109889,459.95,0.468171,361.171
2,pi+,-4.16996,-0.0734972,-14.514,-0.0752264,1099.95,0.467037,359.093
1,mu+,-4.80244,-0.00444648,-13.243,-0.0283152,459.95,0.137214,69.8769
2,mu+,-14.6844,-0.0136228,-8.5906,0.02946,1099.95,0.133407,67.589
3,mu+,-2.28013,0.00549261,-6.59853,-0.0333366,1769.95,0.130618,65.7066
1,pi-,-18.2034,-0.1423,0.304252,0.0236985,459.95,0.454016,356.835
1,mu+,5.71522,0.0140853,-13.517,-0.127558,459.95,0.4981,419.448
2,pi-,16.7064,-0.256649,9.27118,-0.0398145,1100.05,-0.145249,189.11
1,pi-,-8.6019,-0.159891,0.180402,-0.218626,459.95,1.38154,1275.18
1,pi+,-9.51538,0.0913753,10.5348,0.22686,459.95,1.08546,981.817
1,mu-,9.23623,0.220283,-16.6581,0.0101274,459.95,1.0804,1002.07
1,pi+,-2.92213,-0.0301673,-1.34278,0.00158404,459.95,0.618621,495.318
2,pi+,1.22272,0.0190739,0.0183959,-0.0256596,1099.95,0.610935,487.92
3,pi+,-6.58786,0.0303955,2.45094,0.0199907,1769.95,0.609164,486.437
1,pi-,9.7549,0.169629,1.13058,0.0916834,459.95,0.80305,698.015
1,mu-,18.8548,0.0607018,6.67067,0.0201282,460.038,0.0884948,46.2787
1,pi-,-2.25928,-0.036346,3.4069,0.047086,459.95,0.613584,492.493
2,pi-,-1.11528,0.0582187,-4.36677,-0.0101524,1099.95,0.612074,490.99
3,pi-,-11.0662,-0.00653932,7.42178,-0.0590093,1769.95,0.610693,489.676
1,pi+,0.264931,0.00315288,-2.4474,-0.0301063,459.95,0.737661,611.789
2,mu+,-3.36325,-0.0219448,-5.56135,-0.0124294,1099.95,0.656121,559.392
3,mu+,-1.34004,0.0176328,2.5009,-0.0183784,1769.95,0.654795,558.096
1,pi-,-9.55902,-0.0728559,-6.1109,-0.242438,459.95,0.784184,696.198
1,pi+,3.26071,0.116625,16.9007,0.0923608,459.95,0.425584,332.376
2,pi-,-5.19808,0.0107627,-13.0412,0.0377954,1099.95,0.185533,95.9008
3,pi-,-20.6772,-0.0040311,-11.1365,-0.0360163,1769.95,0.184265,94.4101
2,pi+,-4.76238,0.111875,-13.9456,0.310318,1099.95,1.67954,1577.74
1,pi-,-6.39473,-0.0561686,4.75314,-0.0313561,459.95,0.838886,713.277
2,pi-,-10.0423,0.00898144,-0.298413,-0.0615288,1099.95,0.837686,711.937
3,mu-,18.9587,-0.0023582,1.91299,0.0304363,1769.95,0.682965,586.105
1,pi+,10.5812,-0.0416811,-4.56755,-0.129521,459.95,2.49811,2366.13
2,pi+,-15.9452,-0.042113,0.111631,0.130643,1099.95,2.49629,2364.39
3,pi+,-7.67835,-0.164793,33.1144,0.0487897,1769.95,2.24701,2118.32
1,pi-,-1.95572,-0.357888,14.9583,0.0402009,459.95,1.45128,1362.23
1,pi+,-2.01918,-0.0440762,-8.85634,-0.105022,459.95,0.258624,175.61
1,pi+,1.93782,0.0155488,1.25933,-0.0181221,459.95,0.493653,373.99
2,pi+,5.22417,0.0133421,0.238376,-0.0213992,1099.95,0.49185,372.321
3,pi+,4.94434,0.0200869,0.695978,-0.014897,1769.95,0.489873,370.411
1,pi-,3.07015,-0.102127,12.3791,0.320475,459.95,1.83271,1728.97
1,pi+,-10.7865,-0.245214,-9.69855,0.141022,459.95,1.40407,1299.49
1,mu+,-0.817469,0.00702798,9.59796,0.055645,459.95,0.20392,130.758
1,pi-,13.1246,0.119519,-9.73528,-0.0584189,459.95,0.197052,136.124
1,pi-,-7.43599,0.171561,-18.2215,0.268717,459.95,0.454857,433.157
1,pi-,9.42062,0.207657,-5.14714,0.0412804,459.95,0.962993,856.251
1,pi-,4.58319,0.415533,-14.0246,-0.244164,459.95,4.40589,4294.8
1,pi+,11.9601,0.213035,13.5981,-0.0315714,459.95,1.02779,919.772
2,mu+,-13.4611,-0.129742,-0.0430809,0.131172,1099.95,0.509143,446.092
1,mu-,-5.19681,-0.0415711,7.54501,0.0427215,459.95,0.287878,206.736
2,mu-,-10.0611,0.031587,-4.94065,-0.050939,1099.95,0.286146,205.204
3,mu-,-0.0553252,-0.0593663,12.6789,0.00737897,1769.95,0.284732,203.881
1,pi+,-4.86845,0.056833,10.8977,0.113276,459.95,1.0098,887.679
2,pi+,-11.9198,0.0470116,12.9513,0.116201,1099.95,1.00846,886.189
1,pi-,-4.9059,0.0204865,1.02508,-0.0365641,459.95,0.549729,429.146
2,mu-,-0.661501,0.00258545,3.3796,-0.000755012,1099.95,0.423115,330.457
3,mu-,-1.55044,0.00391529,2.81459,-0.00213252,1769.95,0.421432,328.839
1,pi-,-4.49157,-0.0677044,13.6091,0.147981,459.95,0.519959,422.853
1,pi+,-19.2289,-0.284653,3.38436,0.316738,459.95,3.40397,3293.78
1,mu+,2.94045,-0.147006,0.630729,-0.182895,459.95,0.339189,320.105
1,mu-,7.52462,-0.0120992,18.1993,0.116758,459.95,0.614227,528.548
2,mu-,-5.09891,-0.0301645,8.97848,-0.0610192,1099.95,0.185695,118.573
3,mu-,22.1624,0.0189815,0.602385,0.0636487,1769.95,0.184622,117.188
1,pi+,11.3577,0.128026,5.40642,0.0290636,459.95,0.663896,551.424
2,mu+,1.1854,-0.0438719,8.12463,0.0729057,1099.95,0.464341,378.094
3,mu+,-4.27713,0.00706883,46.6011,0.0115188,1769.95,0.10279,42.3687
1,pi-,-11.3386,-0.0845505,-6.69835,-0.0570305,459.95,0.556907,443.548
1,pi+,0.223934,0.00776462,10.0252,0.103406,459.95,0.724207,605.217
2,pi+,15.1114,0.0660255,11.1473,-0.0799071,1099.95,0.722713,603.759
3,pi+,-22.1062,0.0233086,3.52021,0.101038,1769.95,0.721489,602.574
1,mu+,-2.98153,-0.073577,18.5745,0.155168,459.95,0.255541,219.85
1,pi-,-4.79195,-0.114178,2.34423,0.0321366,459.95,0.98724,864.518
2,pi-,-3.68997,-0.117389,8.60448,0.0236365,1099.95,0.98552,862.961
1,mu+,-4.16259,-0.00566462,-6.64214,-0.0322494,459.95,0.0938565,39.4097
2,mu+,6.01719,0.0264599,-10.2262,-0.0139432,1099.95,0.0898711,36.2393
3,mu+,3.37192,-0.0255685,-27.1694,-0.015511,1769.95,0.0856753,33.6193
1,pi-,-11.2898,-0.0514719,1.42863,0.146262,459.95,0.559679,457.726
1,pi-,3.30125,-0.200638,18.6399,-0.212043,459.95,0.331977,324.01
1,pi-,-14.0337,-0.208011,-9.43317,-0.306197,459.95,3.74343,3624.7
1,mu+,8.42375,0.0411477,14.6278,0.0457082,459.95,0.202971,131.287
1,pi-,15.9408,0.153053,3.38264,0.194894,459.95,0.558257,486.96
1,mu-,1.82032,0.00359372,-18.3576,-0.0176663,459.95,0.0392379,8.48259
1,pi-,6.9789,0.230209,-15.0305,-0.0743655,459.95,1.76479,1647.19
1,mu+,5.00348,0.0937609,-0.91108,-0.0350676,459.95,0.353977,277.074
2,mu+,6.25549,0.0743229,6.20227,0.0669356,1099.95,0.351754,274.997
3,mu+,22.3061,0.00753322,7.05995,0.0481822,1769.95,0.209634,134.109
3,pi+,-11.5945,0.00375205,36.0847,0.165668,1769.95,0.283492,217.231
3,pi+,-1.7508,0.226329,27.6566,-0.0120582,1769.95,0.417067,355.197
3,pi-,-20.9609,-0.167506,32.9379,0.113741,1769.95,0.345514,284.523
1,pi+,5.9535,-0.0550895,-12.0575,-0.174618,459.95,0.45211,367.785
1,mu-,-0.019087,-0.0259932,2.4028,0.0239166,459.95,1.05529,955.5
2,mu-,2.02627,-0.0153281,3.05781,0.0287202,1099.95,1.05353,953.659
3,mu-,-10.7494,0.00514832,-1.32589,-0.0319517,1769.95,1.05188,952.007
1,pi+,-2.26399,0.185103,13.507,0.119152,459.95,0.833619,733.849
1,mu+,17.1344,0.0535954,2.49926,-0.0208683,459.95,0.228588,152.651
2,mu+,11.4881,-0.052355,-7.42884,-0.0209157,1099.95,0.226879,150.888
3,mu+,-1.60248,-0.0560563,-9.00645,0.00328776,1769.95,0.225302,149.445
1,pi-,-3.0862,-0.0862079,15.4552,-0.341769,459.95,0.156471,270.552
1,pi+,-2.89858,-0.0211044,-0.00912805,0.147732,459.95,2.08876,1959.16
1,pi-,2.69349,0.0920825,-9.79022,-0.00360866,459.95,0.307663,210.613
2,pi-,15.3041,0.0031173,7.52414,0.0912913,1099.95,0.305959,208.905
1,mu-,-15.6914,-0.127164,4.707,-0.0948212,459.95,0.390873,329.206
1,pi+,-9.79667,-0.0993214,-3.23487,0.120416,459.95,1.39558,1271.63
2,pi+,13.5812,-0.0956778,-14.0007,-0.121347,1099.95,1.39412,1270.02
1,pi-,13.3184,-0.297393,-1.58911,-0.237263,459.95,1.23582,1161
1,pi+,5.73168,-0.0656755,-10.4083,-0.15727,459.95,0.571431,472.852
1,pi+,14.901,0.138906,4.18452,-0.203627,459.95,1.09872,995.077
1,pi+,-17.741,0.215685,9.19559,0.36513,459.95,0.872978,840.945
1,pi+,6.43249,-0.0492143,-15.1359,-0.151145,459.95,0.85241,738.695
1,pi+,6.70851,-0.00590044,-10.9164,-0.122606,459.95,0.333295,242.048
1,pi+,-2.2771,0.0369409,3.82047,0.0807102,459.95,0.955323,829.966
2,pi+,-4.67205,0.0607419,8.06779,0.0673661,1099.95,0.952956,827.814
3,pi+,31.2255,0.00873131,-14.6407,0.026979,1769.95,0.696968,571.8
1,pi-,-0.529839,-0.0677124,5.36769,0.0467461,459.95,1.11909,991.183
2,mu-,8.2731,-0.0567203,8.82551,0.0839445,1099.95,1.01556,920.398
3,mu-,-20.732,0.0870478,-20.086,-0.0663325,1769.95,0.866279,773.876
1,pi-,-4.24015,-0.127631,19.5441,0.000730493,459.95,0.432571,332.54
1,pi-,14.2629,0.0881221,11.0104,0.312323,459.95,0.966797,889.744
1,mu-,-7.37112,-0.032779,-7.24689,0.127201,459.95,0.496017,418.222
2,mu-,-7.39435,-0.108541,11.5684,0.0864253,1099.95,0.448017,375.105
1,pi+,-14.3956,-0.0733803,-13.7424,0.203131,459.95,0.404691,339.911
1,pi+,-9.04613,0.0654509,-14.1646,-0.0195675,459.95,0.13027,63.2026
1,mu-,-19.34,0.175057,-2.74465,-0.0170119,459.95,0.16621,158.394
1,pi-,-4.53536,-0.0916899,3.62625,-0.0300012,459.95,0.968656,843.833
2,pi-,-7.84729,-0.0833021,7.47816,-0.0459905,1099.95,0.967193,842.263
3,pi-,2.67632,0.0821504,-51.1744,-0.0520556,1769.95,0.690817,571.883
1,pi+,-2.31649,-0.0376272,8.62583,0.168096,459.95,0.672626,568.651
1,mu+,-1.4138,0.0264784,-4.20905,0.0220426,459.95,0.298328,212.697
2,mu+,3.90551,-0.00229254,-10.0274,-0.0303225,1099.95,0.296762,210.816
3,mu+,-7.36644,0.0160216,-5.57691,0.0259783,1769.95,0.295365,209.518
1,mu+,-3.32612,-0.0731869,-14.6604,-0.136979,459.95,0.350825,292.288
2,mu+,12.7858,0.132301,-1.96701,-0.0275446,1099.95,0.257338,203.612
1,pi+,-19.6476,0.107672,2.60699,-0.0947805,459.95,0.307221,227.092
1,pi+,17.0475,0.174244,4.94505,-0.0732396,459.95,1.10491,990.045
1,pi+,2.11272,-0.0114135,-2.39913,-0.0556251,459.95,0.979134,851.09
2,pi+,4.90708,-0.0173822,-3.42095,-0.0536447,1099.95,0.975084,847.065
3,pi+,-18.9485,0.0102719,3.34631,0.0562387,1769.95,0.973645,845.687
1,pi-,-2.49915,0.0316588,-10.1174,-0.0895554,459.95,0.478956,368.27
1,pi+,-3.95453,-0.0509955,1.48812,0.0502109,459.95,0.633283,512.848
2,pi+,6.2642,0.0224966,1.23341,-0.0690818,1099.95,0.631672,511.404
3,pi+,-12.4013,0.0669499,10.6942,0.0276065,1769.95,0.628705,508.499
1,pi-,13.6533,0.190873,5.56397,0.0343733,459.95,0.794333,689.923
1,pi-,-13.6999,0.09853,-14.5117,-0.0386154,459.95,0.432803,327.332
1,pi+,9.57901,0.0440504,-1.18402,-0.112742,459.95,1.02417,901.128
2,pi+,15.1226,0.0609716,3.83444,-0.104603,1099.95,1.02257,899.561
3,mu+,0.726353,0.00170628,-20.702,0.0640129,1769.95,0.687878,593.226
1,pi+,3.6349,0.0352337,-0.59839,0.023688,459.95,0.195736,104.551
2,pi+,14.6225,0.0434625,4.21462,-0.00726496,1099.95,0.192247,102.051
3,pi+,13.0382,-0.0454307,-16.918,-0.00596341,1769.95,0.189829,100.46
1,mu-,3.49384,-0.010337,3.85217,-0.00414395,459.95,0.0623129,17.5107
2,mu-,-0.685028,-0.00587591,6.16414,0.00884783,1099.95,0.0504639,11.9131
3,mu-,4.12243,0.0106438,9.30862,0.00675309,1769.95,0.0329,5.71691
1,pi+,-1.83423,0.0485384,-19.6462,0.433561,459.95,0.738665,729.588
1,pi-,-7.04714,-0.172412,7.76234,0.0447084,459.95,1.71529,1590.58
1,pi-,17.8132,0.145609,-7.62533,0.0698426,459.95,0.583299,481.556
1,pi-,-4.96817,-0.167324,7.71655,-0.0696379,459.95,1.08862,972.826
1,mu-,-7.91786,-0.159689,10.4986,0.0351388,459.95,0.481946,414.121
2,mu-,-8.59031,0.00961919,17.1734,0.134194,1099.95,0.240196,189.228
1,pi-,-1.58905,-0.06586,-18.0115,-0.216222,459.95,0.537873,460.327
1,pi-,11.1793,0.109989,-8.77283,-0.0260079,459.95,0.396523,295.728
2,mu-,11.0965,-0.0505615,3.04026,0.0190372,1099.95,0.283078,201.287
3,mu-,14.1311,0.0452348,-15.0367,0.0289186,1769.95,0.279558,197.984
1,pi-,8.63783,0.0726331,1.90826,0.0801528,459.95,1.12528,999.477
2,pi-,5.13226,0.106345,-7.95703,0.0112772,1099.95,1.12331,997.42
1,pi-,-1.9028,-0.0414596,9.07284,0.00977421,459.95,0.39316,279.797
2,pi-,-0.402281,0.0447034,1.95092,-0.00111449,1099.95,0.391081,278.071
3,pi-,11.0125,0.016941,9.41666,0.0398746,1769.95,0.389818,276.741
1,pi-,-10.1711,-0.119823,16.8554,0.0742782,459.95,0.597904,490.385
1,pi+,6.16836,-0.199461,-18.9022,-0.209028,459.95,1.03316,942.27
1,mu+,0.318211,0.0131938,-1.27197,-0.0665141,459.95,0.359226,274.874
2,mu+,2.65928,0.0671406,2.70079,0.00238267,1099.95,0.357545,273.176
3,mu+,18.1569,-0.0250493,-20.2821,-0.0630898,1769.95,0.356075,271.914
2,pi+,-7.6559,-0.105222,17.152,-0.243334,1099.95,0.275697,267.581
1,pi-,-0.488216,0.00591656,11.4419,0.0722048,459.95,0.478127,363.753
2,mu-,-8.31076,-0.0634675,17.6377,-0.00206727,1099.95,0.434506,345.995
1,mu+,11.4634,-0.0271897,4.60721,-0.0245185,459.95,0.152207,83.2091
2,mu+,16.8562,0.0388822,8.02206,-0.00182435,1099.95,0.147244,79.7052
1,pi+,9.53765,-0.145402,-17.4411,0.0729756,459.95,0.580838,479.558
1,pi-,0.194767,0.0119226,-0.602309,-0.00632579,459.95,0.530945,409.579
2,pi-,-0.782927,0.00275196,-1.65579,-0.0133184,1099.95,0.529405,408.092
3,pi-,-0.840018,-0.00720356,-0.136127,-0.0118095,1769.95,0.528096,406.833
1,pi+,-4.06701,-0.050262,-8.00948,-0.0308425,459.95,0.494158,377.295
2,pi+,-8.05182,-0.0551371,-14.6676,-0.0192802,1099.95,0.492264,375.42
3,pi+,-7.85845,-0.0454737,-14.5332,-0.0345851,1769.95,0.490932,374.004
1,pi+,2.95346,0.131113,6.09597,0.0297312,459.95,0.540112,434.255
2,pi+,-4.02169,0.0516231,16.9717,0.12197,1099.95,0.539041,432.782
1,pi-,19.3419,-0.323425,-4.09775,-0.0533489,459.95,0.780267,718.186
1,pi-,-2.69882,-0.116664,9.69037,0.075442,459.95,0.522037,418.376
1,mu-,-5.1064,-0.01069,16.2079,0.0255414,459.95,0.0893403,35.4516
1,pi+,13.8893,0.194684,1.12303,0.0155919,459.95,0.666549,568.887
1,pi+,-4.79798,-0.227123,-9.71948,0.104863,459.95,2.29082,2169.09
1,pi+,11.0332,0.0989214,-10.9476,-0.141793,459.95,0.538091,442.592
1,pi-,1.59715,-0.0482951,5.51549,0.127353,459.95,1.8264,1697.21
1,pi+,3.90257,0.0142768,-13.2197,-0.124468,459.95,0.255196,177.132
1,pi-,-5.58992,-0.0737431,14.7736,0.157677,459.95,0.481925,391.496
1,pi+,-6.3723,-0.0645543,-4.7014,-0.0169315,459.95,0.591383,471.714
2,pi+,1.63282,0.0405994,-2.33648,-0.0551458,1099.95,0.589358,469.948
3,pi+,-0.222972,0.0710508,0.693894,-0.00895353,1769.95,0.553389,435.623
1,pi-,4.12,0.158618,-19.0957,-0.146583,459.95,0.866551,764.331
1,mu-,12.9302,-0.056365,-14.9601,0.00870269,459.95,0.0872596,42.7687
1,pi-,14.0484,0.18671,-5.91471,-0.0470663,459.95,0.640434,543.592
2,pi-,7.44965,-0.0630968,4.19285,-0.0901378,1099.95,0.481375,373.565
1,pi-,3.5742,0.194363,-15.7721,-0.0493138,459.95,1.12805,1014.63
1,pi+,-1.56011,0.0201866,-12.6143,-0.078931,459.95,0.216308,130.441
2,pi+,-2.62587,0.0386737,0.529191,0.0686767,1099.95,0.215212,128.773
1,mu-,2.79518,-0.0255468,-0.259898,0.0110904,459.95,0.0558885,17.0722
1,mu-,-6.99124,-0.0451259,-1.90606,0.000587771,459.95,0.201895,126.638
2,mu-,-15.6791,-0.0386421,3.94972,0.00815203,1099.95,0.199048,123.129
3,mu-,-26.2911,0.0155787,-11.0112,-0.0353318,1769.95,0.197426,121.567
1,mu+,-15.046,-0.122782,-10.3369,-0.0374944,459.95,0.240133,186.418
1,pi-,3.70715,0.275973,-9.02887,0.0882529,459.95,1.44529,1341.07
1,mu-,4.04404,0.0154582,-8.00268,-0.0384347,459.95,0.51702,423.671
2,mu-,0.882671,-0.00403822,-10.8441,-0.0381833,1099.95,0.515696,422.148
3,mu-,2.03175,-0.0250431,-8.39965,-0.02622,1769.95,0.514635,420.96
1,pi+,2.27503,0.0556832,1.0263,-0.0595223,459.95,1.89945,1766.74
2,pi+,-12.8929,-0.0447319,-5.85538,0.0677971,1099.95,1.89753,1764.82
3,pi+,-7.78269,0.0665927,19.341,0.0457164,1769.95,1.89415,1761.43
1,pi-,2.82942,0.148896,-19.5766,0.527706,459.95,1.16931,1159.43
1,pi+,0.745107,-0.178685,-8.87256,0.220288,459.95,0.604443,542.548
1,pi+,0.562223,0.0385171,14.936,0.147002,459.95,0.287012,213.911
1,pi+,1.29849,-0.0656345,-6.47595,-0.0716518,459.95,1.5034,1373.42
2,pi+,2.33242,0.0940329,11.2044,-0.0195903,1099.95,1.50169,1371.65
3,mu+,15.2325,-0.0543508,-21.7917,-0.0820172,1769.95,1.49647,1397.76
1,pi-,-1.57458,0.0110695,-8.05882,-0.160548,459.95,1.23994,1118.54
1,mu+,2.2873,-0.00717999,-5.65829,-0.0451671,459.95,0.205475,129.873
2,mu+,10.8107,0.0296904,-10.4113,-0.0333924,1099.95,0.203971,128.359
3,mu+,-5.33308,-0.0617275,-26.5224,-0.00126244,1769.95,0.187839,118.527
1,mu-,10.5538,0.0678613,12.7881,0.0792863,459.95,0.177812,126.014
1,pi+,-12.5874,0.0789921,-7.77592,-0.0210691,459.95,0.381937,275.206
2,pi+,-0.442744,0.0726329,-5.36297,0.0370026,1099.95,0.343034,239.635
1,pi+,-17.5278,-0.159118,-1.97889,0.0767187,459.95,0.752799,646.172
1,pi+,15.2602,0.62324,9.64647,0.00426704,459.95,1.75567,1728.66
1,pi+,1.74665,-0.0601,-3.47839,-0.20076,459.95,1.95321,1829.8
1,pi+,-7.71281,-0.114884,-5.78161,-0.0428623,459.95,0.613761,501.692
2,pi+,3.59954,0.112621,6.13131,-0.0532968,1099.95,0.611608,500.014
1,pi-,8.43366,0.0634425,15.6024,0.424577,459.95,0.960637,921.841
1,pi+,10.6463,0.0590601,-8.79317,-0.107607,459.95,1.17048,1045.58
2,pi+,6.70437,0.120043,4.03413,-0.0167042,1099.95,1.16884,1043.8
1,mu-,1.59412,-0.0392138,4.50434,0.00296823,459.95,0.405345,315.073
2,mu-,1.42027,0.0365307,-2.58181,-0.0105238,1099.95,0.403914,313.573
3,mu-,11.362,0.0263227,-0.0197264,0.0291878,1769.95,0.40236,312.196
1,pi+,14.6925,-0.0371458,13.1251,-0.199123,459.95,0.24404,206.934
1,pi+,5.80225,0.020723,-14.972,-0.170139,459.95,0.560901,463.312
1,pi+,-6.39347,-0.152611,-2.65266,-0.0211417,459.95,1.27098,1148.3
1,pi-,-8.96713,0.0538653,-13.5535,-0.127478,459.95,0.566262,459.834
1,pi-,5.61682,0.165813,-9.42625,-0.0125343,459.95,1.48078,1357.04
1,pi-,14.4181,0.122324,1.97632,0.0841155,459.95,0.258368,189.478
1,pi+,4.08973,0.0605908,9.44485,0.161163,459.95,0.572878,474.688
2,pi+,-6.84584,-0.0696868,4.14169,0.110804,1099.95,0.508784,404.006
1,pi-,3.0958,0.0576141,-0.593848,0.0294435,459.95,1.17034,1040.83
2,pi-,-2.49323,0.0620641,-6.32004,-0.0302151,1099.95,1.1629,1033.71
3,pi-,17.0487,-0.0347929,15.6021,0.0615995,1769.95,1.16133,1032.26
1,pi+,-13.3262,-0.125949,-8.16254,0.0475238,459.95,0.323698,237.765
2,pi+,-0.18312,0.0522575,1.25162,-0.0567558,1099.95,0.160215,86.4843
1,pi-,-9.13997,0.201918,-7.85983,-0.231938,459.95,2.14695,2033.77
1,pi+,-9.37962,-0.0439626,8.85747,0.0709962,459.95,0.543396,427.644
2,pi+,-13.3029,-0.0817176,2.1492,-0.00118456,1099.95,0.541966,426.013
1,pi-,18.9646,0.0830616,-1.32204,0.0120886,459.95,0.385503,278.925
1,pi+,2.87171,0.026828,3.07532,-0.118307,459.95,0.304403,216.6
2,mu+,-18.1108,-0.0720211,-5.42842,0.0396183,1099.95,0.213309,146.177
1,mu+,10.2578,0.0956351,5.29614,-0.132128,459.95,0.913044,827.838
2,mu+,18.7614,0.00576173,-0.0742096,-0.16199,1099.95,0.911717,826.364
3,mu+,-67.9776,0.0148347,13.4807,0.019367,1769.95,0.0994454,41.4749
1,pi+,1.73039,0.0603316,13.3068,0.00364265,459.95,0.147502,72.3016
2,mu+,5.03822,-0.00845065,0.334204,-0.0199469,1099.95,0.103251,43.6518
3,mu+,-1.33989,0.0121097,5.95805,0.0156506,1769.95,0.100981,41.8285
1,pi+,-5.28899,-0.149393,-18.387,-0.0507603,459.95,0.574493,472.326
1,mu+,-9.40616,-0.0110989,-14.3601,-0.0218792,459.95,0.119301,55.5812
1,pi+,8.69412,0.107931,7.77282,-0.0476726,459.95,0.553766,443.575
2,pi+,4.679,0.0806631,19.1327,0.0880716,1099.95,0.551852,442.051
3,mu+,29.4476,0.130725,22.7883,-0.00395666,1769.95,0.18227,142.315
1,pi+,-6.28379,-0.0623964,10.9112,0.0831736,459.95,0.468048,359.789
1,pi-,-0.647272,0.00314095,-2.35342,-0.0406672,459.95,1.358,1226.2
2,pi-,1.23392,-0.0445438,4.28392,-0.000650911,1099.95,1.35641,1224.73
3,pi-,-6.12831,0.0281709,-12.056,-0.0370041,1769.95,1.35463,1223.03
1,pi+,-14.8695,-0.25812,-9.69673,0.139571,459.95,0.950064,864.525
1,mu-,11.1739,0.128536,-3.7117,0.0201328,459.95,0.259909,203.603
1,pi+,-3.32685,0.0105723,19.5367,-0.186477,459.95,0.505451,417.067
1,pi+,1.44059,0.0839275,3.411,0.057877,459.95,1.79999,1668.7
2,pi+,4.58333,-0.0992688,-17.5268,-0.0272735,1099.95,1.79832,1667.09
3,pi+,-24.5425,-0.0215173,0.2052,0.0997258,1769.95,1.79713,1665.86
1,pi-,-7.74694,-0.392711,-2.66128,0.225328,459.95,1.28795,1232.76
1,pi+,-9.39391,-0.0437524,9.51464,0.0203471,459.95,0.121397,51.5984
1,pi-,-4.81273,-0.0241902,-7.39058,-0.0887568,459.95,0.196164,118.156
1,pi-,19.8589,-0.149675,0.508637,-0.0924926,459.95,0.543828,448.806
2,pi+,12.7075,-0.112576,3.46256,-0.193445,1099.95,0.302273,261.606
1,mu-,-7.2,-0.032424,-8.66218,-0.145021,459.95,0.37859,314.551
2,mu-,-16.0261,-0.104973,-3.56939,0.0311033,1099.95,0.144357,104.078
1,pi+,4.16783,0.189786,2.9601,-0.0899254,459.95,1.96291,1839.47
1,mu+,3.43553,0.084529,3.84282,-0.00196743,459.95,0.402808,319.274
2,mu+,0.603084,-0.0837873,-10.6795,-0.00812697,1099.95,0.401371,317.837
3,mu+,-22.2225,-0.0493457,-0.0891321,0.0718694,1769.95,0.399493,316.667
1,pi-,1.22778,0.0215148,-1.60783,-0.0174769,459.95,0.640494,516.535
2,pi-,1.0241,-0.0265525,2.29296,0.00616525,1099.95,0.638548,514.621
1,pi+,-18.9633,-0.260134,-5.64525,0.0435915,459.95,1.14438,1043.08
1,pi+,13.6291,0.256003,9.514,-0.103797,459.95,1.42995,1323.49
1,pi-,-7.51721,-0.380342,4.67002,-0.207616,459.95,1.34367,1279.12
1,pi-,-14.2161,0.0350323,-7.00838,-0.295997,459.95,1.44765,1345.03
1,pi+,-8.19833,-0.108912,-0.83981,-0.0102058,459.95,0.627348,512.359
2,pi+,2.72727,0.0966452,9.31006,-0.0516425,1099.95,0.625614,510.722
1,pi-,-16.8498,0.140444,10.5795,0.0849316,459.95,0.362627,282.231
1,mu-,-1.28873,0.0178596,-16.4108,-0.0291833,459.95,0.0956362,40.9042
2,mu-,-8.51154,-0.0288044,-5.97908,0.0191236,1099.95,0.0906027,37.7568
3,mu-,-26.7218,-0.0110975,-16.5124,-0.0370768,1769.95,0.0851126,35.4289
1,pi+,3.61062,-0.131435,-13.2982,-0.241326,459.95,1.78761,1674.41
1,pi+,14.9603,0.119281,-12.9932,-0.372237,459.95,1.84781,1754.28
1,mu+,10.5128,0.112272,3.99026,0.0441627,459.95,0.448252,370.418
3,mu+,-3.7302,-0.0400492,29.5029,0.0106436,1769.95,0.090823,39.7022
1,pi+,9.52256,-0.0359629,-17.4638,0.0813285,459.95,0.424325,315.885
1,mu+,15.7997,-0.242165,11.7374,-0.0151771,459.95,0.315048,305.794
1,pi-,0.585514,-0.156373,18.2905,0.228828,459.95,0.75144,673.423
1,pi-,7.98419,0.0221686,2.37305,0.251693,459.95,1.06647,965.274
2,pi-,13.0122,0.0203861,8.88344,0.189331,1099.95,0.946529,835.96
1,mu-,14.271,0.123811,-12.5104,0.00393717,459.95,0.66175,575.826
2,mu-,10.6241,-0.0381815,-13.151,-0.0536999,1099.95,0.319888,237.61
1,pi+,5.08469,0.072165,2.88292,0.0668072,459.95,0.500519,389.268
2,pi+,6.75698,0.0717256,15.5754,0.0692787,1099.95,0.498592,387.704
1,pi+,-0.287268,-0.114685,-8.7862,-0.0326717,459.95,0.999913,877.055
2,pi+,2.39135,-0.114216,-15.0631,-0.0366578,1099.95,0.998427,875.676
1,pi+,18.9622,0.174863,3.2357,-0.0337042,459.95,0.381212,303.731
1,pi-,-14.0806,-0.122738,0.660536,-0.000466516,459.95,0.779402,661.686
1,pi+,7.9556,0.290781,7.01364,-0.0480134,459.95,1.05679,966.384
1,mu+,13.8411,0.106293,-11.3337,0.0153009,459.95,0.567003,481.018
1,mu+,-10.2288,-0.0702917,-6.09011,-0.0233403,459.95,0.144187,87.8342
1,pi+,7.47421,0.117545,1.60015,0.0198623,459.95,0.53887,429.703
2,mu+,8.08953,-0.023184,-1.56548,-0.000263333,1099.95,0.0385115,9.16298
1,pi-,-18.8083,-0.114117,-3.52177,-0.21167,459.95,0.668408,584.36
1,pi+,0.340123,-0.0757859,0.386295,-0.0685284,459.95,1.94575,1813.85
1,pi+,2.98576,0.0943918,2.57152,0.0233962,459.95,1.862,1730.19
2,pi+,0.125163,-0.0976599,-17.1774,0.00027698,1099.95,1.86038,1728.59
3,pi+,-21.8701,-5.18313e-05,5.07796,0.0970664,1769.95,1.85888,1727.07
1,mu+,15.6662,0.115484,6.58514,0.0148161,459.95,0.168432,124.752
1,pi+,2.991,0.00163249,2.0904,-0.0283855,459.95,1.01272,883.119
2,mu+,7.69322,0.0113815,2.70533,-0.0282574,1099.95,0.654241,557.76
3,mu+,-1.37745,0.02644,5.62859,0.0173947,1769.95,0.652853,556.446
1,pi+,10.0959,0.0165625,8.818,0.0106205,459.95,0.0815673,23.2795
1,pi-,-4.12222,-0.115773,7.61617,0.0170671,459.95,0.755316,637.397
2,pi-,-12.577,0.033719,-5.30094,-0.111355,1099.95,0.75357,635.597
3,pi-,21.8505,-0.078947,10.9136,0.0128288,1769.95,0.566611,449.433
1,pi+,-15.6114,0.124312,12.1334,-0.419019,459.95,0.989998,951.578
1,pi+,-2.09182,0.203367,15.3586,0.163941,459.95,0.532891,470.091
2,mu+,15.486,-0.0441606,5.56931,-0.0717928,1099.95,0.186407,124.593
1,pi-,13.8362,0.106562,14.4349,-0.0963949,459.95,0.348335,262.256
1,pi-,16.5394,0.0386447,-3.80501,-0.280856,460.05,-0.010373,176.594
1,pi+,-8.88178,-0.119946,-13.6198,-0.064126,459.95,0.48374,381.95
1,pi+,2.31668,0.0946809,3.03763,0.0282881,459.95,1.3468,1218.05
2,pi+,-10.5288,-0.0330763,-6.00687,0.0935762,1099.95,1.3448,1216.09
3,pi+,16.7683,0.0954061,22.5461,-0.0275445,1769.95,1.3433,1214.61
1,pi-,14.2645,0.157441,-8.77535,0.0690237,459.95,0.656683,553.44
1,pi+,10.4122,0.150987,-2.26839,-0.0995695,459.95,1.19573,1077.78
2,pi+,-4.07532,0.120689,1.20142,0.00679244,1099.95,1.06338,939.717
3,pi+,11.0469,-0.0248015,-30.3165,-0.0101727,1769.95,0.7104,584.907
1,mu+,-14.4246,-0.219239,-6.91137,0.16629,459.95,1.30864,1235.76
1,pi+,1.21783,0.211759,12.483,0.163494,459.95,0.957765,864.604
1,mu+,6.04948,0.0396272,-1.20295,-0.02228,459.95,0.290178,206.485
2,mu+,-1.84251,-0.0446931,-7.81611,0.00923771,1099.95,0.286941,203.504
3,mu+,8.55895,0.0237028,3.91191,-0.0382243,1769.95,0.285595,202.158
1,mu+,-13.8804,-0.0767087,13.911,0.072618,459.95,0.245904,182.074
1,pi+,-7.52102,-0.0425314,-13.84,-0.0878963,459.95,0.324729,227.123
2,pi+,2.93392,0.054721,-17.9154,-0.0690022,1099.95,0.236217,148.586
1,pi-,10.953,0.119069,13.2402,0.195815,459.95,0.192643,190.75
1,pi+,18.1821,0.110866,-2.14987,-0.0152893,459.95,0.204691,132.281
1,pi-,-10.3064,-0.0821465,7.87343,-0.0723619,459.95,0.603249,489.217
2,pi-,2.24349,-0.0102409,13.4837,0.106431,1099.95,0.602213,487.784
3,mu-,27.9151,-0.000269808,14.6494,0.144049,1769.95,0.390445,323.714
1,pi+,1.39274,0.128399,9.4436,0.00026291,459.95,0.864326,745.317
2,pi+,11.6615,0.0706439,7.62215,-0.104995,1099.95,0.863029,743.783
1,pi-,-3.73973,-0.0281009,6.3704,0.0869681,459.95,0.358568,255.91
2,mu-,-12.9523,0.0327258,3.35314,-0.01377,1099.95,0.220928,141.795
3,mu-,-2.6132,0.0310925,4.27072,0.0144016,1769.95,0.219667,140.495
1,pi-,-5.13253,0.00445089,0.00402667,-0.0356352,459.95,0.26,157.7
2,pi-,-9.79177,-0.0274328,-0.214589,-0.0254771,1099.95,0.257931,156.081
3,pi-,-4.29054,-0.0344123,1.1763,0.0174922,1769.95,0.255828,154.399
1,pi+,2.06529,-0.0894777,-18.8052,-0.11818,459.95,0.312459,233.368
1,pi+,17.6901,0.135326,-7.89237,-0.0819005,459.95,0.648895,542.754
1,mu+,-15.9684,-0.0865835,1.95974,0.0369043,459.95,0.219628,155.605
1,pi+,-6.3311,-0.0933651,0.468391,0.0427702,459.95,0.74101,621.43
2,mu+,0.362127,0.0439984,5.91946,-0.0443207,1099.95,0.635605,541.688
3,mu+,-17.8167,0.0424399,5.78695,0.0474407,1769.95,0.634252,540.477
1,mu-,11.8864,-0.00278473,3.8021,0.0353874,459.95,0.118593,57.0927
2,mu-,7.77141,-0.00324045,-1.23438,-0.0305259,1099.95,0.116394,54.5086
3,mu-,8.20599,0.00374999,-11.6943,-0.0295114,1769.95,0.11423,52.7621
1,mu+,-2.46447,-0.0778718,-7.29354,-0.048635,459.95,0.414196,331.55
2,mu+,-13.8164,0.0428029,6.14824,0.0826706,1099.95,0.41226,329.989
3,mu+,4.64568,0.0885727,20.221,0.0227726,1769.95,0.411076,328.52
1,pi-,-5.73398,0.124421,-5.65086,-0.126412,459.95,2.15065,2022.89
1,pi+,1.39107,-0.0112061,-14.7103,-0.131811,459.95,0.288317,206.993
1,pi-,18.7678,0.140076,2.46093,0.0430625,459.95,0.509324,408.486
1,pi+,-18.3082,-0.0507063,4.07843,0.0497496,459.95,0.380216,271.636
1,pi-,12.6934,0.0290808,-0.717324,0.0472538,459.95,0.342188,234.128
2,pi-,17.7365,0.0459655,0.650767,0.0252858,1099.95,0.340369,232.025
1,pi+,9.35857,0.113154,-8.54812,-0.0559034,459.95,0.662026,548.679
1,pi+,-12.1792,-0.0140074,5.98752,0.158578,459.95,1.03024,912.197
1,mu-,-2.06875,-0.00861571,-8.01428,-0.0997521,459.95,1.06799,972.209
2,mu-,-6.94914,-0.0495136,-2.7549,-0.0888736,1099.95,1.06614,970.528
3,mu-,28.9356,-0.0237105,2.31657,0.152713,1769.95,0.897,810.67
1,mu+,3.88107,0.0485988,7.57617,0.035844,459.95,0.312736,229.921
2,mu+,16.6907,0.0482233,5.67048,-0.0327289,1099.95,0.310484,227.449
3,mu+,0.736744,-0.0460944,-13.1883,0.0345824,1769.95,0.30933,226.26
1,pi+,12.6637,0.247323,10.3908,0.0735968,459.95,1.18811,1084.22
1,pi+,-7.77374,-0.126171,-4.73486,-0.0955628,459.95,0.802146,689.869
2,mu+,0.408065,-0.0229414,-11.1513,-0.120124,1099.95,0.483758,404.382
3,mu+,-48.7337,-0.0586144,-24.1594,0.0142909,1769.95,0.113729,60.8884
1,pi+,0.143328,0.108645,12.6781,0.0658626,459.95,0.455722,353.688
1,pi+,-2.87325,0.0981723,9.86032,0.0931267,459.95,0.249739,176.91
3,pi+,0.417994,0.0109715,57.6453,0.186516,1769.95,0.33499,268.604
1,pi+,18.1671,0.084337,-2.02344,-0.0605267,459.95,0.206338,130.303
1,pi+,1.44457,-0.00762852,-4.12842,-0.253309,459.95,1.4229,1312.44
1,mu+,7.80684,0.0570775,17.1855,-0.000348049,459.95,0.099043,50.0049
1,pi-,-6.13827,0.0847676,-6.57555,-0.130068,459.95,1.44113,1316.61
1,pi+,1.19522,-0.141732,-5.1843,-0.020935,459.95,2.11828,1988.13
1,pi-,1.09337,0.109133,-11.8973,-0.0880136,459.95,0.64742,537.4
2,pi-,1.34137,-0.130674,8.67852,0.0548418,1099.95,0.645583,535.96
1,mu-,-17.8269,-0.126699,7.89113,-0.0223704,459.95,0.239749,186.225
1,pi-,-4.34807,-0.232166,10.3678,-0.130549,459.95,2.1128,1994.52
1,pi+,-12.6997,-0.481883,-11.9988,-0.137085,459.95,0.784024,801.268
1,pi-,-2.2956,-0.00709204,-13.4471,-0.178222,459.95,0.539315,445.369
1,mu+,-15.4579,-0.0497202,-4.10052,-0.000733784,459.95,0.174862,104.611
1,mu-,3.84972,0.0117905,-12.9299,-0.0824077,459.95,0.179839,118.921
2,mu-,-5.14693,-0.0533963,14.2117,0.0761587,1099.95,0.103228,68.9007
1,pi-,-6.73693,-0.197925,13.0423,0.0630728,459.95,1.61555,1495.25
2,pi-,14.9231,0.133176,-9.72977,0.158453,1099.95,1.45797,1339.62
1,pi-,-7.02733,0.0997767,-16.585,-0.222814,459.95,1.74893,1631.83
1,pi-,-15.3389,-0.0647423,5.96023,-0.00991514,459.95,0.424981,312.513
2,mu-,-7.73528,0.0712856,-1.79195,0.0108046,1099.95,0.328236,246.621
3,mu-,-16.9156,0.0736468,-17.157,-0.0852693,1769.95,0.16015,116.842
1,mu+,9.72196,0.0641691,8.63387,0.000495858,459.95,0.209504,137.598
1,pi+,-15.2837,-0.252414,-1.63707,0.244518,459.95,1.29489,1209.4
1,pi-,-14.9444,-0.222344,-0.109561,-0.082074,459.95,1.20398,1095.43
2,pi-,-18.8085,-0.143103,4.45171,-0.0197721,1099.95,1.10629,984.813
1,mu+,-2.73,-0.0183187,-19.6613,0.150564,459.95,0.465035,394.768
1,pi+,-18.2114,-0.133401,4.96649,0.228636,459.95,1.6134,1501.34
1,pi-,-6.20332,0.188098,9.1364,0.0604855,459.95,0.341349,278.805
1,pi-,1.37933,0.0648622,-4.65985,-0.0216914,459.95,2.7076,2572.48
2,pi-,8.4396,-0.0289082,6.34672,0.0633482,1099.95,2.70571,2570.64
3,pi-,-5.33851,-0.0689942,15.0758,0.00240126,1769.95,2.70424,2569.15
1,pi-,-16.3666,-0.0546113,-7.45418,-0.0619918,459.95,0.231375,142.989
1,pi+,-4.05472,-0.00659171,-18.3443,-0.349466,459.95,1.27441,1189.25
1,pi+,-8.55892,0.197916,9.53826,0.42068,459.95,2.13545,2050.35
1,pi+,11.0118,0.166011,12.1176,0.115449,459.95,1.29112,1174.72
2,pi+,16.1407,0.0355767,-1.80245,0.0736085,1099.95,1.09156,963.909
3,pi+,13.2156,-0.10547,-24.9187,-0.0508712,1769.95,0.945607,823.427
1,mu-,-17.0458,-0.0472587,-2.83827,-0.0490467,459.95,0.231405,157.687
2,mu-,-9.49528,0.0311243,-6.1932,0.0219658,1099.95,0.126465,63.4812
3,mu-,-14.8576,0.0126706,-6.39659,-0.0306297,1769.95,0.124717,61.1253
1,pi-,7.95746,0.0184578,0.0802318,0.0743007,459.95,0.83324,708.74
2,pi-,5.96789,-0.0659206,7.50342,0.0413381,1099.95,0.831594,707.237
3,pi-,-4.7047,0.0761483,-22.8752,-0.0126879,1769.95,0.830479,706.086
1,pi+,11.574,0.0622963,-10.1381,-0.088251,459.95,0.274013,186.362
1,pi+,-8.60171,-0.000853644,17.8876,0.129218,459.95,0.507691,402.581
1,pi+,8.59785,-0.115508,-6.4331,-0.383901,459.95,2.13165,2033.94
1,pi-,0.217098,0.144289,-15.4769,-0.199959,459.95,1.68839,1572.43
1,mu+,-15.804,-0.240352,-10.0151,-0.0823513,459.95,0.480381,447.948
1,pi-,-13.0407,-0.027839,-5.92562,-0.0519045,459.95,0.164988,84.4162
2,mu-,-4.05608,0.0174672,-17.1445,-0.00372546,1099.95,0.110623,48.3548
3,mu-,2.69196,0.000382725,-10.8064,0.0156176,1769.95,0.108075,46.2885
1,pi+,-5.05845,-0.0534767,-1.26078,0.0579098,459.95,0.973312,846.852
2,mu+,-9.02793,-0.0428138,-2.54817,0.0666377,1099.95,0.651899,559.48
3,mu+,14.7778,-0.0533984,-4.36215,-0.05332,1769.95,0.650978,558.141
1,pi-,-6.59094,-0.122636,9.80106,-0.0603952,459.95,0.518598,414.606
1,pi+,-9.98007,-0.156032,-7.21547,-0.0526798,459.95,0.990126,873.815
1,pi+,-7.31693,-0.0810585,-10.5901,-0.0953463,459.95,0.773925,656.735
1,pi+,-14.4627,-0.152877,3.31618,0.0146582,459.95,0.66034,552.611
1,pi+,1.58834,-0.117931,-19.8147,0.0401899,459.95,0.193043,129.258
1,pi-,13.7486,0.0723117,-3.13037,0.0686315,459.95,0.347116,247.609
1,mu+,5.56043,-0.0657369,8.88506,0.143186,459.95,0.267979,222.67
1,pi-,-1.51085,-0.00538911,0.599883,0.112607,459.95,0.50653,397.795
2,pi-,8.4825,0.0143552,9.34654,0.110427,1099.95,0.505041,396.104
1,mu-,-1.96555,-0.0483569,1.74336,0.0300706,459.95,0.226505,150.683
2,mu-,-4.48663,0.0284168,-9.8725,-0.0527943,1099.95,0.223585,148.799
3,mu-,7.76375,0.0507267,-19.3687,-0.0266535,1769.95,0.222726,147.43
2,pi-,-6.26158,-0.232043,-11.5547,0.0581547,1099.95,0.294039,264.366
1,mu+,-8.26507,-0.0671389,-13.7653,-0.16998,459.95,0.208475,191.034
2,pi+,-4.2827,-0.176476,9.80233,0.110198,1099.95,0.615759,525.205
1,pi-,-13.2689,-0.0584889,-3.46615,-0.0362722,459.95,0.469278,354.837
1,pi-,16.4797,0.192084,11.0629,0.205581,459.95,0.999271,907.895
1,pi-,-13.7658,-0.152417,2.65036,-0.0951423,459.95,0.54773,453.533
1,pi-,7.52743,0.0201526,0.459085,0.200857,459.95,2.0512,1926.26
1,mu-,-0.850307,-0.247044,16.2547,0.0755478,459.95,1.09147,1020.93
1,mu-,5.7775,0.0911423,-9.05105,-0.169043,459.95,2.00625,1912.53
1,pi+,0.933877,0.0995924,12.3086,0.0398081,459.95,0.60363,489.2
2,pi+,-9.74063,-0.0901102,3.81132,0.0594959,1099.95,0.601934,487.697
3,pi+,-24.0571,-0.0923379,1.55138,0.0730341,1769.95,0.441846,338.517
1,pi+,10.6917,0.174273,-14.4964,-0.230862,459.95,0.601158,542.001
1,pi+,11.1795,0.115052,2.5321,-0.0589503,459.95,0.576772,467.767
2,pi+,1.04617,0.102214,19.2779,0.123113,1099.95,0.525958,427.631
1,pi+,-13.3197,-0.102382,14.4048,0.180877,459.95,0.623509,532.324
1,pi+,3.12271,0.316482,19.6284,0.0848871,459.95,1.54275,1443.76
2,mu-,-7.05249,0.145333,-4.10558,-0.0507462,1099.95,0.458479,389.38
1,pi+,1.47482,0.399654,5.5408,0.0836057,459.95,0.892949,852.171
1,pi+,7.08821,0.113268,6.0412,-0.0923835,459.95,2.47097,2339.65
2,pi+,-8.31049,-0.146699,-18.0678,0.0107795,1099.95,2.46891,2337.66
1,pi+,6.78994,0.0773457,6.6252,-0.00359905,459.95,0.86653,741.537
2,pi+,13.118,0.0398144,5.1265,-0.064081,1099.95,0.864862,739.723
3,mu+,-18.4353,-0.0315593,-11.6835,0.04022,1769.95,0.714373,618.293
1,pi+,15.4376,-0.0102433,-11.6418,-0.250848,459.95,2.88165,2756.36
1,pi+,14.8948,0.140539,3.63878,0.0340834,459.95,0.656088,546.611
2,mu+,17.2454,-0.07924,4.73798,-0.0415693,1099.95,0.391826,309.911
1,mu+,-15.415,-0.0608806,-6.29529,0.00971678,459.95,0.110116,58.9322
1,mu+,6.16122,0.0559235,-1.88219,-0.121996,459.95,0.909957,820.19
2,mu+,11.527,-0.025915,-8.36679,-0.130573,1099.95,0.908271,818.376
3,mu+,-26.6348,0.0442431,0.696025,0.0439032,1769.95,0.712815,617.635
1,pi-,-11.8285,0.101391,-10.1729,-0.0428625,459.95,0.139271,86.2469
2,pi-,16.4715,-0.050309,-7.52466,-0.0944852,1099.95,0.135819,82.6568
1,mu-,-19.3248,-0.0507167,1.33208,0.0162572,459.95,0.200932,127.523
1,mu-,4.96547,0.0500843,6.59937,-0.0317395,459.95,0.185342,115.771
1,pi-,-10.0234,-0.0925096,7.97782,0.0514924,459.95,0.654143,537.624
2,pi-,-9.22333,0.0988693,-7.83907,-0.0380526,1099.95,0.652092,535.653
1,pi-,9.07495,0.0891852,11.0694,0.135125,459.95,0.473527,379.968
2,pi+,-0.417812,-0.12,12.2256,0.0491669,1099.95,0.536451,429.707
1,mu+,7.51463,0.0458308,0.09711,-0.017137,459.95,0.319987,234.855
2,mu+,14.5697,0.0187597,-6.8043,-0.0452242,1099.95,0.317952,232.948
3,mu+,-5.19239,-0.0270499,-15.9061,0.040152,1769.95,0.31654,231.544
1,pi-,5.08289,0.207371,-6.42869,0.107048,459.95,1.98031,1859.33
3,pi+,12.7763,-0.255346,-25.574,0.164783,1769.95,0.453797,424.137
3,pi-,16.6433,0.0237636,3.44721,-0.00859835,1769.95,0.156228,71.4408
1,pi+,-1.02623,-0.0928331,-1.25931,0.0408237,459.95,0.828141,706.35
2,pi+,-7.13488,0.0141742,6.99487,0.100662,1099.95,0.826524,704.796
1,pi-,4.11525,0.180425,-7.0785,-0.156279,459.95,1.03876,935.359
1,pi+,-14.245,-0.0916566,0.789476,-0.0241207,459.95,0.392453,287.609
2,mu+,-11.422,0.0262076,-0.715338,-0.0321676,1099.95,0.199797,124.132
3,mu+,-18.1555,-0.0716247,-24.4042,-0.0108657,1769.95,0.132407,78.5789
1,pi+,-13.5682,-0.0615655,8.58458,0.0723797,459.95,0.54591,431.855
1,pi+,5.99692,0.0608132,6.61561,-0.00843901,459.95,0.456141,341.381
2,pi+,15.6019,0.0143615,1.08686,-0.0576067,1099.95,0.454775,339.831
3,pi+,16.5763,0.00384798,-5.8233,-0.0604306,1769.95,0.453338,338.615
2,pi-,16.2901,0.076309,-9.65355,-0.05478,1099.95,0.18769,112.484
1,pi+,0.935221,-0.0796345,-3.37552,-0.0551814,459.95,1.37844,1249.3
2,pi+,9.26139,0.0675678,9.9702,-0.068245,1099.95,1.37706,1247.87
3,pi+,-2.29131,-0.0944847,-26.0591,-0.019525,1769.95,1.37535,1246.2
1,pi+,0.480246,-0.0328462,-11.3613,-0.0694142,459.95,0.734605,612.109
2,pi+,-10.4294,-0.0339735,-9.21782,0.0696048,1099.95,0.733017,610.625
3,pi+,19.083,-0.0278821,-8.66245,-0.0721367,1769.95,0.731639,609.266
1,pi+,1.29536,0.0230805,12.337,0.0753425,459.95,0.552147,435.369
2,pi+,-5.51526,-0.0564201,9.59403,0.0473592,1099.95,0.548998,431.66
1,pi+,-0.431113,-0.203946,-8.55114,-0.0680809,459.95,1.07144,962.103
1,pi+,5.18946,0.0508767,-4.7695,-0.0830181,459.95,0.467867,358.283
2,pi+,11.1952,-0.0893952,-14.6198,0.0280695,1099.95,0.465824,355.658
3,mu+,22.3916,0.0469873,5.62574,-0.0422293,1769.95,0.292956,212.112
1,pi+,-12.3781,0.0368317,3.92545,0.21006,459.95,2.30615,2180.63
1,pi+,3.76822,-0.103909,-8.51535,-0.154394,459.95,1.35202,1232.32
1,pi-,-7.49548,-0.0928431,17.6656,0.0606306,459.95,0.430064,325.972
1,pi+,5.46082,-0.202881,1.16847,-0.13668,459.95,0.286165,261.942
1,pi+,4.68389,-0.00809697,-7.36396,-0.0855914,459.95,0.469946,358.145
2,mu+,-1.81551,-0.0107936,-13.2143,-0.0318668,1099.95,0.295913,210.348
3,mu+,-12.5488,0.0245735,-5.30342,0.0223064,1769.95,0.29466,209.126
1,pi+,-8.16392,-0.168758,-2.90254,0.0468747,459.95,1.68767,1562.89
1,pi+,-10.393,-0.0205622,5.03059,0.0997267,459.95,1.17746,1050.49
2,pi+,-10.4928,-0.0930328,-6.36298,0.0425687,1099.95,1.17517,1048.27
3,pi+,-15.0277,-0.0524486,40.3227,0.0211231,1769.95,0.847347,721.05
2,pi+,14.6663,-0.195246,13.447,-0.145161,1099.95,1.11982,1014.84
1,pi-,-8.9222,-0.0322784,-5.38112,-0.160393,459.95,2.9148,2783.15
1,pi-,0.354787,-0.0213075,10.0616,0.155049,459.95,1.01046,892.419
1,pi-,-16.7925,-0.0916393,10.1436,0.00690535,459.95,0.348041,246.51
2,mu-,-13.0604,0.0333651,0.218177,0.000306287,1099.95,0.153209,83.418
3,mu-,-3.76789,0.0273877,3.61586,0.0141012,1769.95,0.151853,81.8832
1,pi+,-3.35786,-0.217893,-14.7806,-0.034241,459.95,0.611458,525.269
1,pi-,-0.0371848,0.0456203,2.49005,0.0231107,459.95,0.281859,179.083
2,mu-,-4.75543,0.0278593,-9.03752,-0.058326,1099.95,0.201153,130.571
3,mu-,24.3552,0.037334,-9.93341,0.0519305,1769.95,0.199752,129.193
1,mu+,-17.3861,0.0326315,-9.58697,0.136318,459.95,0.295529,238.069
1,pi+,10.019,0.473519,10.1662,-0.0655407,459.95,0.91371,901.036
1,pi-,-17.5823,-0.0694928,-4.93171,-0.279655,459.95,0.673704,606.348
1,mu-,9.18159,0.0102436,0.522203,-0.000381976,459.95,0.085055,30.3676
1,pi-,7.87418,0.161854,17.8064,-0.487188,459.95,1.15048,1127.96
1,pi-,-10.5553,0.0987579,-16.9878,-0.177121,460.003,0.377542,311.144
1,pi-,15.2834,0.244118,-5.79594,0.0526434,459.95,0.870034,776.292
1,pi+,-15.976,0.104207,-11.9629,-0.10052,459.95,0.319022,237.548
1,pi+,2.51426,0.0922311,5.78325,0.0174966,459.95,0.158637,91.6402
1,mu-,-11.0291,-0.0360957,9.06307,0.0186829,459.95,0.254169,172.581
2,mu-,-12.2653,-0.0284584,14.8235,0.0309456,1099.95,0.252243,171.031
1,mu+,-3.24798,-0.0113418,19.5594,-0.084318,459.95,0.215745,149.19
1,mu-,7.3921,0.103153,-13.5944,-0.0962417,459.95,0.222,177.803
1,pi+,-6.81033,-0.0702387,-9.64137,-0.0192524,459.95,0.540551,423.439
2,pi+,-2.90276,-0.0252705,-15.1365,-0.0667864,1099.95,0.538221,421.02
3,pi+,8.749,-0.0357777,-24.3478,-0.0917605,1769.95,0.417771,311.775
1,pi+,18.0546,0.17027,-0.229884,-0.0185296,459.95,0.466905,376.971
1,pi+,0.00434022,0.008624,-10.0336,-0.132715,459.95,0.664983,552.795
2,pi+,-18.5058,-0.0164101,-2.17906,0.142746,1099.95,0.625522,517.243
1,mu+,8.39135,0.0426024,-3.58616,-0.0258749,459.95,0.445759,355.156
2,mu+,12.1015,-0.0251021,-12.6767,-0.0452846,1099.95,0.443846,353.518
3,mu+,6.82685,-0.0416308,-18.4648,-0.0319617,1769.95,0.442526,352.323
1,mu-,-15.0113,-0.0835368,-3.25768,-0.0406433,459.95,0.172449,116.901
1,pi+,-2.78585,-0.0672452,-2.698,-0.0050638,459.95,0.775841,651.604
2,pi+,-7.92875,0.0108521,4.00684,0.0672932,1099.95,0.774042,649.903
3,pi+,15.5652,-0.0484854,-8.10763,-0.0449358,1769.95,0.772778,648.489
1,pi+,10.6523,0.050415,-1.73603,-0.145881,459.95,2.63409,2502.73
1,pi+,-1.95485,0.11064,7.19889,0.207629,459.95,0.795417,701.571
1,pi-,-18.1787,-0.194938,-7.3123,-0.17796,459.95,0.638171,564.995
1,pi+,16.3818,0.00281007,5.86745,0.0124178,459.95,0.116119,42.4334
2,pi+,12.5235,-0.0131684,7.45564,0.00372884,1099.95,0.111061,39.3195
3,mu+,8.4821,-0.00579268,9.34938,0.00479457,1769.95,0.121207,55.3118
1,pi-,-15.0205,-0.20331,5.68438,0.00898972,459.95,1.27432,1158.42
1,pi+,1.63399,0.0813089,9.81548,0.00586245,459.95,0.366436,260.93
2,mu+,-4.11667,0.000733831,16.5783,0.0996639,1099.95,0.317938,243.886
1,pi+,11.4781,-0.0345041,-12.1402,-0.231319,459.95,2.85831,2731.69
1,pi+,-11.1743,-0.0242406,0.848628,0.00184841,459.95,0.159496,73.7599
2,mu+,-7.64501,0.00718612,4.16258,-0.00510825,1099.95,0.112827,49.1685
3,mu+,-6.4842,-0.000613635,0.74666,-0.0065897,1769.95,0.110395,47.2943
1,pi-,-15.4909,-0.0642325,-12.3674,-0.113601,459.95,0.35325,262.047
1,pi-,5.65182,0.215539,-13.9075,-0.149777,459.95,0.912857,820.47
1,pi-,8.41057,0.0575661,-7.31185,-0.0491425,459.95,0.212142,125.407
2,mu-,-4.66761,-0.0736536,-4.95504,-0.026492,1099.95,0.217714,148.684
1,pi+,9.14573,-0.0936924,-6.81102,0.0454998,459.95,0.216972,138.647
1,pi+,-6.84434,0.0233742,5.6822,0.0732647,459.95,0.318206,216.308
2,pi+,4.81232,0.0724332,16.584,0.0289186,1099.95,0.315636,214.25
1,pi+,2.3994,-0.14644,-18.3653,-0.257068,459.95,1.85261,1741.7
1,pi-,0.598005,0.105565,-7.42839,-0.0600218,459.95,1.45215,1324.32
2,pi-,-9.13358,-0.0957371,11.7599,-0.0742885,1099.95,1.45058,1322.74
3,pi+,8.4925,0.255166,-25.3327,0.149555,1769.95,0.407768,383.144
1,pi+,-19.5982,-0.0797829,2.97069,0.0892512,459.95,0.209001,138.805
1,mu+,-19.0356,-0.0644068,-0.638911,0.0562225,459.95,0.219799,152.769
2,mu+,-14.8662,0.0136161,-11.7119,-0.0243744,1099.95,0.130566,64.6078
1,mu+,-3.92762,-0.123483,-3.44409,0.0766057,459.95,0.338417,277.495
1,mu-,1.35238,0.0136949,-13.7305,-0.0666358,459.95,0.131555,76.2709
1,pi+,6.83029,0.0350352,-4.60401,-0.314141,459.95,2.05878,1948.01
1,pi-,-7.69637,-0.178577,-3.72253,0.12938,459.95,0.577739,494.378
2,pi-,-3.48839,-0.0861881,10.5057,0.165245,1099.95,0.419712,340.401
1,pi+,4.97312,0.0112259,-5.58369,-0.0927321,459.95,0.620631,503.383
2,pi+,-2.57036,0.0485839,4.01503,0.0781211,1099.95,0.619349,501.941
3,mu+,0.715776,0.0187893,12.2428,0.0369713,1769.95,0.533381,439.666
1,pi-,-4.50456,-0.064903,10.2397,-0.0981627,460.05,-0.136034,88.0988
1,pi-,19.8402,-0.104577,1.39836,0.104587,459.95,0.588971,483.52
1,pi+,-11.3015,-0.0107295,11.7459,0.178893,459.95,0.500907,410.434
1,pi-,5.56653,0.00970777,3.08105,0.0705103,459.95,0.577938,459.227
2,pi-,5.99367,0.0670053,-4.92357,-0.0181424,1099.95,0.576666,457.793
1,pi-,-15.0593,-0.205387,11.6023,-0.06162,459.95,0.672533,579.986
1,pi-,13.1902,0.115689,6.03085,0.0374719,459.95,0.657113,543.12
3,pi-,-16.3672,-0.0506069,14.6724,0.0689408,1769.95,1.37186,1242.02
1,pi+,-1.4613,-0.0199559,-1.65924,-0.00123562,459.95,1.0663,936.015
2,pi+,-0.54211,-0.0189647,-2.92036,-0.0121761,1099.95,1.06414,933.924
3,mu+,-8.0221,0.0275068,7.92755,0.00547661,1769.95,0.663074,566.366
1,pi+,6.56233,0.0550032,3.77695,0.00451289,459.95,0.689923,566.489
2,pi+,5.77868,-0.0538157,-4.63161,-0.020547,1099.95,0.687851,564.658
3,pi+,10.2666,0.0329756,4.23892,-0.186999,1769.95,0.660671,561.873
1,pi-,9.00552,0.248336,-4.28842,0.11001,459.95,1.05502,958.752
1,pi+,-13.5042,-0.115714,11.6608,0.178544,459.95,1.27911,1164.6
1,pi+,-3.70414,0.110133,16.3401,0.167722,459.95,0.820576,716.633
1,pi+,-11.0585,-0.164459,16.6646,0.0173919,459.985,0.116807,106.342
1,mu-,-7.33086,-0.0732516,0.73523,9.33716e-05,459.95,0.241773,168.173
2,mu-,-19.4995,-0.0434423,-4.32525,-0.0549064,1099.95,0.240708,166.382
1,pi-,-1.48058,0.112845,0.571315,-0.00793357,460.05,-0.0692716,52.9787
1,mu+,-1.09738,0.12712,17.1631,0.235026,459.95,0.792774,737.58
1,pi-,10.6037,0.222916,-1.06898,0.143933,459.95,3.49735,3370.61
1,pi+,-14.1617,-0.272213,-8.33413,-0.0549528,459.95,1.01053,917.68
1,pi-,9.8811,0.114702,-11.2767,-0.214601,459.95,0.285232,260.489
2,pi+,9.9634,0.18442,8.27445,-0.258378,1099.95,0.447226,426.346
1,mu-,0.19287,0.0621246,-15.2283,-0.115109,459.95,0.685613,600.272
2,mu-,5.62413,-0.0417451,-15.0875,0.0530439,1099.95,0.367206,282.362
3,mu-,-28.4557,-0.0287424,-20.3056,0.0308935,1769.95,0.121337,60.6749
1,pi+,-8.13438,0.0208928,18.0284,0.269106,459.95,0.94955,857.415
1,mu+,3.11345,-0.0036898,-6.81084,-0.0414651,459.95,0.156462,87.6725
2,mu+,-7.26847,-0.0149231,-3.84922,0.0331577,1099.95,0.152212,83.1654
3,mu+,-8.21982,0.00720595,8.08451,0.0357535,1769.95,0.149121,80.7043
1,pi+,-12.458,-0.0644147,0.91214,0.00885198,459.95,0.44989,335.939
1,pi-,-6.28297,-0.122436,8.54744,0.0492572,459.95,0.583434,474.67
2,pi-,13.0455,0.0363343,11.5094,0.147981,1099.95,0.536702,435.536
3,pi-,-29.6404,-0.0168902,-5.8451,0.00902569,1769.95,0.299171,191.111
1,mu+,0.66371,-0.0511031,-6.40096,-0.0202689,459.95,0.387598,299.827
2,mu+,3.24974,0.0523811,0.82327,-0.00732063,1099.95,0.385765,297.796
3,mu+,15.2578,0.00289933,-12.4608,-0.051782,1769.95,0.384489,296.442
1,pi-,-3.33845,0.0680514,-12.4433,-0.101894,459.95,0.371622,275.876
1,pi+,-0.825404,0.321214,13.4909,0.141536,459.95,0.934495,868.384
1,pi+,6.87803,0.0978313,3.78755,-0.134766,459.95,0.852703,740.382
2,pi+,11.7578,-0.0679158,-9.99327,-0.150364,1099.95,0.851453,738.88
3,pi+,-12.6594,0.20135,23.7662,0.0279439,1769.95,0.545194,458.793
1,pi+,-18.2115,-0.075184,-4.80001,0.0252355,459.95,0.120556,61.1854
1,pi+,-12.1501,-0.0031343,15.6312,-0.203578,459.95,0.353228,291.363
1,pi-,8.93701,0.189267,-14.4109,-0.106314,459.95,0.667468,576.054
1,pi-,4.00845,0.178981,-3.53598,0.0686007,459.95,1.9319,1806.83
1,pi-,-19.9152,-0.185513,0.934268,-0.446656,459.95,0.528114,590.019
1,pi-,4.31281,0.281508,-18.7196,0.0206328,459.95,2.59147,2470.96
1,mu-,0.299128,0.00582371,-2.11967,0.0128968,459.95,0.145267,74.5248
2,mu-,3.78632,0.0124847,0.199094,0.0115815,1099.95,0.142299,72.3941
3,mu-,1.47781,-0.0145952,7.4419,0.00737004,1769.95,0.140154,70.62
1,pi+,-11.8787,-0.0280112,5.65074,0.213668,459.95,0.951186,845.657
1,pi-,7.21522,0.0903314,-11.6553,-0.0591201,459.95,0.489316,380.589
1,pi-,6.68895,0.103454,-15.5317,-0.109083,459.95,0.501483,402.247
1,pi+,17.726,0.195099,-6.80191,-0.186989,459.95,0.73296,653.991
1,mu-,-0.276193,-0.00738287,-4.5065,0.0618659,459.95,0.135264,76.9395
1,mu+,-2.82523,-0.0611822,-13.4699,-0.10811,459.95,0.877445,786.812
1,pi+,7.88832,0.0716045,-5.02252,0.012126,459.95,0.215957,127.622
2,pi+,-4.00882,-0.0583262,-4.37299,0.0398458,1099.95,0.214099,125.586
3,pi+,-12.5202,0.0154416,20.8013,0.0700242,1769.95,0.211178,123.522
1,pi-,15.3828,0.0912343,-4.63574,-0.14727,459.95,0.624696,523.556
1,pi+,6.45508,0.0875287,-13.078,-0.211011,459.95,1.00911,904.448
3,pi+,4.76282,0.0207923,28.927,-0.0167064,1769.95,0.227108,128.327
1,pi+,7.14768,0.145739,4.7155,-0.0120052,459.95,1.60578,1478.88
1,pi-,-7.77582,-0.142677,7.57957,-0.0535164,459.95,0.235276,173.568
1,pi+,-11.5948,-0.055415,4.13176,0.0583204,459.95,0.585044,467.248
2,pi+,-5.551,-0.0398209,-2.48969,-0.067106,1099.95,0.58391,465.838
1,mu-,-2.39955,-0.00979215,0.800464,0.0208355,459.95,0.123875,58.7758
2,mu-,-5.36897,-0.0138319,5.56348,0.0121921,1099.95,0.121729,56.5807
3,mu-,-5.5126,-4.00866e-05,6.52694,0.0167416,1769.95,0.119782,54.939
1,mu+,-18.4394,0.164161,-7.04769,0.181049,459.95,0.383618,361.304
1,pi+,4.53028,0.0672452,-18.9624,0.12079,459.95,0.0931482,77.8426
1,mu-,18.596,0.160518,6.70301,0.0820228,459.95,0.694141,619.247
1,pi+,-1.18137,0.0574828,0.0573069,0.0580063,459.95,0.826226,702.331
2,mu+,6.01626,-0.0211646,-5.32878,-0.0329277,1099.95,0.67525,578.928
3,mu+,1.26205,0.0355581,6.01075,-0.00875245,1769.95,0.674027,577.582
1,pi-,-5.70389,0.039729,-5.07983,-0.255071,459.95,1.05996,960.265
1,pi+,1.53199,-0.0165438,14.6213,0.0824762,459.95,0.355188,251.217
1,pi+,-8.82439,-0.182513,-7.19754,-0.0437756,459.95,1.84294,1718.15
1,pi-,8.39611,0.0574607,-5.53985,-0.0106912,459.95,0.322652,216.801
2,pi-,18.9539,0.0514807,-4.35697,0.022649,1099.95,0.320802,214.77
3,pi-,6.93737,-0.0527156,17.1231,-0.0145403,1769.95,0.319646,213.479
1,pi-,8.82494,0.0361965,7.33331,0.156809,459.95,1.68647,1560.3
2,pi-,-11.5467,0.148409,-12.5702,-0.152181,1099.95,1.59965,1480.16
3,pi+,59.6593,-0.205318,-18.9129,-0.243143,1769.95,0.504714,473.202
1,pi+,-2.64873,-0.0861473,-11.8604,0.00460653,459.95,0.188026,109.982
2,mu+,8.27728,0.0589733,-12.349,-0.0269199,1099.95,0.115593,63.8341
1,mu+,15.7308,0.0130673,-4.58136,-0.02233,459.95,0.0788811,28.7114
1,pi+,11.4569,0.0674988,-15.985,-0.18917,459.95,0.631318,537.471
1,pi-,-8.30823,-0.0180846,-7.08835,-0.145119,459.95,0.556986,452.967
2,pi-,-16.1115,-0.124291,-0.686538,-0.03075,1099.95,0.524643,418.215
1,pi+,8.65909,0.0640064,3.10043,-0.0401742,459.95,1.5859,1454.25
2,pi+,-5.57911,-0.0153643,-0.771023,0.073356,1099.95,1.58433,1452.66
3,pi+,12.5956,0.0751678,19.1157,-0.00684043,1769.95,1.58297,1451.33
1,pi-,10.3966,0.104472,-16.8969,-0.0624833,459.95,0.34906,255.577
2,pi-,17.45,0.00418305,-5.30908,0.0310385,1099.95,0.146475,65.1628
3,pi-,9.36544,-0.0280765,4.87277,0.00644575,1769.95,0.14303,62.3388
1,pi+,-13.041,0.0438606,14.7947,-0.329852,459.95,1.03034,952.127
3,pi+,-18.3453,-0.401707,-52.2735,-0.36089,1769.95,0.334225,510.657
3,pi+,-14.2705,-0.0914068,27.3719,0.379017,1769.95,0.86288,817.535
1,pi+,4.19751,0.124313,-1.55776,-0.0834765,459.95,0.684682,575.057
2,pi+,-6.95974,-0.0912786,-17.6648,0.10662,1099.95,0.664156,553.454
1,pi+,0.0936852,0.0430496,3.25019,0.00734632,459.95,0.486798,368.72
2,pi+,5.47359,0.0433104,6.52643,-0.00347178,1099.95,0.484104,366.122
3,mu+,3.36399,0.00609763,-3.81286,-0.016871,1769.95,0.286655,200.375
1,pi+,-1.4342,0.0693954,1.52847,0.0125508,459.95,0.560454,442.291
2,pi+,-8.06064,-4.73694e-05,4.39942,0.069625,1099.95,0.558984,440.767
3,pi+,-3.12482,-0.0599598,-5.52218,0.0366251,1769.95,0.557584,439.495
1,pi-,-0.780381,0.0704298,-11.0889,-0.150875,459.95,1.63924,1514.01
1,pi-,-14.7195,-0.205309,3.01389,-0.0214825,459.95,0.548757,463.113
1,mu+,19.9893,0.137056,0.653206,0.111712,459.95,0.323758,278.069
1,pi-,-2.26578,0.0258384,0.05966,-0.0116897,459.95,0.367547,254.606
2,pi-,-5.40445,-0.037447,1.37302,-0.0200642,1099.95,0.364307,252.864
3,pi-,-7.50878,0.0256124,-14.2731,-0.0319228,1769.95,0.363029,251.511
1,mu+,13.0465,0.110269,-1.71582,-0.0263612,459.95,0.27963,214.046
1,pi-,2.53424,0.101193,-14.6482,-0.0629697,459.95,0.338742,245.698
1,pi-,5.6602,-0.156412,-19.1181,-0.00810225,459.95,0.423725,333.243
1,pi+,-6.60717,0.170711,11.5098,0.187229,459.95,1.08581,984.107
2,pi+,-2.16431,0.0706533,9.95592,0.149678,1099.95,0.984644,868.596
1,pi-,3.10853,0.0481034,-13.4039,-0.046433,459.95,0.35333,246.165
2,mu-,-2.09811,-0.0224627,-14.236,-0.0609424,1099.95,0.344279,260.278
3,mu-,27.9622,-0.00306556,-3.27357,0.0217932,1769.95,0.222391,141.537
1,mu+,-17.4179,-0.0396386,-6.88997,-0.0256009,459.95,0.0718398,30.5446
1,pi-,-16.0906,-0.242513,1.83018,-0.121904,459.95,1.70953,1596.99
1,pi-,0.489703,-0.0454621,13.8171,0.085573,459.95,0.732263,612.146
2,pi-,-12.4808,-0.0319808,9.96157,-0.0905809,1099.95,0.730876,610.688
3,pi-,24.0379,-0.0466481,14.3779,0.0830836,1769.95,0.729834,609.574
1,mu-,-8.26498,-0.0255056,-7.96557,-0.0336576,459.95,0.160707,91.2523
1,pi+,6.8772,0.243168,9.47678,0.117611,459.95,1.22872,1126.21
1,mu+,-14.0574,-0.00976145,-0.136586,0.0321395,459.95,0.148471,79.6315
2,mu+,-18.7132,-0.0309231,-2.3689,-0.00752403,1099.95,0.146533,77.7768
1,pi-,-11.968,-0.0801874,12.2013,-0.0331487,459.95,0.412975,304.903
2,mu-,-10.5403,0.0217642,11.5313,0.0226905,1099.95,0.215744,136.618
1,mu+,1.41373,0.0708392,-4.53336,0.0116374,459.95,0.280368,202.438
2,mu+,-7.80005,-0.0672328,-15.1965,0.0144315,1099.95,0.27896,200.463
3,mu+,8.02799,0.0164785,-1.21475,-0.0670898,1769.95,0.277471,199.18
1,mu-,-3.50731,0.00200383,4.91579,0.0383904,459.95,0.16587,94.727
2,mu-,-2.08029,-0.000770139,15.928,0.0336219,1099.95,0.164743,92.9237
3,mu-,-5.40745,0.0130141,17.5963,0.0246156,1769.95,0.163705,91.1622
1,pi+,9.96946,0.0782971,3.1722,-0.266741,459.95,2.31074,2192.02
1,pi+,8.25523,0.114808,0.260093,0.0571039,459.95,0.499292,394.484
1,pi+,17.7305,-0.0184655,8.92507,-0.260816,459.95,0.407011,363.921
1,pi+,5.63087,0.146853,5.81708,0.0255778,459.95,3.35586,3222.49
1,mu+,13.793,0.0558944,6.54995,0.0149615,459.95,0.0891175,44.1867
1,pi-,11.9743,0.144986,-7.84027,0.0188687,459.95,0.648634,539.829
2,mu-,16.5545,-0.0285185,-7.60207,0.106675,1099.95,0.397529,320.236
3,mu-,-25.467,-0.0641403,10.6392,-0.050995,1769.95,0.362974,281.158
1,pi+,8.64526,0.150201,16.2759,0.0996295,459.95,0.582814,486.24
2,pi-,0.0941489,0.0215171,-18.7722,0.0770801,1099.95,0.411691,302.441
1,pi-,14.6977,0.0352652,13.5408,0.0330129,459.95,0.164893,81.796
1,pi-,5.10852,0.227477,-10.6499,-0.139924,459.95,1.75637,1642.46
3,mu-,-21.2625,0.00494489,1.93626,-0.0779898,1769.95,0.357769,275.484
1,mu-,9.73909,0.191461,-17.4047,-0.0346147,459.95,0.315895,280.099
2,mu-,5.55594,-0.0782839,1.16821,-0.0118291,1099.95,0.207687,140.443
1,mu-,8.7907,0.122614,1.95337,0.150761,459.95,0.749136,675.45
1,mu+,-11.458,0.152436,16.04,-0.240729,459.95,0.456417,442.673
1,pi-,-11.4285,-0.0433626,-6.93373,-0.0533169,459.95,0.273737,175.286
2,pi-,-3.42781,-0.0209186,0.611432,0.0619391,1099.95,0.271277,172.431
3,mu-,-7.21063,-0.0320135,16.265,0.0454025,1769.95,0.231799,155.072
1,pi-,-3.84752,-0.0909136,5.27921,-0.0910794,459.95,2.28625,2154.54
2,pi-,14.4508,0.116585,-12.5813,0.0519515,1099.95,2.28462,2152.86
3,pi-,38.4293,0.0657171,-7.36744,-0.206779,1769.95,0.129544,149.112
3,pi-,35.9544,0.248441,14.5042,-0.0760182,1769.95,0.731874,649.493
1,mu+,5.14021,0.00740855,17.0384,0.152292,459.95,0.283268,232.945
1,pi-,3.98047,-0.0359753,9.66071,0.16119,459.95,0.749886,640.869
1,pi+,1.30491,0.0975169,4.80328,0.0424619,459.95,1.31139,1183.51
2,pi+,-11.2274,-0.0363921,-4.9912,0.100492,1099.95,1.30971,1181.88
3,pi+,39.7955,0.185669,51.3157,0.19877,1769.95,0.125205,190.791
1,pi-,-19.0222,-0.0544192,-6.1246,0.173198,459.95,0.409917,329.973
1,pi-,-0.26319,-0.189441,19.8144,-0.302189,459.95,0.755078,707.087
1,pi-,-0.0691785,-0.0160188,-4.89488,-0.124305,459.95,0.810059,691.925
2,mu-,-5.05196,-0.0498737,-4.77182,-0.0290111,1099.95,0.519955,428.051
3,mu-,-10.3353,-0.0541774,-7.13157,-0.0199801,1769.95,0.485698,394.742
1,pi+,-1.06839,-0.168511,-18.6681,-0.209288,459.95,0.554911,492.571
1,pi-,3.31496,0.10245,7.12896,0.111171,459.95,0.80649,692.752
1,pi-,7.40343,0.286719,-6.52888,0.0714323,459.95,1.80395,1693.74
1,mu+,-16.7391,-0.0786206,-10.9454,-0.0253888,459.967,0.0869178,54.167
1,pi+,-19.4302,-0.067234,-1.28879,0.00857581,459.95,0.17915,97.4282
1,mu+,-15.2967,-0.144372,-11.0336,-0.076526,459.95,0.365929,308.789
1,pi+,-13.0182,-0.126834,-5.86429,0.0200716,459.95,0.484668,380.884
1,pi+,-6.65793,-0.117108,-15.2356,-0.110685,459.95,0.259642,196.375
1,pi+,-3.80736,-0.103493,-12.9609,-0.0730997,459.95,0.423693,324.165
1,pi+,-10.2729,-0.225125,-7.89684,0.00375438,459.95,0.921686,819.43
1,pi-,-3.74779,-0.0903894,17.019,0.22625,459.95,1.0005,899.581
1,pi-,-17.6562,-0.151445,-9.39467,-0.00835986,459.999,0.296591,221.611
1,mu-,-6.14673,-0.0142036,-3.71094,-0.0329457,459.95,0.322424,235.528
2,mu-,-6.8372,0.00806457,-10.4081,-0.034105,1099.95,0.320849,233.953
3,mu-,8.8441,0.00167731,-8.21449,0.0362043,1769.95,0.319289,232.605
1,mu-,-1.2074,-0.0186559,-17.9801,-0.218569,459.95,0.175264,194.344
1,pi+,-7.65496,-0.157217,0.333616,0.0956889,459.95,1.27995,1161.06
2,pi+,-0.863918,-0.163377,-11.5634,-0.0590466,1099.95,1.20357,1084.45
1,pi-,11.8482,-0.0204645,15.8317,0.159994,459.95,0.312889,239.107
1,pi+,-9.08404,-0.108471,-3.33704,0.0649118,459.95,1.66363,1534.68
2,pi+,13.4877,0.0500755,6.82095,-0.111018,1099.95,1.66024,1530.97
1,mu+,-5.18511,-0.0840444,-17.9375,-0.0289373,459.95,0.21553,150.305
1,pi+,9.87065,0.0656081,-1.81014,-0.0857557,459.95,0.847889,726.487
2,pi+,12.5398,-0.048877,-11.3663,-0.0957664,1099.95,0.846182,724.759
1,pi+,-14.6511,-0.0378927,5.43489,0.159423,459.95,1.06107,943.112
1,pi+,-0.0880576,0.0388573,-2.70502,0.0219694,459.95,0.762801,637.178
2,pi+,5.04909,0.00643633,-5.86551,-0.0464616,1099.95,0.761118,635.658
3,pi+,-6.63026,0.0609011,3.31789,0.0390572,1769.95,0.757213,633.79
1,pi+,-0.355102,-0.0583247,-2.25731,-0.0333427,459.95,3.95869,3822.15
2,pi+,-9.33154,-0.0306953,1.37234,0.058948,1099.95,3.95709,3820.54
3,pi+,-10.547,0.0167961,12.6221,0.0678388,1769.95,3.95527,3818.78
1,pi+,-10.905,-0.00811979,13.3578,0.0880416,459.95,0.174768,100.932
1,pi-,-10.9996,-0.131006,9.95943,0.0216769,459.95,1.17824,1054.31
2,mu-,6.42755,-0.0351297,9.51419,0.104739,1099.95,1.04898,954.399
3,mu-,-59.4211,0.0498848,-22.8134,-0.14912,1769.95,0.66591,586.675
1,pi-,-8.09038,0.0510875,-11.6637,-0.0975759,459.95,0.726576,608.443
2,pi-,6.99025,0.0333503,-6.78966,0.104644,1099.95,0.723326,605.24
1,pi-,10.4802,0.11917,-0.388307,0.0901691,459.95,0.636564,529.029
2,pi-,-10.286,-0.0705308,2.6093,-0.130273,1099.95,0.635146,527.39
1,pi+,-6.43066,-0.0797844,-3.83853,-0.0201827,459.95,0.859327,734.898
2,pi+,-13.7515,-0.0590943,-3.75285,0.0592037,1099.95,0.856956,732.697
3,pi+,14.944,0.0418112,17.2532,-0.0720513,1769.95,0.855736,731.465
1,mu+,12.0207,0.107459,15.4615,0.00655609,459.95,0.490142,407.17
2,mu+,12.6785,-0.0369573,10.4304,-0.00915663,1099.95,0.420491,329.572
3,mu+,9.88957,-0.00575521,23.0858,0.0116674,1769.95,0.405022,313.12
1,mu-,8.10201,-0.0456782,2.33384,0.0043343,459.95,0.243711,163.904
2,mu-,0.159035,-0.0386059,2.27366,-0.0193121,1099.95,0.242093,161.991
3,mu-,-1.77356,-0.0426651,2.03794,-0.00228182,1769.95,0.240671,160.634
1,mu+,0.64303,-0.00238637,7.13729,0.153777,459.95,0.800329,716.134
1,pi+,-3.28459,-0.346477,-4.03712,0.0239474,459.95,1.38478,1294.91
1,pi+,2.8858,-0.104788,-19.051,-0.156498,459.95,0.401576,325.419
1,pi+,-2.68597,-0.0721813,-16.976,-0.0919276,459.95,0.497416,390.112
1,pi-,-4.11167,-0.0250539,2.28755,0.0153547,459.95,0.22526,127.048
2,mu-,4.19549,0.0434619,2.99898,0.0154879,1099.95,0.198854,124.201
3,mu-,4.07316,-0.0398918,25.0896,0.0225378,1769.95,0.19692,122.465
1,pi+,10.2957,0.1895,-17.1219,0.109737,459.95,0.498076,422.134
1,pi+,-19.674,0.15706,2.25994,0.0277265,459.95,0.352703,271.91
1,pi-,11.4246,0.0627213,3.80435,0.208044,459.95,0.925628,821.41
2,pi-,9.43042,-0.0882112,16.3867,0.157708,1099.95,0.838904,729.851
1,pi+,-5.90295,0.0599727,7.99598,0.124266,459.95,0.0262783,58.4422
1,pi+,17.4296,-0.145255,9.54709,-0.0455598,459.95,0.555213,452.811
1,pi+,4.27956,0.171983,5.73396,-0.0596492,459.95,1.38432,1263.62
1,pi-,-2.92175,-0.0311866,6.73122,0.0526335,459.95,0.199169,111.211
2,mu-,-11.0581,-0.0168744,0.11963,-0.0456676,1099.95,0.175573,104.959
3,mu-,1.80147,-0.0330369,3.99202,0.0344039,1769.95,0.173674,103.151
1,pi-,-11.5045,-0.00226212,-12.8671,-0.111371,459.95,0.504593,395.689
2,mu-,-5.7947,-0.0367564,-6.54102,0.0581325,1099.95,0.231609,158.04
1,mu+,-11.5293,-0.0756586,-5.60751,0.0143564,459.95,0.632699,540.408
2,mu+,-2.36356,0.0603496,0.388751,-0.0455041,1099.95,0.630755,538.335
3,mu+,-16.3886,0.0817302,7.14029,0.0373765,1769.95,0.459256,374.088
3,pi+,-45.6451,0.286018,38.0195,0.206385,1769.95,1.18491,1104.57
3,pi+,-54.1451,-0.165978,40.1725,0.183394,1769.95,0.610175,533.464
1,pi-,-9.47446,-0.12177,0.42818,-0.154616,459.95,1.31505,1197.43
1,pi+,-17.6493,-0.108262,5.81225,0.0807465,459.95,0.294996,213.62
1,pi+,-7.85478,-0.0495069,3.709,0.0770779,459.95,0.511447,398.435
2,pi+,-18.2162,-0.0638063,-7.63903,-0.0948461,1099.95,0.48844,381.122
1,pi+,0.311316,0.00479964,2.59503,0.0659876,459.95,0.9361,809.187
2,pi+,-1.18011,0.0354857,5.73892,0.0562881,1099.95,0.931937,805.106
3,pi+,22.8473,-0.0371732,-11.0693,-0.0572133,1769.95,0.930695,804
1,pi-,10.425,0.190475,0.389023,-0.0110187,459.95,0.428227,349.573
1,pi+,-4.97296,-0.000614796,9.66828,0.162428,459.95,0.675337,568.909
1,pi+,5.05258,-0.046035,-1.23397,-0.0913191,459.95,0.162565,97.8441
1,mu+,10.5988,0.132358,11.9975,0.122151,459.95,0.620408,548.947
2,mu+,-2.60976,-0.0474427,9.95937,0.141925,1099.95,0.467485,396.437
1,pi-,-6.45657,0.0676813,-9.75056,-0.17685,459.95,1.46081,1340.06
1,pi+,-7.8425,-0.0383742,16.76,0.182306,459.95,0.747377,643.219
1,mu+,-4.91843,-0.0586712,-9.59218,-0.0730405,459.95,0.246173,178.141
1,pi+,7.81196,0.0530945,11.8503,0.0223452,459.95,0.238612,142.802
1,pi+,7.70358,0.0290867,-14.4702,-0.177422,459.95,0.511511,420.294
1,pi-,3.66724,0.146001,-9.45113,-0.119543,459.95,1.63321,1510.42
1,pi-,-14.3509,-0.133117,12.3777,0.00870296,459.95,0.337776,249.491
1,pi-,-1.03021,0.015839,-10.3491,-0.064621,459.95,0.287567,186.928
2,pi-,10.715,-0.00404326,-0.621856,0.0655078,1099.95,0.28574,185.137
3,mu-,-2.50467,0.0517321,-13.5204,-0.0159122,1769.95,0.163304,96.2356
1,mu+,-7.3407,0.119949,15.0471,0.11144,459.95,0.48982,421.498
2,mu+,-7.05988,-0.12035,-1.48648,-0.119135,1099.95,0.279187,237.542
1,mu+,6.111,0.0595781,-0.725149,-0.192253,459.95,0.965373,886.117
2,mu+,4.37758,-0.0408813,-6.47645,-0.141159,1099.95,0.836092,749.801
3,mu+,-6.75699,0.125629,8.06561,0.014161,1769.95,0.623933,539.662
1,pi-,11.411,0.14092,7.54152,0.23426,459.95,1.02145,927.005
2,pi-,3.12829,-0.0136722,7.56235,0.19216,1099.95,0.771607,667.876
1,pi-,-1.11974,0.0925735,-8.57936,-0.0309376,459.95,1.51728,1387.24
2,mu-,-14.0719,-0.0703471,7.08215,-0.0850838,1099.95,1.35183,1254.78
3,mu-,2.31449,0.0850273,-25.7065,0.0390811,1769.95,1.29876,1200.74
1,mu-,11.3967,0.0974446,0.865384,0.0161145,459.95,0.326446,251.393
1,pi+,-4.60872,0.004166,8.74249,0.210852,459.95,1.76448,1642.95
1,pi+,-18.2296,-0.182569,-7.48766,0.113177,459.95,1.1611,1049.45
1,pi+,-15.031,0.0534661,-3.42258,0.0441253,460.05,-0.0784763,34.9117
1,pi-,0.377233,-0.103957,13.9238,0.0479287,459.95,0.604833,491.624
2,mu-,-8.36718,0.011741,0.0977948,-0.0485042,1099.95,0.375976,288.058
3,mu-,6.74685,0.047971,-9.12064,0.00836425,1769.95,0.374897,286.873
1,pi+,-9.1715,-0.0895546,0.481033,0.120936,459.95,3.51885,3385.26
1,pi+,15.6733,0.0822653,0.97481,0.0276507,459.95,0.325173,224.777
1,pi+,17.2107,0.0713823,-8.31313,-0.112596,459.95,0.249083,175.542
1,pi-,-11.5246,-0.277401,3.45637,0.0753863,459.95,1.36618,1263.49
3,mu-,20.0274,0.0421791,-21.1823,0.0025266,1769.95,0.175773,103.735
1,pi-,-6.41022,-0.269281,-2.195,-0.0631278,460.05,-0.0794399,180.255
1,pi-,-15.6477,0.0480634,-7.66417,-0.271242,459.95,1.09845,1001.46
2,pi-,-9.03942,-0.036623,10.433,-0.138797,1099.95,0.926638,808.45
1,pi-,-0.886051,0.106875,-9.33237,-0.0813487,459.95,0.97289,852.415
2,pi-,-3.08701,0.118175,-15.8881,-0.0608382,1099.95,0.971515,850.878
1,pi-,0.317725,0.0604222,1.2393,-0.00812552,459.95,0.65337,531.316
2,pi-,-3.81125,-0.0606353,9.54472,-0.000211765,1099.95,0.648734,526.772
3,pi-,8.89944,0.010853,-4.30011,0.0606793,1769.95,0.647393,525.56
1,pi+,10.1884,0.0638103,-1.23366,-0.120859,459.95,0.544489,438.899
1,pi+,5.58041,0.0699232,-0.137899,-0.0424765,459.95,0.623752,504.821
2,mu+,-0.429126,0.0466167,8.7018,0.074575,1099.95,0.576227,486.74
3,mu+,44.8223,-0.022974,-0.399666,-0.0472754,1769.95,0.218649,142.804
1,pi+,11.2872,0.20925,8.23414,0.0255318,459.95,0.625249,534.858
1,mu-,6.11056,0.0546128,11.8986,0.156836,459.95,0.722967,643.624
2,mu-,-18.1695,0.0197162,-5.68604,-0.159375,1099.95,0.32483,271.79
1,pi-,-13.9094,-0.134421,5.04474,0.0791198,459.95,0.662602,555.304
2,mu-,-11.3135,0.0402976,9.49083,-0.0109971,1099.95,0.236156,156.407
3,mu-,-5.66244,0.0371965,9.61582,-0.00458214,1769.95,0.229392,149.663
1,pi-,1.87304,0.042701,-4.62059,0.0245416,459.95,0.521822,402.836
2,pi-,4.86578,0.0479284,-8.58157,-0.00305782,1099.95,0.520395,401.352
3,pi-,0.56235,0.036881,-7.45506,-0.0325374,1769.95,0.5191,400.21
1,pi+,19.5683,-0.0246535,-3.58061,0.405771,459.95,0.939537,893.613
1,pi-,-2.48048,0.141976,-5.61794,-0.153592,459.95,1.38052,1263.66
2,pi+,-10.4596,-0.0793443,-2.55067,-0.165302,1099.95,0.142295,131.258
1,pi-,7.11811,0.285205,-15.2735,0.116512,459.95,2.31255,2197.58
1,pi+,8.58763,0.0101301,-3.24749,-0.318843,459.95,1.96606,1857.09
1,pi-,-1.3947,0.211433,-4.21815,-0.0013917,459.95,0.296921,250.747
1,pi+,-1.91281,-0.0902997,-4.11818,0.0709688,459.95,0.846695,726.198
2,pi+,-7.24783,0.0233098,4.90646,0.111153,1099.95,0.844977,724.354
1,pi-,0.0456502,0.06823,2.46015,-0.0556359,459.95,0.27077,177.521
2,pi-,-11.9063,-0.0760947,9.21452,-0.0444565,1099.95,0.268911,175.961
1,pi-,-2.02533,0.186621,19.8937,0.0251489,459.95,0.341725,274.815
1,mu+,6.75266,0.0425813,3.30867,0.00735847,459.95,0.213544,136.483
2,mu+,-0.116299,-0.02489,6.77531,0.0361617,1099.95,0.211364,134.687
3,mu+,2.23153,0.0297899,24.5052,0.0319773,1769.95,0.209738,133.221
1,pi+,-12.4304,-0.239056,-4.8833,0.0216144,459.95,0.752118,662.163
1,pi-,6.1809,0.00562771,7.07821,0.280383,459.95,1.3266,1223.51
1,pi-,-11.1312,-0.0541279,16.2836,0.0820104,459.95,0.166774,99.0698
1,pi-,19.4478,-0.0557995,-4.24879,0.411884,459.95,0.927285,886.149
1,pi+,15.6043,0.101459,-9.24064,-0.118036,459.95,0.595784,491.829
1,pi+,-2.29922,0.0105149,-9.22373,-0.179833,459.95,0.565946,470.533
1,pi-,-0.0737055,0.0316821,-6.94515,-0.302072,459.95,0.979268,895.175
1,mu+,-2.76789,0.0721568,1.29211,0.137147,459.95,0.883466,797.497
2,mu+,2.73847,0.151337,11.3008,0.0364921,1099.95,0.88181,796
3,mu+,22.852,-0.0780712,-39.5452,0.0849285,1769.95,0.494031,412.549
1,pi+,-8.9427,0.0671866,1.60654,0.218508,459.95,2.14137,2018.48
1,mu-,-4.32378,-0.0452319,0.897236,-0.0316665,459.95,0.567687,474.411
2,mu-,-0.707613,-0.0298156,5.42517,0.0455882,1099.95,0.566111,472.798
3,mu-,0.0212619,0.0264701,-3.30176,0.0491165,1769.95,0.564802,471.644
1,pi-,-6.50464,-0.0182235,6.31951,0.0133689,459.95,0.111911,40.7477
1,pi-,5.46833,0.117153,-14.7841,-0.126936,459.95,1.24738,1127.43
2,pi-,-2.06958,-0.0181621,-13.717,-0.12354,1099.95,1.13104,1006.87
1,pi+,-7.46285,-0.331217,-8.34488,0.111464,459.95,1.95247,1848.83
1,pi+,13.3691,0.0785592,6.68588,0.00482156,459.95,0.206846,122.079
1,pi+,9.32395,0.0563918,12.5445,0.0433909,459.95,0.452522,339.302
1,mu+,-8.73941,0.0446914,7.87326,0.113891,459.95,0.443849,366.713
2,pi+,-2.36377,0.271976,-18.2618,0.073621,1099.95,1.37349,1269.45
1,pi-,1.52107,-0.0140603,18.1679,0.11001,459.95,0.339222,243.641
1,pi+,-4.58983,-0.0386058,-8.32504,-0.0918957,459.95,0.525674,413.374
2,pi+,4.10446,0.0206151,-13.1268,-0.0946318,1099.95,0.524294,411.559
1,pi-,1.86524,0.0262023,-11.3032,-0.0877845,459.95,0.313401,215.525
2,pi-,-8.73155,-0.12353,6.78307,0.0345316,1099.95,0.248366,172.867
1,mu+,-5.33743,-0.0879175,1.09799,0.0141662,459.95,0.328297,250.534
2,mu+,-18.6937,-0.0799893,3.32416,0.0349556,1099.95,0.326965,248.869
1,pi-,-6.23892,-0.137189,12.2695,0.121601,459.95,0.619031,520.95
1,pi+,-15.5658,-0.173643,-2.50969,-0.0638235,459.95,0.553524,460.508
1,pi+,-0.420696,0.134245,15.6081,0.140337,459.95,0.516559,429.665
2,pi+,-17.7828,-0.165061,-9.15268,-0.0510267,1099.97,0.344621,270.42
1,pi+,6.78875,0.108177,8.41946,-0.0298222,459.95,1.1066,981.422
1,pi+,11.7139,0.0695682,1.35427,0.0349786,459.95,0.440627,329.147
1,pi+,10.9562,0.0914062,7.12399,0.0024367,459.95,0.411897,304.84
2,mu+,12.0388,-0.0831498,-9.34484,-0.0122602,1099.95,0.349714,269.211
1,pi-,11.315,0.0349072,5.12148,0.0792921,459.95,0.692298,571.951
2,pi-,-1.48869,-0.0619018,8.50979,-0.0618724,1099.95,0.690661,570.466
3,pi-,32.6673,0.121563,-24.3827,-0.193743,1769.95,0.393024,336.099
1,pi+,4.59376,0.15065,5.26986,-0.107579,459.95,1.46613,1344.78
1,pi-,-1.65686,0.0925567,-3.50942,-0.0869975,459.95,0.691602,577.318
2,pi-,8.85806,-0.055727,12.4346,0.111293,1099.95,0.690542,575.845
1,pi-,-4.93263,-0.0928845,-1.55045,-0.100286,459.95,0.768429,653.303
2,pi-,0.112341,0.126197,-18.4014,-0.0572638,1099.95,0.765975,651.254
3,pi-,20.7536,0.0360897,-3.72055,-0.138235,1769.95,0.515845,413.592
1,mu+,-5.90915,-0.076351,-2.13396,0.0436197,459.95,1.37316,1274.37
2,mu+,7.86024,-0.0326571,-3.14987,-0.0789748,1099.95,1.37108,1272.14
3,mu+,-25.4348,-0.0483095,-6.38123,0.0690074,1769.95,1.36974,1270.73
1,pi-,19.119,0.186982,-3.9707,0.0806365,459.95,0.682489,586.196
1,pi-,4.01057,0.0152693,0.6354,0.00199815,459.95,0.725698,599.588
2,mu-,8.22997,-0.0124774,1.75673,0.0276607,1099.95,0.555625,460.737
3,mu-,7.62178,0.0185239,-4.14028,0.0236215,1769.95,0.554272,459.392
1,pi-,2.98109,0.106437,-7.39854,-0.113766,459.95,0.992518,874.749
2,pi-,-2.85219,0.113656,-13.9796,-0.111447,1099.95,0.990162,872.97
1,pi+,10.2999,0.0370919,-0.692147,-0.121014,459.95,0.517664,411.316
1,pi+,1.29116,0.057615,14.9838,0.030241,459.95,0.313605,209.803
2,pi+,15.2311,0.0498437,11.5903,-0.0433376,1099.95,0.311335,207.952
3,mu+,-5.09724,-0.0440622,-11.2192,0.0341049,1769.95,0.302635,219.697
1,pi+,0.643628,-0.256694,-8.33306,-0.0818018,459.95,1.47535,1366.66
1,pi+,-9.52764,-0.0822245,-3.30464,0.0135947,459.95,0.485565,372.483
3,pi+,29.315,0.195508,11.7214,0.032339,1769.95,1.77303,1649.95
1,pi+,6.33779,-0.0183773,-10.0519,-0.112128,459.95,0.665009,549.362
2,pi+,-7.83221,0.01882,-0.331613,0.112414,1099.95,0.663405,547.873
1,pi-,-2.79828,0.115675,-16.7609,-0.247992,459.95,0.904096,815.286
1,pi-,-4.85523,-0.0616762,-13.7346,-0.156366,459.95,0.787643,677.813
1,pi+,-6.7054,0.142603,16.3578,0.225651,459.95,1.46593,1356.99
1,pi-,1.46073,-0.163821,-0.113727,-0.0721536,459.95,0.385527,307.816
1,pi+,-6.61139,-0.00993193,6.23871,0.143097,459.95,1.58701,1460
2,pi+,14.7492,-0.0982611,-11.2344,-0.105566,1099.95,1.58531,1458.39
3,pi+,-40.7588,-0.112912,-5.01537,0.0983745,1769.95,1.32675,1202.88
1,pi-,17.3717,0.106911,-4.58743,0.0781326,459.95,0.734818,620.016
2,pi-,12.056,-0.0448984,-2.45158,-0.0562672,1099.95,0.636795,516.303
3,pi-,8.56642,-0.00248774,-24.7822,-0.0113865,1769.95,0.602749,479.236
1,pi+,13.2115,0.137737,3.08961,-0.018445,459.95,0.467003,367.266
1,pi-,-2.22054,-0.249323,18.2243,0.0327335,459.95,0.958569,861.214
1,pi-,-5.24836,0.0656838,-17.6776,-0.260592,459.95,0.623834,553.878
1,mu+,9.87581,0.0691794,-3.13172,-0.0560133,459.95,0.293069,218.342
2,mu+,-5.7457,-0.0874143,-16.7993,0.0126837,1099.95,0.291545,216.776
3,mu+,11.7595,0.0533937,9.43213,-0.0677327,1769.95,0.286101,211.289
1,pi-,5.38037,0.110806,3.58343,0.0433578,459.95,0.113607,76.1709
1,pi-,-8.04184,-0.0924507,-3.93385,-0.0916929,459.95,0.529012,422.825
1,pi+,1.20191,-0.155535,3.59014,-0.00563257,459.95,1.18712,1065.81
1,mu+,2.20872,0.0260402,5.4442,0.00791912,459.95,0.516003,421.753
2,mu+,2.25619,0.0193919,8.33671,0.0203407,1099.95,0.513805,419.65
3,mu+,0.334082,0.00181512,6.54525,0.0331343,1769.95,0.512202,418.379
1,pi-,0.981064,-0.038861,2.70483,0.103302,459.95,0.684294,567.48
2,pi-,-12.8104,0.00860109,-6.32578,-0.107819,1099.95,0.682888,565.777
3,pi-,-24.3917,-0.120686,7.01396,-0.0813293,1769.95,0.555189,451.102
1,pi-,17.6277,0.200334,9.28587,0.0958694,459.95,0.556521,475.669
1,pi+,5.87019,0.028888,-5.81996,-0.151168,459.95,1.62423,1497.89
1,pi-,-5.84654,-0.0627241,5.51503,0.009872,459.95,0.301742,198.896
2,pi-,-12.4502,0.0143379,-7.76962,-0.0597563,1099.95,0.300248,197.186
3,pi-,6.80998,-0.0357707,2.0281,0.0431341,1769.95,0.299542,195.609
1,pi+,13.1422,0.105752,-2.23936,0.0016352,459.95,0.392915,290.602
1,pi-,10.9794,-0.00667365,4.78888,0.214302,459.95,1.44083,1323.8
1,pi+,1.17528,-0.105827,-15.6975,-0.123225,459.95,0.650074,544.872
2,mu+,11.5781,0.0623422,-4.1678,-0.0122168,1099.95,0.38113,294.916
1,pi-,-2.37349,-0.0315861,1.37238,-0.0236487,459.95,0.998658,869.566
2,pi-,-3.79921,-0.0325106,3.30076,-0.0212754,1099.95,0.997108,868.008
3,pi-,4.97377,0.0385103,-11.8508,0.0163458,1769.95,0.995606,866.641
1,pi-,19.036,-0.240502,-5.11483,0.0627268,459.95,0.398407,350.311
1,pi+,7.58921,-0.0535042,-5.61733,-0.142512,459.95,0.700459,590.7
2,pi+,-12.8973,-0.0187324,3.61372,0.151765,1099.95,0.698467,588.935
3,mu+,0.859438,-0.0116909,19.3233,0.12059,1769.95,0.282763,219.607
1,pi-,-17.9152,-0.171326,-3.48853,-0.220344,459.95,1.81703,1704.07
1,pi-,-14.6993,-0.136609,7.35946,-0.130029,459.95,1.13616,1020.57
1,mu+,10.8922,0.0448064,16.5113,-0.105656,459.95,0.134423,100.264
1,pi-,-3.78433,-0.0330458,-0.417213,0.00269968,459.95,0.523999,403.711
2,pi-,-4.35101,-0.0269143,2.94425,0.0177251,1099.95,0.522571,402.278
3,mu-,-10.3923,-0.0271961,-1.00354,0.00875024,1769.95,0.480992,387.629
1,pi+,11.1997,-0.00493954,-11.3337,-0.271458,459.95,0.943978,852.543
1,pi-,1.98894,0.0582592,3.8093,0.349708,459.95,0.343002,373.09
1,pi-,17.6746,0.122129,-9.35993,0.143885,460.04,0.391375,316.799
1,pi+,-12.2937,-0.0858828,-14.0312,-0.0244136,459.95,0.269846,177.082
1,mu+,-12.6035,0.0162085,-13.6468,-0.0867352,459.95,0.0905554,59.113
1,pi-,-0.674198,0.11647,-3.87699,-0.00949316,459.95,0.983578,860.71
2,pi-,0.269639,0.115773,-9.82558,0.00389472,1099.95,0.982092,859.13
1,pi-,2.2748,0.00458836,11.72,0.0720049,459.95,0.238044,145.65
1,pi+,-13.3457,-0.069254,11.9208,0.241892,459.95,0.863631,770.729
1,mu+,-8.83413,-0.060258,8.97695,0.282041,459.95,0.79935,750.673
2,mu+,12.2173,0.0923026,14.2313,-0.0904461,1099.95,0.385403,314.34
3,mu+,12.5908,0.0627094,-20.7143,-0.0431204,1769.95,0.157691,98.8453
1,mu+,-14.8526,0.0234091,-0.484561,-0.0624643,459.95,0.683136,588.812
2,mu+,-16.0389,0.048379,-1.37111,0.00878393,1099.95,0.601577,507.103
3,mu+,-24.1181,-0.00151798,-10.2238,0.0493378,1769.95,0.600198,505.764
1,mu+,1.35225,0.0279448,7.97985,0.0240479,459.95,0.18064,106.835
2,mu+,-0.745038,-0.035007,3.16107,-0.0129301,1099.95,0.178302,104.931
3,mu+,1.0505,0.0310488,14.0812,-0.0177379,1769.95,0.17699,103.549
1,pi-,0.753083,-0.0373151,2.50029,0.00920031,459.95,1.45074,1318.37
2,pi-,5.62131,0.0230352,-2.46606,0.0311838,1099.95,1.4489,1316.55
3,pi-,-0.245174,-0.0402846,11.296,0.00621987,1769.95,1.44709,1314.81
1,pi+,-10.3143,-0.145615,-8.99937,-0.0758652,459.95,1.19393,1073.65
2,pi+,10.1168,-0.0920005,-14.4084,-0.180946,1099.95,1.07563,963.907
1,pi+,-2.47543,-0.0420516,-18.903,-0.0604418,459.95,0.234093,142.743
1,mu+,14.8161,0.0785531,8.6629,-0.0422082,459.95,0.3236,246.238
1,pi+,-1.24212,0.0742943,10.01,0.15505,459.95,0.918027,804.789
1,pi-,1.31603,0.0994577,-11.7856,-0.0735224,459.95,0.472717,368.601
1,pi-,-2.30857,-0.122509,6.97528,0.11825,459.95,1.77211,1646.17
1,pi-,-17.2673,-0.26502,5.43079,-0.0373825,459.95,0.903728,813.234
1,pi+,6.00098,0.0779787,1.85851,-0.048017,459.95,0.477775,366.528
2,pi+,18.4852,0.0412647,-3.51388,-0.0788687,1099.95,0.4767,365.054
3,pi+,24.2693,-0.0269588,-18.187,-0.0937134,1769.95,0.429746,322.674
1,mu+,-12.7921,-0.168236,7.56056,0.0891983,459.95,0.666551,595.564
