x,y,z,bx,by,bz,particle,energy,volume
-19.125933,-128.438211,-470.000000,-0.512310,-3.440361,20.469558,pi-,1767.087681,Solenoid_1_FieldVolume
-149.226457,-62.664999,3780.000000,-1.844861,-0.774716,9.447488,pi-,1766.136118,Solenoid_1_FieldVolume
41.800613,-76.670582,1230.000000,1.119676,-2.053708,20.469558,pi-,912.154672,Solenoid_1_FieldVolume
-111.250611,-192.677970,5110.500000,-0.941395,-1.630428,6.298326,pi-,911.026464,Solenoid_1_FieldVolume
393.576416,-197.500961,-470.000000,10.542386,-5.290285,20.469558,pi-,540.482704,Solenoid_1_FieldVolume
362.645583,-221.753589,2930.000000,5.230544,-3.198417,11.022070,pi-,306.222519,Solenoid_1_FieldVolume
-189.130697,-131.310597,1230.000000,-5.066078,-3.517302,20.469558,pi+,1207.402453,Solenoid_1_FieldVolume
49.824700,237.062415,-450.000000,-1.489552,-7.087185,20.469558,mu-,227.680744,Solenoid_1_FieldVolume
11.179136,-204.705296,-470.000000,0.299446,-5.483261,20.469558,pi-,377.632096,Solenoid_1_FieldVolume
210.622291,184.505974,-590.149991,-0.000000,-0.000000,20.469558,pi+,193.722490,Solenoid_1_FieldVolume
25.803777,73.391003,-989.216652,-0.000000,-0.000000,20.469558,pi-,266.567342,Solenoid_1_FieldVolume
44.590026,51.523786,2930.000000,0.643135,0.743143,11.022070,mu-,188.954713,Solenoid_1_FieldVolume
-211.390292,26.625992,6810.000000,-0.871127,0.109724,3.149163,mu-,121.565460,Solenoid_1_FieldVolume
-196.142813,31.096309,10645.500000,-0.829873,0.131567,3.149163,mu-,118.701337,Solenoid_1_FieldVolume
-106.019236,86.915104,14906.868004,0.000000,-0.000000,1.574581,mu-,113.294497,Solenoid_1_FieldVolume
-103.966662,65.865950,16617.148573,0.000000,-0.000000,1.574581,mu-,110.547635,Solenoid_1_FieldVolume
-110.237784,79.649649,17367.393800,0.000000,-0.000000,1.574581,mu-,108.349987,Solenoid_1_FieldVolume
3.844858,13.194573,-470.000000,0.102989,0.353431,20.469558,pi+,747.813049,Solenoid_1_FieldVolume
282.825829,77.407672,3780.000000,3.496526,0.956978,9.447488,pi+,671.511359,Solenoid_1_FieldVolume
-102.431655,123.448617,2930.000000,-1.477402,1.780536,11.022070,pi-,583.882598,Solenoid_1_FieldVolume
-110.584498,-60.634827,380.000000,-2.962130,-1.624172,20.469558,pi+,363.386165,Solenoid_1_FieldVolume
-59.491130,-23.038765,4215.500000,-0.503410,-0.194952,6.298326,pi+,362.649811,Solenoid_1_FieldVolume
91.909633,-107.290172,7660.000000,0.378754,-0.442137,3.149163,mu+,244.347778,Solenoid_1_FieldVolume
-6.338547,-33.062988,1230.000000,-0.169785,-0.885629,20.469558,mu+,818.095460,Solenoid_1_FieldVolume
-148.471387,223.215945,5110.500000,-1.256355,1.888838,6.298326,mu+,816.715732,Solenoid_1_FieldVolume
-321.917547,111.853434,9360.000000,-1.326603,0.460941,3.149163,mu+,705.263407,Solenoid_1_FieldVolume
85.565759,-0.841970,380.000000,2.291975,-0.022553,20.469558,pi-,689.972661,Solenoid_1_FieldVolume
214.870520,-185.130031,4215.500000,1.818219,-1.566558,6.298326,pi-,643.135533,Solenoid_1_FieldVolume
-57.771293,88.674610,380.000000,-1.547469,2.375249,20.469558,pi+,628.604443,Solenoid_1_FieldVolume
88.002138,83.970186,4215.500000,0.744668,0.710550,6.298326,pi+,600.089316,Solenoid_1_FieldVolume
44.763658,-58.573804,1230.000000,1.199045,-1.568965,20.469558,pi+,529.621240,Solenoid_1_FieldVolume
-153.764563,-139.012662,5110.500000,-1.301145,-1.176316,6.298326,pi+,528.223444,Solenoid_1_FieldVolume
-104.006735,-56.227694,9360.000000,-0.428606,-0.231711,3.149163,pi+,450.720653,Solenoid_1_FieldVolume
230.490880,-43.810008,2930.000000,3.324438,-0.631885,11.022070,pi-,838.633823,Solenoid_1_FieldVolume
4.395321,68.318044,2930.000000,0.063395,0.985371,11.022070,pi+,200.716581,Solenoid_1_FieldVolume
32.599951,21.522822,380.000000,0.873226,0.576513,20.469558,pi+,352.157094,Solenoid_1_FieldVolume
-21.896790,109.524106,3780.000000,-0.270706,1.354027,9.447488,mu+,213.883355,Solenoid_1_FieldVolume
-7.851453,-3.219250,2930.000000,-0.113244,-0.046432,11.022070,pi+,654.106348,Solenoid_1_FieldVolume
-35.155323,47.641809,6810.000000,-0.144873,0.196329,3.149163,pi+,652.841901,Solenoid_1_FieldVolume
-82.193925,6.607011,10645.500000,-0.347760,0.027954,3.149163,pi+,652.141984,Solenoid_1_FieldVolume
-529.439032,-250.976867,-470.000000,-14.181618,-6.722697,20.469558,mu-,275.088662,Solenoid_1_FieldVolume
-28.297082,-80.512983,380.000000,-0.757969,-2.156631,20.469558,mu+,150.157237,Solenoid_1_FieldVolume
63.533620,-13.361572,-1300.000000,-1.899392,0.399456,20.469558,pi-,229.405703,Solenoid_1_FieldVolume
-42.131863,20.777964,1230.000000,-1.128549,0.556561,20.469558,pi-,526.627469,Solenoid_1_FieldVolume
157.371375,-73.313972,5110.500000,1.331666,-0.620378,6.298326,pi-,523.993913,Solenoid_1_FieldVolume
51.620010,-29.416189,9360.000000,0.212723,-0.121222,3.149163,pi-,488.199969,Solenoid_1_FieldVolume
69.036438,-284.294791,2080.000000,1.137981,-4.686249,12.596651,pi+,497.311795,Solenoid_1_FieldVolume
-11.756999,162.866603,380.000000,-0.314924,4.362565,20.469558,pi+,1098.616218,Solenoid_1_FieldVolume
-2.248193,48.337432,1230.000000,-0.060220,1.294772,20.469558,pi+,1293.204209,Solenoid_1_FieldVolume
-13.832941,-156.936581,5110.500000,-0.117053,-1.327987,6.298326,pi+,1292.064842,Solenoid_1_FieldVolume
-631.688102,238.100841,9360.000000,-2.603150,0.981200,3.149163,pi+,1100.533080,Solenoid_1_FieldVolume
-62.960773,-42.745928,-470.000000,-1.686475,-1.144998,20.469558,pi-,905.838735,Solenoid_1_FieldVolume
87.326300,-13.904763,3780.000000,1.079600,-0.171902,9.447488,pi-,867.708651,Solenoid_1_FieldVolume
61.342928,-27.045246,380.000000,1.643139,-0.724437,20.469558,pi+,374.477768,Solenoid_1_FieldVolume
23.184763,7.047713,4215.500000,0.196188,0.059637,6.298326,pi+,373.744139,Solenoid_1_FieldVolume
71.097952,93.157602,8510.000000,0.292991,0.383897,3.149163,pi+,371.381648,Solenoid_1_FieldVolume
177.181368,228.966668,11810.228395,-0.000000,-0.000000,1.574581,pi+,370.267964,Solenoid_1_FieldVolume
-10.982703,-61.245402,2080.000000,-0.181036,-1.009555,12.596651,pi+,577.876696,Solenoid_1_FieldVolume
-39.663866,-132.447684,5960.000000,-0.245179,-0.818714,4.723744,pi+,576.677678,Solenoid_1_FieldVolume
-37.728506,-39.793150,10210.000000,-0.155477,-0.163985,3.149163,pi+,575.024095,Solenoid_1_FieldVolume
414.733052,-315.004994,14090.000000,0.854545,-0.649059,1.574581,pi+,503.798356,Solenoid_1_FieldVolume
-358.589143,-212.503955,2080.000000,-5.910900,-3.502866,12.596651,pi-,161.986733,Solenoid_1_FieldVolume
45.289933,-78.839732,2930.000000,0.653230,-1.137129,11.022070,pi+,1152.542442,Solenoid_1_FieldVolume
20.252391,-105.811756,2080.000000,0.333836,-1.744176,12.596651,pi+,723.839208,Solenoid_1_FieldVolume
91.481707,36.991812,5960.000000,0.565486,0.228662,4.723744,pi+,722.046761,Solenoid_1_FieldVolume
-108.995979,90.326259,9360.000000,-0.449166,0.372229,3.149163,pi+,706.825584,Solenoid_1_FieldVolume
-4.019259,-377.248526,13240.000000,-0.008282,-0.777310,1.574581,pi+,664.600542,Solenoid_1_FieldVolume
-292.398971,244.771270,17490.000000,-0.602480,0.504344,1.574581,pi+,462.248568,Solenoid_1_FieldVolume
3.046731,112.933607,-470.000000,0.081610,3.025053,20.469558,pi-,1337.107574,Solenoid_1_FieldVolume
85.942890,29.741654,3780.000000,1.062497,0.367691,9.447488,pi-,1261.141318,Solenoid_1_FieldVolume
-293.640422,33.804367,10210.000000,-1.210075,0.139306,3.149163,pi+,676.457069,Solenoid_1_FieldVolume
-421.036643,-34.362535,10645.500000,-1.781391,-0.145387,3.149163,pi-,239.051997,Solenoid_1_FieldVolume
-535.119389,-2.862008,10645.500000,-2.264072,-0.012109,3.149163,pi-,693.173615,Solenoid_1_FieldVolume
73.225989,133.950853,2080.000000,1.207040,2.208015,12.596651,pi-,856.150255,Solenoid_1_FieldVolume
354.203267,-221.732910,5960.000000,2.189476,-1.370622,4.723744,pi-,814.866476,Solenoid_1_FieldVolume
141.231068,331.274369,2930.000000,2.037017,4.778068,11.022070,pi-,360.881710,Solenoid_1_FieldVolume
113.505175,291.023599,3180.654836,-0.000000,-0.000000,9.447488,pi-,173.561261,Solenoid_1_FieldVolume
-262.324949,388.007905,-470.000000,-7.026668,10.393227,20.469558,pi+,585.091740,Solenoid_1_FieldVolume
-223.421661,402.619282,1230.000000,-5.984600,10.784609,20.469558,pi+,445.840492,Solenoid_1_FieldVolume
-58.909269,-155.633384,-470.000000,-1.577951,-4.168815,20.469558,pi+,545.196424,Solenoid_1_FieldVolume
-87.534726,-190.401630,2930.000000,-1.262539,-2.746219,11.022070,mu+,337.376060,Solenoid_1_FieldVolume
-29.587161,178.337867,2930.000000,-0.426744,2.572220,11.022070,pi-,549.059487,Solenoid_1_FieldVolume
-89.005144,30.644802,1230.000000,-2.384103,0.820855,20.469558,pi+,973.426163,Solenoid_1_FieldVolume
-238.483610,178.003640,-470.000000,-6.388051,4.768027,20.469558,pi-,442.063661,Solenoid_1_FieldVolume
-251.524555,156.858722,2930.000000,-3.627813,2.262420,11.022070,mu-,215.909126,Solenoid_1_FieldVolume
-20.492364,-341.334380,1230.000000,-0.548911,-9.143024,20.469558,pi-,908.485854,Solenoid_1_FieldVolume
-266.321281,78.609289,2930.000000,-3.841230,1.133805,11.022070,pi+,1357.871808,Solenoid_1_FieldVolume
79.637970,-58.405535,-470.000000,2.133192,-1.564458,20.469558,pi-,203.754096,Solenoid_1_FieldVolume
71.578016,-66.145885,3780.000000,0.884907,-0.817750,9.447488,pi-,202.486713,Solenoid_1_FieldVolume
67.722049,-29.983788,309.214590,-0.000000,0.000000,20.469558,pi+,249.248207,Solenoid_1_FieldVolume
16.293768,-53.560515,3780.000000,0.201437,-0.662159,9.447488,mu+,185.686845,Solenoid_1_FieldVolume
-104.608592,-93.715083,380.000000,-2.802058,-2.510264,20.469558,mu+,367.432448,Solenoid_1_FieldVolume
-4.983825,109.542237,4215.500000,-0.042173,0.926939,6.298326,mu+,365.522076,Solenoid_1_FieldVolume
47.935965,-17.876528,2080.000000,0.790165,-0.294673,12.596651,pi+,302.405914,Solenoid_1_FieldVolume
79.772621,-218.887873,5960.000000,0.493107,-1.353036,4.723744,pi+,301.071626,Solenoid_1_FieldVolume
302.858143,194.620575,5130.000000,-2.089432,-1.342696,4.723744,mu+,195.464284,Solenoid_1_FieldVolume
2.674279,-20.091468,1230.000000,0.071634,-0.538172,20.469558,pi-,213.732694,Solenoid_1_FieldVolume
-67.050746,72.386478,380.000000,-1.796029,1.938953,20.469558,pi+,829.939221,Solenoid_1_FieldVolume
-42.023964,15.197709,4215.500000,-0.355604,0.128602,6.298326,pi+,829.222541,Solenoid_1_FieldVolume
0.865808,-52.071066,2080.000000,0.014272,-0.858327,12.596651,pi+,1029.136653,Solenoid_1_FieldVolume
-60.004599,-270.699570,5960.000000,-0.370913,-1.673306,4.723744,pi+,1027.750104,Solenoid_1_FieldVolume
150.743569,-51.046372,10210.000000,0.621205,-0.210359,3.149163,pi+,945.554123,Solenoid_1_FieldVolume
-122.933431,137.073831,380.000000,-3.292910,3.671676,20.469558,pi+,439.004856,Solenoid_1_FieldVolume
-226.595531,205.569876,4215.500000,-1.917436,1.739518,6.298326,pi+,339.896701,Solenoid_1_FieldVolume
121.356800,-689.907803,3978.324987,-0.000000,0.000000,6.298326,pi-,1174.301034,Solenoid_1_FieldVolume
-12.272076,-18.819160,380.000000,-0.328721,-0.504092,20.469558,pi-,242.833489,Solenoid_1_FieldVolume
-42.945250,-26.220559,4215.500000,-0.363400,-0.221877,6.298326,pi-,241.927016,Solenoid_1_FieldVolume
41.933988,-64.908925,8510.000000,0.172808,-0.267486,3.149163,pi-,240.261486,Solenoid_1_FieldVolume
80.499767,38.616655,12390.000000,0.165867,0.079568,1.574581,pi-,237.962896,Solenoid_1_FieldVolume
68.700903,-66.342066,15790.000000,0.141556,-0.136696,1.574581,mu-,151.073129,Solenoid_1_FieldVolume
503.851063,60.265310,14090.000000,1.038170,0.124175,1.574581,pi-,333.953267,Solenoid_1_FieldVolume
634.454537,295.748949,13644.065526,-0.000000,-0.000000,1.574581,pi-,230.078914,Solenoid_1_FieldVolume
-96.007921,170.807108,2080.000000,-1.582572,2.815545,12.596651,mu+,213.189436,Solenoid_1_FieldVolume
-5.624032,40.003160,2930.000000,-0.081117,0.576977,11.022070,pi-,721.183433,Solenoid_1_FieldVolume
-11.197733,149.620571,6810.000000,-0.046145,0.616578,3.149163,pi-,720.016928,Solenoid_1_FieldVolume
137.966607,58.513603,10645.500000,0.583732,0.247569,3.149163,pi-,719.321058,Solenoid_1_FieldVolume
-227.307032,453.246978,14940.000000,-0.468360,0.933902,1.574581,pi-,615.830877,Solenoid_1_FieldVolume
-32.860609,158.337232,2930.000000,-0.473958,2.283745,11.022070,pi-,1479.364520,Solenoid_1_FieldVolume
272.288537,21.646525,6810.000000,1.122085,0.089204,3.149163,pi-,1477.975822,Solenoid_1_FieldVolume
-91.897711,275.398609,10645.500000,-0.388816,1.165202,3.149163,pi-,1261.410095,Solenoid_1_FieldVolume
-8.790874,241.395085,10230.500000,0.039292,-1.078948,3.149163,pi-,174.007913,Solenoid_1_FieldVolume
-26.143585,-199.856193,2080.000000,-0.430945,-3.294383,12.596651,pi+,1405.542115,Solenoid_1_FieldVolume
-15.871073,-389.310005,5960.000000,-0.098106,-2.406486,4.723744,pi+,845.815476,Solenoid_1_FieldVolume
73.853944,-367.553777,10210.000000,0.304348,-1.514668,3.149163,pi+,723.950900,Solenoid_1_FieldVolume
-11.717714,24.596933,-470.000000,-0.313872,0.658856,20.469558,pi+,669.864426,Solenoid_1_FieldVolume
124.566539,225.818875,3780.000000,1.539994,2.791759,9.447488,pi+,668.762189,Solenoid_1_FieldVolume
11.034674,-153.573449,2930.000000,0.159156,-2.215035,11.022070,pi+,323.042988,Solenoid_1_FieldVolume
-105.637511,-36.418570,2080.000000,-1.741304,-0.600315,12.596651,pi+,527.089504,Solenoid_1_FieldVolume
40.456710,32.415881,1230.000000,1.083678,0.868296,20.469558,pi-,355.898364,Solenoid_1_FieldVolume
135.578400,-24.819710,4215.500000,1.147255,-0.210023,6.298326,mu-,321.229124,Solenoid_1_FieldVolume
164.113299,-120.130076,2930.000000,2.367054,-1.732671,11.022070,pi+,882.278531,Solenoid_1_FieldVolume
-83.937507,-8.602728,739.522833,0.000000,0.000000,20.469558,pi+,484.671139,Solenoid_1_FieldVolume
-196.655344,-17.159868,4215.500000,-1.664084,-0.145206,6.298326,mu+,382.707264,Solenoid_1_FieldVolume
44.300697,-44.563958,2930.000000,0.638962,-0.642759,11.022070,pi-,564.229268,Solenoid_1_FieldVolume
-32.069200,-20.091635,1230.000000,-0.859009,-0.538177,20.469558,pi+,408.634793,Solenoid_1_FieldVolume
-28.304525,49.302287,1230.000000,-0.758168,1.320617,20.469558,mu-,254.707336,Solenoid_1_FieldVolume
119.457983,-16.241298,2080.000000,1.969118,-0.267718,12.596651,pi+,502.162548,Solenoid_1_FieldVolume
6.933654,-50.623656,1230.000000,0.185726,-1.356011,20.469558,pi-,1314.948168,Solenoid_1_FieldVolume
-76.199365,129.278408,5110.500000,-0.644794,1.093945,6.298326,pi-,1313.351195,Solenoid_1_FieldVolume
-159.659628,-417.226724,9360.000000,-0.657948,-1.719367,3.149163,pi-,1159.526821,Solenoid_1_FieldVolume
-3.211474,78.693368,2930.000000,-0.046320,1.135018,11.022070,pi+,456.431518,Solenoid_1_FieldVolume
-36.997020,309.900322,6810.000000,-0.152463,1.277081,3.149163,pi+,454.310253,Solenoid_1_FieldVolume
-3.763867,5.663592,10210.000000,-0.015511,0.023339,3.149163,mu+,262.409838,Solenoid_1_FieldVolume
5.371037,-47.693650,-470.000000,0.143869,-1.277528,20.469558,pi-,311.701377,Solenoid_1_FieldVolume
-22.577858,-76.972842,3780.000000,-0.279126,-0.951602,9.447488,pi-,310.319917,Solenoid_1_FieldVolume
81.512811,-103.893886,6810.000000,0.335910,-0.428141,3.149163,pi-,255.262766,Solenoid_1_FieldVolume
72.557061,-149.273551,10645.500000,0.306986,-0.631571,3.149163,pi-,253.926028,Solenoid_1_FieldVolume
-132.810618,-31.474195,14940.000000,-0.273652,-0.064852,1.574581,pi-,175.064122,Solenoid_1_FieldVolume
10.006218,20.969460,380.000000,0.268028,0.561691,20.469558,pi+,1405.213786,Solenoid_1_FieldVolume
80.705570,-0.932305,4215.500000,0.682925,-0.007889,6.298326,pi+,1404.445115,Solenoid_1_FieldVolume
-211.601386,91.809035,8510.000000,-0.871997,0.378340,3.149163,pi+,1403.389709,Solenoid_1_FieldVolume
131.598286,105.366118,2080.000000,2.169235,1.736831,12.596651,pi-,312.133041,Solenoid_1_FieldVolume
-49.773519,-64.381709,2930.000000,-0.717898,-0.928596,11.022070,pi+,1382.287391,Solenoid_1_FieldVolume
186.382348,-69.246081,6810.000000,0.768071,-0.285359,3.149163,pi+,1381.129535,Solenoid_1_FieldVolume
-181.431965,-155.862192,10645.500000,-0.767632,-0.659448,3.149163,pi+,1309.829505,Solenoid_1_FieldVolume
56.680212,-60.919206,-470.000000,1.518243,-1.631789,20.469558,pi-,383.289557,Solenoid_1_FieldVolume
72.046920,5.403876,3780.000000,0.890703,0.066807,9.447488,pi-,382.320688,Solenoid_1_FieldVolume
-55.619620,0.682682,2930.000000,-0.802218,0.009847,11.022070,pi+,271.729961,Solenoid_1_FieldVolume
-38.398417,6.496965,380.000000,-1.028545,0.174029,20.469558,pi+,810.186339,Solenoid_1_FieldVolume
-32.479002,42.641583,4215.500000,-0.274835,0.360830,6.298326,pi+,809.288743,Solenoid_1_FieldVolume
-86.286260,105.667177,8510.000000,-0.355581,0.435448,3.149163,pi+,807.752020,Solenoid_1_FieldVolume
-60.673942,-271.087794,12390.000000,-0.125017,-0.558569,1.574581,pi+,806.381347,Solenoid_1_FieldVolume
-129.483883,371.001202,16640.000000,-0.266798,0.764437,1.574581,pi+,620.248214,Solenoid_1_FieldVolume
2.064241,44.999647,2080.000000,0.034026,0.741764,12.596651,mu-,302.656687,Solenoid_1_FieldVolume
96.590346,95.396908,2080.000000,1.592173,1.572500,12.596651,mu-,613.988126,Solenoid_1_FieldVolume
203.069915,172.749408,5960.000000,1.255259,1.067835,4.723744,mu-,577.539831,Solenoid_1_FieldVolume
10.586894,-257.656648,10210.000000,0.043628,-1.061788,3.149163,mu-,462.795688,Solenoid_1_FieldVolume
88.709670,293.351336,1230.000000,2.376188,7.857744,20.469558,pi+,271.300660,Solenoid_1_FieldVolume
-40.708899,43.104249,380.000000,-1.090433,1.154596,20.469558,pi+,550.345593,Solenoid_1_FieldVolume
-46.164498,32.315672,3780.000000,-0.570724,0.399513,9.447488,mu+,498.540874,Solenoid_1_FieldVolume
57.358715,191.484218,7660.000000,0.236372,0.789095,3.149163,mu+,497.328052,Solenoid_1_FieldVolume
99.611411,-224.745440,380.000000,2.668203,-6.020059,20.469558,pi+,328.961336,Solenoid_1_FieldVolume
187.315776,-401.414430,380.000000,5.017463,-10.752336,20.469558,pi-,193.949444,Solenoid_1_FieldVolume
-51.815000,-20.402706,-470.000000,-1.387923,-0.546509,20.469558,pi-,979.906258,Solenoid_1_FieldVolume
-1.792163,-47.198186,3780.000000,-0.022156,-0.583503,9.447488,pi-,978.249874,Solenoid_1_FieldVolume
-196.143092,-45.393728,7660.000000,-0.808294,-0.187065,3.149163,pi-,977.153445,Solenoid_1_FieldVolume
84.618052,205.544141,11540.500000,0.179008,0.434825,1.574581,pi-,975.882644,Solenoid_1_FieldVolume
-522.381618,465.958630,15205.015682,0.000000,-0.000000,1.574581,pi-,830.595585,Solenoid_1_FieldVolume
88.713913,-95.960338,2080.000000,1.462339,-1.581788,12.596651,pi+,461.960212,Solenoid_1_FieldVolume
-105.949616,-3.086381,-470.000000,-2.837979,-0.082672,20.469558,pi-,1527.249887,Solenoid_1_FieldVolume
-142.138244,27.177751,3780.000000,-1.757230,0.335994,9.447488,pi-,1526.547371,Solenoid_1_FieldVolume
293.539046,-98.606990,7660.000000,1.209657,-0.406354,3.149163,pi-,1450.370809,Solenoid_1_FieldVolume
106.479437,-392.085922,380.000000,2.852171,-10.502461,20.469558,pi+,2945.502911,Solenoid_1_FieldVolume
-109.356777,-566.138262,10210.000000,-0.450653,-2.333023,3.149163,pi-,855.375053,Solenoid_1_FieldVolume
56.585184,143.714109,380.000000,1.515698,3.849544,20.469558,pi+,2331.713591,Solenoid_1_FieldVolume
47.354124,-9.837556,-1300.000000,-1.415692,0.294102,20.469558,pi+,148.221533,Solenoid_1_FieldVolume
30.044040,-7.246829,1230.000000,0.804763,-0.194114,20.469558,pi+,385.192487,Solenoid_1_FieldVolume
-0.510381,25.782386,5110.500000,-0.004319,0.218169,6.298326,pi+,383.407471,Solenoid_1_FieldVolume
-110.869093,432.839572,5980.000000,0.509927,-1.990786,3.149163,pi+,206.125772,Solenoid_1_FieldVolume
-2.122947,-58.795258,2930.000000,-0.030620,-0.848021,11.022070,pi-,401.817137,Solenoid_1_FieldVolume
-284.958628,-25.690289,6810.000000,-1.174298,-0.105868,3.149163,pi-,362.523910,Solenoid_1_FieldVolume
-239.427741,-31.187427,5980.000000,1.101215,0.143442,3.149163,pi-,158.316962,Solenoid_1_FieldVolume
19.282316,76.430873,2080.000000,0.317845,1.259869,12.596651,pi-,276.929732,Solenoid_1_FieldVolume
153.246328,-131.878341,5960.000000,0.947279,-0.815194,4.723744,pi-,275.049030,Solenoid_1_FieldVolume
2.617352,-15.115849,-470.000000,0.070109,-0.404895,20.469558,pi+,592.724828,Solenoid_1_FieldVolume
-50.947507,-105.936936,3780.000000,-0.629855,-1.309680,9.447488,pi+,591.912635,Solenoid_1_FieldVolume
-97.317232,269.849950,7660.000000,-0.401039,1.112036,3.149163,pi+,541.640857,Solenoid_1_FieldVolume
-350.611894,-335.744353,-470.000000,-9.391533,-8.993289,20.469558,pi+,300.190627,Solenoid_1_FieldVolume
27.583892,-28.074060,-470.000000,0.738865,-0.751995,20.469558,pi+,938.870965,Solenoid_1_FieldVolume
28.168830,17.190828,3780.000000,0.348246,0.212527,9.447488,pi+,938.208152,Solenoid_1_FieldVolume
-38.109770,-68.564843,7660.000000,-0.157048,-0.282552,3.149163,pi+,937.031771,Solenoid_1_FieldVolume
185.570593,-43.962299,11540.500000,0.392571,-0.093001,1.574581,pi+,935.775694,Solenoid_1_FieldVolume
-258.885411,102.720185,2080.000000,-4.267407,1.693216,12.596651,pi+,653.179215,Solenoid_1_FieldVolume
-134.030045,94.925964,1230.000000,-3.590145,2.542698,20.469558,pi+,1020.840127,Solenoid_1_FieldVolume
141.804172,-93.392481,6810.000000,0.584367,-0.384865,3.149163,pi+,348.365690,Solenoid_1_FieldVolume
60.395733,103.310069,2930.000000,0.871105,1.490072,11.022070,pi-,421.028574,Solenoid_1_FieldVolume
165.859234,-306.677971,6810.000000,0.683496,-1.263802,3.149163,pi-,381.484730,Solenoid_1_FieldVolume
86.715382,-130.056179,10645.500000,0.366890,-0.550263,3.149163,pi-,214.770604,Solenoid_1_FieldVolume
-78.021964,-56.773847,380.000000,-2.089906,-1.520751,20.469558,pi+,891.683555,Solenoid_1_FieldVolume
-384.565708,221.346095,3726.578392,0.000000,-0.000000,9.447488,pi-,189.301507,Solenoid_1_FieldVolume
-337.909925,240.805849,4215.500000,-2.859370,2.037682,6.298326,pi+,156.079302,Solenoid_1_FieldVolume
114.250904,11.862008,-470.000000,3.060339,0.317737,20.469558,pi+,334.353027,Solenoid_1_FieldVolume
33.405156,61.364245,-470.000000,0.894795,1.643710,20.469558,pi-,423.587663,Solenoid_1_FieldVolume
-44.507631,126.584213,3780.000000,-0.550240,1.564938,9.447488,pi-,422.769473,Solenoid_1_FieldVolume
-48.435346,-89.393226,3800.500000,0.432977,0.799110,6.298326,pi-,226.410743,Solenoid_1_FieldVolume
-52.997128,-139.599298,400.000000,1.584395,4.173441,20.469558,mu-,189.116677,Solenoid_1_FieldVolume
31.742587,-6.499395,1230.000000,0.850261,-0.174094,20.469558,mu-,237.247360,Solenoid_1_FieldVolume
116.644464,38.006416,1230.000000,3.124453,1.018044,20.469558,pi+,1620.328222,Solenoid_1_FieldVolume
77.563843,-2.913043,380.000000,2.077634,-0.078029,20.469558,pi+,294.961240,Solenoid_1_FieldVolume
133.214588,-19.360384,4215.500000,1.127253,-0.163826,6.298326,pi+,293.581744,Solenoid_1_FieldVolume
81.221277,29.495092,2080.000000,1.338833,0.486190,12.596651,pi+,641.493616,Solenoid_1_FieldVolume
-254.547521,-72.776514,5110.500000,-2.153964,-0.615830,6.298326,mu+,431.243868,Solenoid_1_FieldVolume
-236.349005,21.991220,9360.000000,-0.973980,0.090625,3.149163,mu+,301.132099,Solenoid_1_FieldVolume
-12.873822,-37.812328,-470.000000,-0.344840,-1.012846,20.469558,pi-,342.084409,Solenoid_1_FieldVolume
49.969507,-73.733566,2930.000000,0.720725,-1.063481,11.022070,mu-,321.105659,Solenoid_1_FieldVolume
-18.840668,7.596596,380.000000,-0.504668,0.203483,20.469558,pi+,216.568665,Solenoid_1_FieldVolume
20.336672,28.267683,3780.000000,0.251419,0.349468,9.447488,mu+,193.713529,Solenoid_1_FieldVolume
119.197570,-15.185725,7660.000000,0.491206,-0.062579,3.149163,mu+,192.333721,Solenoid_1_FieldVolume
-45.839243,-58.214597,11540.500000,-0.096972,-0.123152,1.574581,mu+,190.415435,Solenoid_1_FieldVolume
-59.249893,-48.321192,15790.000000,-0.122083,-0.099564,1.574581,mu+,189.412838,Solenoid_1_FieldVolume
108.812240,-53.737537,-470.000000,2.914658,-1.439420,20.469558,pi-,361.757674,Solenoid_1_FieldVolume
59.952268,-79.064920,3780.000000,0.741179,-0.977466,9.447488,pi-,360.982463,Solenoid_1_FieldVolume
-16.370607,-17.302375,2080.000000,-0.269849,-0.285208,12.596651,pi+,355.396856,Solenoid_1_FieldVolume
60.067093,49.154429,1230.000000,1.608964,1.316656,20.469558,pi+,398.993126,Solenoid_1_FieldVolume
26.447038,23.899099,2080.000000,0.435947,0.393947,12.596651,mu+,350.817820,Solenoid_1_FieldVolume
-21.999193,59.267706,-470.000000,-0.589273,1.587552,20.469558,pi+,1528.105911,Solenoid_1_FieldVolume
-61.659776,64.577190,3780.000000,-0.762289,0.798357,9.447488,pi+,1527.258692,Solenoid_1_FieldVolume
248.510398,-20.501335,6810.000000,1.024097,-0.084485,3.149163,pi+,1499.632605,Solenoid_1_FieldVolume
22.147449,-73.426422,2930.000000,0.319439,-1.059051,11.022070,pi+,245.284533,Solenoid_1_FieldVolume
87.283060,26.094962,6284.447668,-0.000000,-0.000000,3.149163,pi+,243.673183,Solenoid_1_FieldVolume
5.098624,-8.124694,380.000000,0.136572,-0.217629,20.469558,pi-,159.208644,Solenoid_1_FieldVolume
72.210246,-11.391463,3780.000000,0.892723,-0.140831,9.447488,mu-,111.078658,Solenoid_1_FieldVolume
-65.777240,-8.512186,2080.000000,-1.084257,-0.140313,12.596651,pi+,1241.496670,Solenoid_1_FieldVolume
-185.371777,-46.200687,5960.000000,-1.145859,-0.285585,4.723744,pi+,1240.302524,Solenoid_1_FieldVolume
69.056401,130.673245,10210.000000,0.284577,0.538497,3.149163,pi+,1239.452649,Solenoid_1_FieldVolume
2.572711,-279.576058,14090.000000,0.005301,-0.576058,1.574581,pi+,1238.322562,Solenoid_1_FieldVolume
-45.437878,26.129400,-470.000000,-1.217105,0.699905,20.469558,pi-,954.597151,Solenoid_1_FieldVolume
-40.852005,-52.435817,3780.000000,-0.505046,-0.648255,9.447488,pi-,907.456278,Solenoid_1_FieldVolume
18.694413,27.613634,2080.000000,0.308154,0.455177,12.596651,mu+,113.442731,Solenoid_1_FieldVolume
33.475012,26.761474,3780.000000,0.413846,0.330847,9.447488,mu+,110.264597,Solenoid_1_FieldVolume
7.924325,-122.675083,1230.000000,0.212262,-3.285990,20.469558,pi+,732.118094,Solenoid_1_FieldVolume
-295.095306,-296.364449,-1300.000000,8.822128,8.860070,20.469558,mu+,202.604377,Solenoid_1_FieldVolume
230.862574,186.776368,380.000000,6.183913,5.003014,20.469558,pi+,530.753366,Solenoid_1_FieldVolume
42.811652,-99.091814,2930.000000,0.617485,-1.429230,11.022070,pi+,1224.873123,Solenoid_1_FieldVolume
-68.803344,-172.013806,4215.500000,-0.582209,-1.455569,6.298326,pi-,1333.823139,Solenoid_1_FieldVolume
61.034506,-308.957789,8510.000000,0.251520,-1.273197,3.149163,pi-,1224.860644,Solenoid_1_FieldVolume
-66.278407,24.936275,-470.000000,-1.775341,0.667946,20.469558,pi+,190.511293,Solenoid_1_FieldVolume
-44.074334,-32.403307,2930.000000,-0.635697,-0.467362,11.022070,mu+,145.550351,Solenoid_1_FieldVolume
-46.038053,-40.076134,2930.000000,-0.664020,-0.578030,11.022070,pi-,920.005428,Solenoid_1_FieldVolume
-104.269475,-117.730468,6810.000000,-0.429688,-0.485160,3.149163,pi-,916.987034,Solenoid_1_FieldVolume
-91.144297,124.985758,10645.500000,-0.385628,0.528810,3.149163,pi-,916.176820,Solenoid_1_FieldVolume
-266.824863,-275.179355,14940.000000,-0.549785,-0.566999,1.574581,pi-,803.820186,Solenoid_1_FieldVolume
11.923407,9.428019,1230.000000,0.319382,0.252540,20.469558,pi+,191.621892,Solenoid_1_FieldVolume
44.314203,-16.269397,4215.500000,0.374984,-0.137671,6.298326,mu+,167.363587,Solenoid_1_FieldVolume
-54.551993,-103.032976,888.471735,0.000000,0.000000,20.469558,pi+,425.278162,Solenoid_1_FieldVolume
102.886486,-54.701917,4215.500000,0.870618,-0.462884,6.298326,mu+,307.789473,Solenoid_1_FieldVolume
-8.348685,-67.721957,-1300.000000,0.249591,2.024606,20.469558,pi+,174.147148,Solenoid_1_FieldVolume
96.333991,-171.548175,2930.000000,1.389454,-2.474290,11.022070,pi-,197.351428,Solenoid_1_FieldVolume
5.998929,-121.451355,-1224.569870,-0.000000,0.000000,20.469558,pi+,302.581535,Solenoid_1_FieldVolume
-55.427325,124.225535,2930.000000,-0.799445,1.791741,11.022070,pi-,710.391564,Solenoid_1_FieldVolume
36.546272,-43.326688,1230.000000,0.978933,-1.160554,20.469558,pi+,717.642797,Solenoid_1_FieldVolume
-65.144144,-82.939694,380.000000,-1.744959,-2.221633,20.469558,pi+,982.097632,Solenoid_1_FieldVolume
71.158198,132.894377,4215.500000,0.602136,1.124543,6.298326,pi+,980.458069,Solenoid_1_FieldVolume
159.310930,681.630419,7879.486722,-0.000000,-0.000000,3.149163,pi+,861.776682,Solenoid_1_FieldVolume
513.198071,476.054346,-1259.746852,-0.000000,-0.000000,20.469558,pi+,602.370998,Solenoid_1_FieldVolume
-7.007992,45.853446,380.000000,-0.187717,1.228236,20.469558,pi+,520.352538,Solenoid_1_FieldVolume
-60.719456,312.246073,4215.500000,-0.513804,2.642205,6.298326,pi+,519.300641,Solenoid_1_FieldVolume
-147.025540,113.328005,-470.000000,-3.938244,3.035618,20.469558,pi-,716.809068,Solenoid_1_FieldVolume
-104.533137,144.035672,3780.000000,-1.292325,1.780688,9.447488,pi-,602.389471,Solenoid_1_FieldVolume
-58.891776,46.753198,2080.000000,-0.970758,0.770669,12.596651,mu+,177.226693,Solenoid_1_FieldVolume
-6.287680,49.159539,2080.000000,-0.103645,0.810334,12.596651,pi+,384.270319,Solenoid_1_FieldVolume
-40.327572,-44.774297,5960.000000,-0.249281,-0.276768,4.723744,pi+,382.926389,Solenoid_1_FieldVolume
-24.774141,9.351313,9360.000000,-0.102093,0.038536,3.149163,mu+,301.799145,Solenoid_1_FieldVolume
68.753409,-81.365190,13240.000000,0.141664,-0.167651,1.574581,mu+,300.385408,Solenoid_1_FieldVolume
-14.255443,-86.109334,17490.000000,-0.029373,-0.177426,1.574581,mu+,299.560780,Solenoid_1_FieldVolume
13.945277,-375.670130,2930.000000,0.201137,-5.418401,11.022070,pi-,2238.708920,Solenoid_1_FieldVolume
38.037378,69.409570,2930.000000,0.548624,1.001115,11.022070,pi-,342.852666,Solenoid_1_FieldVolume
12.763090,-27.740419,380.000000,0.341874,-0.743058,20.469558,pi-,360.700821,Solenoid_1_FieldVolume
-9.466863,-77.470626,3780.000000,-0.117037,-0.957756,9.447488,mu-,270.698501,Solenoid_1_FieldVolume
-25.810141,50.315068,-470.000000,-0.691354,1.347746,20.469558,mu-,693.182568,Solenoid_1_FieldVolume
-140.982935,84.725970,3780.000000,-1.742947,1.047452,9.447488,mu-,692.500485,Solenoid_1_FieldVolume
-107.787106,-273.194161,7660.000000,-0.444184,-1.125817,3.149163,mu-,607.213186,Solenoid_1_FieldVolume
-180.989158,-123.678275,2950.000000,2.497305,1.706524,9.447488,pi+,160.912729,Solenoid_1_FieldVolume
21.932284,69.109108,-470.000000,0.587481,1.851165,20.469558,pi+,711.134720,Solenoid_1_FieldVolume
52.683327,64.387168,3780.000000,0.651315,0.796007,9.447488,pi+,708.617223,Solenoid_1_FieldVolume
86.459078,39.575766,7660.000000,0.356293,0.163089,3.149163,pi+,707.045415,Solenoid_1_FieldVolume
-20.524831,146.932300,11540.500000,-0.043420,0.310833,1.574581,pi+,705.938305,Solenoid_1_FieldVolume
207.979056,-123.023603,15790.000000,0.428535,-0.253487,1.574581,pi+,633.318138,Solenoid_1_FieldVolume
154.394660,34.749194,-470.000000,4.135634,0.930796,20.469558,pi+,1152.411279,Solenoid_1_FieldVolume
47.339982,154.755887,3780.000000,0.585256,1.913220,9.447488,pi+,957.574219,Solenoid_1_FieldVolume
43.270958,592.315060,-470.000000,1.159061,15.865823,20.469558,pi-,612.812967,Solenoid_1_FieldVolume
-62.708147,30.834657,380.000000,-1.679708,0.825941,20.469558,pi-,555.191890,Solenoid_1_FieldVolume
6.816137,-34.208784,4215.500000,0.057678,-0.289472,6.298326,pi-,554.366327,Solenoid_1_FieldVolume
86.675209,237.296935,8510.000000,0.357183,0.977887,3.149163,pi-,475.838757,Solenoid_1_FieldVolume
145.043474,-127.153988,380.000000,3.885152,-3.405962,20.469558,pi+,522.330383,Solenoid_1_FieldVolume
166.476486,-70.723617,4215.500000,1.408712,-0.598458,6.298326,pi+,404.190721,Solenoid_1_FieldVolume
-176.354105,312.326886,2930.000000,-2.543607,4.504783,11.022070,pi+,555.124581,Solenoid_1_FieldVolume
124.462574,153.586739,-470.000000,3.333870,4.113993,20.469558,pi-,821.525359,Solenoid_1_FieldVolume
-30.317890,115.572361,3780.000000,-0.374815,1.428801,9.447488,pi-,648.671382,Solenoid_1_FieldVolume
-12.295291,-171.521911,3780.000000,-0.152005,-2.120495,9.447488,pi-,316.831892,Solenoid_1_FieldVolume
-6.744622,187.353807,380.000000,-0.180662,5.018482,20.469558,pi-,375.222700,Solenoid_1_FieldVolume
-21.810548,-128.290262,2080.000000,-0.359520,-2.114707,12.596651,pi+,1013.405815,Solenoid_1_FieldVolume
200.584159,214.494944,2031.508182,-0.000000,-0.000000,12.596651,pi-,805.858862,Solenoid_1_FieldVolume
-172.989435,222.603538,2100.000000,2.784744,-3.583420,11.022070,mu-,307.615582,Solenoid_1_FieldVolume
-34.979783,27.684832,380.000000,-0.936973,0.741569,20.469558,pi-,422.508963,Solenoid_1_FieldVolume
113.091575,36.592460,4215.500000,0.956973,0.309643,6.298326,pi-,421.364146,Solenoid_1_FieldVolume
13.834566,-2.172934,1230.000000,0.370574,-0.058204,20.469558,pi+,1158.381214,Solenoid_1_FieldVolume
155.089640,71.523963,5960.000000,0.958673,0.442119,4.723744,pi+,287.758409,Solenoid_1_FieldVolume
-25.004654,-30.731490,-470.000000,-0.669778,-0.823177,20.469558,pi+,313.259459,Solenoid_1_FieldVolume
-41.963208,-25.214114,3780.000000,-0.518784,-0.311718,9.447488,pi+,312.125717,Solenoid_1_FieldVolume
-73.257094,-111.909333,7660.000000,-0.301888,-0.461172,3.149163,mu+,273.997138,Solenoid_1_FieldVolume
-104.839940,-149.630481,11540.500000,-0.221787,-0.316541,1.574581,mu+,272.776645,Solenoid_1_FieldVolume
-142.439777,-107.920880,15790.000000,-0.293493,-0.222368,1.574581,mu+,272.121006,Solenoid_1_FieldVolume
-56.755463,-66.669462,-470.000000,-1.520259,-1.785816,20.469558,pi-,2152.379362,Solenoid_1_FieldVolume
50.734816,-65.136700,3780.000000,0.627226,-0.805274,9.447488,pi-,2151.562306,Solenoid_1_FieldVolume
-167.461493,111.283366,7660.000000,-0.690099,0.458592,3.149163,pi-,2150.425811,Solenoid_1_FieldVolume
-289.518794,-163.538672,10645.500000,-1.224944,-0.691926,3.149163,mu-,1613.519519,Solenoid_1_FieldVolume
-384.663706,-121.734342,14940.000000,-0.792588,-0.250830,1.574581,mu-,312.585343,Solenoid_1_FieldVolume
29.100559,-75.038146,380.000000,0.779491,-2.009981,20.469558,pi+,165.869858,Solenoid_1_FieldVolume
125.976421,-90.426487,3780.000000,1.557424,-1.117927,9.447488,mu+,124.597286,Solenoid_1_FieldVolume
-67.147276,140.016410,-470.000000,-1.798615,3.750497,20.469558,pi-,899.275692,Solenoid_1_FieldVolume
-221.401349,210.418595,-450.000000,6.618984,-6.290645,20.469558,pi-,301.953396,Solenoid_1_FieldVolume
-56.736041,188.456926,380.000000,-1.519738,5.048030,20.469558,pi+,231.627306,Solenoid_1_FieldVolume
-69.454417,125.143775,2930.000000,-1.001762,1.804986,11.022070,pi+,534.994942,Solenoid_1_FieldVolume
-18.034190,126.510169,2080.000000,-0.297271,2.085364,12.596651,pi-,382.379145,Solenoid_1_FieldVolume
101.210593,57.964106,380.000000,2.711039,1.552634,20.469558,pi-,2790.365125,Solenoid_1_FieldVolume
215.972519,-3.802926,4215.500000,1.827545,-0.032180,6.298326,pi-,2735.319205,Solenoid_1_FieldVolume
146.597638,-84.860324,1230.000000,3.926782,-2.273079,20.469558,mu+,1630.964817,Solenoid_1_FieldVolume
53.144921,-238.397169,5110.500000,0.449709,-2.017301,6.298326,mu+,745.472170,Solenoid_1_FieldVolume
208.625345,-179.810099,8510.000000,0.859733,-0.740987,3.149163,mu+,708.290867,Solenoid_1_FieldVolume
206.654302,84.111518,12390.000000,0.425805,0.173309,1.574581,mu+,671.077466,Solenoid_1_FieldVolume
268.947478,-290.065138,16640.000000,0.554158,-0.597671,1.574581,mu+,511.362247,Solenoid_1_FieldVolume
-244.051074,-367.107755,380.000000,-6.537182,-9.833393,20.469558,pi+,470.671998,Solenoid_1_FieldVolume
-28.445035,50.087751,1230.000000,-0.761932,1.341657,20.469558,mu-,304.329901,Solenoid_1_FieldVolume
-10.597409,92.604833,5110.500000,-0.089675,0.783616,6.298326,mu-,302.381074,Solenoid_1_FieldVolume
-6.486413,59.176411,9360.000000,-0.026730,0.243863,3.149163,mu-,301.728801,Solenoid_1_FieldVolume
36.925312,38.082423,13240.000000,0.076084,0.078468,1.574581,mu-,300.505352,Solenoid_1_FieldVolume
25.396648,63.464078,17490.000000,0.052329,0.130766,1.574581,mu-,299.121306,Solenoid_1_FieldVolume
-33.336385,120.438862,2930.000000,-0.480821,1.737125,11.022070,pi-,679.382149,Solenoid_1_FieldVolume
-52.674105,-10.825255,6810.000000,-0.217067,-0.044610,3.149163,pi-,601.248949,Solenoid_1_FieldVolume
28.223227,8.058026,10645.500000,0.119411,0.034093,3.149163,pi-,526.994001,Solenoid_1_FieldVolume
121.876186,-121.232826,2930.000000,1.757856,-1.748577,11.022070,pi+,1092.884040,Solenoid_1_FieldVolume
-173.815791,-38.910578,380.000000,-4.655851,-1.042263,20.469558,pi-,215.529740,Solenoid_1_FieldVolume
142.882452,497.510506,-470.000000,3.827267,13.326377,20.469558,pi+,197.549940,Solenoid_1_FieldVolume
-36.863300,247.643942,-470.000000,-0.987425,6.633421,20.469558,pi-,560.464515,Solenoid_1_FieldVolume
100.273464,-0.458240,380.000000,2.685937,-0.012274,20.469558,pi-,1585.229189,Solenoid_1_FieldVolume
6.402560,-22.122299,3780.000000,0.079154,-0.273494,9.447488,mu-,938.266056,Solenoid_1_FieldVolume
56.261790,-195.537746,7660.000000,0.231852,-0.805800,3.149163,mu-,572.756193,Solenoid_1_FieldVolume
-4.599079,-150.614330,2080.000000,-0.075810,-2.482692,12.596651,pi+,1332.310419,Solenoid_1_FieldVolume
89.851339,-302.664453,5960.000000,0.555408,-1.870894,4.723744,pi+,1290.832558,Solenoid_1_FieldVolume
-201.974050,-212.199801,2080.000000,-3.329293,-3.497852,12.596651,pi-,578.272358,Solenoid_1_FieldVolume
697.490581,-59.218994,1539.229824,-0.000000,0.000000,12.596651,pi-,229.758182,Solenoid_1_FieldVolume
21.616118,-125.146130,1230.000000,0.579012,-3.352179,20.469558,pi-,249.786420,Solenoid_1_FieldVolume
-104.379393,-34.153464,5110.500000,-0.883251,-0.289004,6.298326,pi-,247.716459,Solenoid_1_FieldVolume
-62.446767,96.594210,8510.000000,-0.257339,0.398059,3.149163,mu-,187.785847,Solenoid_1_FieldVolume
-0.375223,-16.180959,380.000000,-0.010051,-0.433425,20.469558,pi-,281.561399,Solenoid_1_FieldVolume
-14.614420,-26.031976,4215.500000,-0.123666,-0.220281,6.298326,pi-,280.176959,Solenoid_1_FieldVolume
-9.967722,98.347109,1230.000000,-0.266997,2.634338,20.469558,pi+,724.502963,Solenoid_1_FieldVolume
13.596799,171.931732,36.750361,-0.000000,-0.000000,20.469558,pi+,359.947823,Solenoid_1_FieldVolume
24.767714,117.006871,3780.000000,0.306199,1.446535,9.447488,mu+,279.124930,Solenoid_1_FieldVolume
114.477376,-84.409291,7660.000000,0.471755,-0.347846,3.149163,mu+,277.736473,Solenoid_1_FieldVolume
152.185547,334.028874,-470.000000,4.076460,8.947338,20.469558,pi-,737.475455,Solenoid_1_FieldVolume
280.262223,288.593133,3780.000000,3.464833,3.567826,9.447488,pi-,499.275927,Solenoid_1_FieldVolume
238.764539,-94.934268,1230.000000,6.395576,-2.542921,20.469558,mu+,773.309574,Solenoid_1_FieldVolume
-67.932018,-60.547698,5110.500000,-0.574836,-0.512350,6.298326,mu+,380.461722,Solenoid_1_FieldVolume
-122.922775,13.422348,9360.000000,-0.506558,0.055313,3.149163,mu+,379.775638,Solenoid_1_FieldVolume
-6.322187,-33.275584,2080.000000,-0.104213,-0.548507,12.596651,mu-,278.560357,Solenoid_1_FieldVolume
54.926487,-76.516144,5960.000000,0.339523,-0.472978,4.723744,mu-,277.393096,Solenoid_1_FieldVolume
0.361250,-31.997844,10210.000000,0.001489,-0.131861,3.149163,mu-,275.953554,Solenoid_1_FieldVolume
21.312707,-75.820162,14090.000000,0.043914,-0.156225,1.574581,mu-,274.027664,Solenoid_1_FieldVolume
-75.606494,130.583313,2930.000000,-1.090495,1.883442,11.022070,pi+,256.811926,Solenoid_1_FieldVolume
59.911800,-56.488476,-470.000000,1.604805,-1.513107,20.469558,pi-,195.003859,Solenoid_1_FieldVolume
98.820083,115.712720,2080.000000,1.628927,1.907381,12.596651,pi+,1090.602922,Solenoid_1_FieldVolume
175.015289,-24.683674,2930.000000,2.524297,-0.356020,11.022070,pi-,787.031857,Solenoid_1_FieldVolume
48.273607,-18.306416,380.000000,1.293063,-0.490358,20.469558,pi+,426.716205,Solenoid_1_FieldVolume
87.605214,-76.638206,4215.500000,0.741309,-0.648507,6.298326,pi+,425.868897,Solenoid_1_FieldVolume
-15.828415,-38.876398,-470.000000,-0.423982,-1.041348,20.469558,pi+,439.560558,Solenoid_1_FieldVolume
29.625756,-107.240644,3780.000000,0.366258,-1.325797,9.447488,pi+,438.678091,Solenoid_1_FieldVolume
-25.852901,281.985811,7660.000000,-0.106538,1.162047,3.149163,pi+,403.368621,Solenoid_1_FieldVolume
1.937302,-16.357979,-890.476216,-0.000000,0.000000,20.469558,pi+,278.827743,Solenoid_1_FieldVolume
43.729912,7.906618,2930.000000,0.630729,0.114039,11.022070,mu+,170.221603,Solenoid_1_FieldVolume
17.647618,-83.609684,-477.077825,-0.000000,0.000000,20.469558,pi+,144.391203,Solenoid_1_FieldVolume
58.217899,-78.848077,-86.152146,-0.000000,0.000000,20.469558,pi+,142.496293,Solenoid_1_FieldVolume
55.519183,-80.083773,86.315672,-0.000000,0.000000,20.469558,pi+,141.095957,Solenoid_1_FieldVolume
51.885790,-80.552707,138.596179,-0.000000,0.000000,20.469558,pi+,140.425286,Solenoid_1_FieldVolume
52.672658,-83.397951,155.601100,-0.000000,0.000000,20.469558,pi+,140.000035,Solenoid_1_FieldVolume
52.322587,-81.890368,160.874399,-0.000000,0.000000,20.469558,pi+,139.766321,Solenoid_1_FieldVolume
53.975817,-82.273859,162.354989,-0.000000,0.000000,20.469558,pi+,139.644168,Solenoid_1_FieldVolume
53.393102,-82.513461,162.701030,-0.000000,0.000000,20.469558,pi+,139.570100,Solenoid_1_FieldVolume
49.563355,-87.335230,1023.556910,-0.000000,0.000000,20.469558,mu+,108.138888,Solenoid_1_FieldVolume
50.156901,-84.127312,1322.841097,-0.000000,0.000000,12.596651,mu+,106.925991,Solenoid_1_FieldVolume
49.620995,-83.745527,1409.498638,-0.000000,0.000000,12.596651,mu+,106.335547,Solenoid_1_FieldVolume
48.690573,-83.887739,1437.306974,-0.000000,0.000000,12.596651,mu+,106.003650,Solenoid_1_FieldVolume
48.913999,-84.403003,1446.013830,-0.000000,0.000000,12.596651,mu+,105.818642,Solenoid_1_FieldVolume
49.835121,-84.079864,1448.771362,-0.000000,0.000000,12.596651,mu+,105.722181,Solenoid_1_FieldVolume
49.859340,-84.425593,1449.435105,-0.000000,0.000000,12.596651,mu+,105.658372,Solenoid_1_FieldVolume
-14.493131,39.787246,1230.000000,-0.388215,1.065746,20.469558,pi+,476.794343,Solenoid_1_FieldVolume
74.884988,32.270967,-470.000000,2.005878,0.864414,20.469558,pi+,195.035345,Solenoid_1_FieldVolume
63.889159,20.643146,2930.000000,0.921492,0.297742,11.022070,mu+,162.436821,Solenoid_1_FieldVolume
41.918995,77.504782,6810.000000,0.172746,0.319393,3.149163,mu+,160.804987,Solenoid_1_FieldVolume
14.097535,88.159415,10645.500000,0.059646,0.372999,3.149163,mu+,159.661454,Solenoid_1_FieldVolume
108.959538,48.716459,14940.000000,0.224508,0.100379,1.574581,mu+,158.105502,Solenoid_1_FieldVolume
-2.261978,-52.498627,2080.000000,-0.037286,-0.865375,12.596651,pi+,496.902205,Solenoid_1_FieldVolume
71.755518,-163.476138,2930.000000,1.034951,-2.357864,11.022070,pi-,798.586316,Solenoid_1_FieldVolume
-499.821825,-372.532522,6810.000000,-2.059736,-1.535185,3.149163,pi-,711.876875,Solenoid_1_FieldVolume
17.891007,-46.000084,-470.000000,0.479231,-1.232164,20.469558,pi-,652.019284,Solenoid_1_FieldVolume
18.760075,-57.063379,3780.000000,0.231928,-0.705465,9.447488,pi-,651.313896,Solenoid_1_FieldVolume
41.065992,-49.982787,7660.000000,0.169231,-0.205976,3.149163,pi-,649.398857,Solenoid_1_FieldVolume
12.038032,-70.190590,11540.500000,0.025466,-0.148487,1.574581,pi-,648.073896,Solenoid_1_FieldVolume
87.665893,3.530425,15790.000000,0.180633,0.007274,1.574581,pi-,647.131988,Solenoid_1_FieldVolume
65.775426,69.879874,2930.000000,0.948698,1.007898,11.022070,pi-,285.248879,Solenoid_1_FieldVolume
466.797324,216.416708,380.000000,12.503690,5.796964,20.469558,pi+,505.824228,Solenoid_1_FieldVolume
56.975923,-41.999269,1230.000000,1.526164,-1.124998,20.469558,mu+,688.836016,Solenoid_1_FieldVolume
-11.768614,-92.014076,5110.500000,-0.099585,-0.778617,6.298326,mu+,687.315765,Solenoid_1_FieldVolume
-9.885544,-121.422560,9360.000000,-0.040738,-0.500375,3.149163,mu+,686.727779,Solenoid_1_FieldVolume
164.188068,14.507382,13240.000000,0.338305,0.029892,1.574581,mu+,685.623542,Solenoid_1_FieldVolume
59.840458,-194.169581,17490.000000,0.123300,-0.400081,1.574581,mu+,684.636149,Solenoid_1_FieldVolume
59.380030,12.063159,380.000000,1.590561,0.323125,20.469558,pi+,413.154749,Solenoid_1_FieldVolume
105.354063,11.680184,4215.500000,0.891499,0.098837,6.298326,pi+,412.457760,Solenoid_1_FieldVolume
82.918005,-18.583017,8510.000000,0.341700,-0.076580,3.149163,pi+,411.273105,Solenoid_1_FieldVolume
325.683633,1.233534,12390.000000,0.671062,0.002542,1.574581,pi+,410.210716,Solenoid_1_FieldVolume
63.181045,-33.537929,2080.000000,1.041462,-0.552831,12.596651,pi-,618.512772,Solenoid_1_FieldVolume
-148.289930,-261.567292,-470.000000,-3.972112,-7.006373,20.469558,pi+,988.027749,Solenoid_1_FieldVolume
36.543374,-254.508514,2080.000000,0.602372,-4.195259,12.596651,pi-,579.486260,Solenoid_1_FieldVolume
-208.473401,-369.804278,-470.000000,-5.584194,-9.905622,20.469558,pi-,638.299498,Solenoid_1_FieldVolume
100.549613,62.346081,1230.000000,2.693334,1.670010,20.469558,pi+,387.669615,Solenoid_1_FieldVolume
208.707993,98.194383,-450.000000,-6.239505,-2.935606,20.469558,pi+,268.138034,Solenoid_1_FieldVolume
-11.192436,-44.787841,-470.000000,-0.299802,-1.199693,20.469558,pi-,944.282000,Solenoid_1_FieldVolume
-57.938757,-11.358089,3780.000000,-0.716287,-0.140418,9.447488,pi-,943.619847,Solenoid_1_FieldVolume
84.679136,-16.920914,7660.000000,0.348958,-0.069730,3.149163,pi-,942.416218,Solenoid_1_FieldVolume
113.904786,116.480037,2080.000000,1.877580,1.920030,12.596651,pi-,1406.991496,Solenoid_1_FieldVolume
378.445786,13.841930,5960.000000,2.339329,0.085563,4.723744,pi-,1318.574291,Solenoid_1_FieldVolume
143.510980,420.385214,10210.000000,0.591400,1.732383,3.149163,pi-,1073.530708,Solenoid_1_FieldVolume
23.080289,-123.520607,918.338943,-0.000000,0.000000,20.469558,pi+,222.043914,Solenoid_1_FieldVolume
2.231300,-113.901409,4215.500000,0.018881,-0.963826,6.298326,mu+,184.652571,Solenoid_1_FieldVolume
95.407661,-111.092794,8510.000000,0.393169,-0.457807,3.149163,mu+,183.036819,Solenoid_1_FieldVolume
175.550045,-38.668693,12390.000000,0.361716,-0.079676,1.574581,mu+,181.609918,Solenoid_1_FieldVolume
111.031448,-42.609741,16640.000000,0.228777,-0.087796,1.574581,mu+,180.439097,Solenoid_1_FieldVolume
77.032782,211.964605,1230.000000,2.063409,5.677710,20.469558,pi-,1876.786132,Solenoid_1_FieldVolume
263.089734,149.824906,4215.500000,2.226247,1.267808,6.298326,pi-,1773.967566,Solenoid_1_FieldVolume
-51.224907,35.997127,2080.000000,-0.844379,0.593368,12.596651,pi+,545.958288,Solenoid_1_FieldVolume
-23.401709,209.375639,6810.000000,-0.096437,0.862825,3.149163,pi+,1305.206607,Solenoid_1_FieldVolume
-24.342268,-120.049408,10645.500000,-0.102991,-0.507925,3.149163,pi+,1304.409925,Solenoid_1_FieldVolume
11.465270,-22.684802,2930.000000,0.165367,-0.327190,11.022070,pi+,295.169294,Solenoid_1_FieldVolume
40.232967,-37.294237,380.000000,1.077685,-0.998968,20.469558,pi+,441.420108,Solenoid_1_FieldVolume
-46.073460,-16.374853,4215.500000,-0.389870,-0.138563,6.298326,pi+,440.673315,Solenoid_1_FieldVolume
-53.062506,80.047455,8510.000000,-0.218667,0.329871,3.149163,mu+,365.645481,Solenoid_1_FieldVolume
-61.942164,244.534625,12390.000000,-0.127630,0.503856,1.574581,mu+,364.470593,Solenoid_1_FieldVolume
-105.291534,193.914710,16640.000000,-0.216950,0.399556,1.574581,mu+,363.706812,Solenoid_1_FieldVolume
0.639783,57.928952,380.000000,0.017137,1.551692,20.469558,pi-,966.746195,Solenoid_1_FieldVolume
-65.947247,-161.806420,4215.500000,-0.558041,-1.369195,6.298326,pi-,870.346521,Solenoid_1_FieldVolume
218.475462,51.949079,1230.000000,5.852110,1.391514,20.469558,pi+,754.987675,Solenoid_1_FieldVolume
163.855211,-4.748714,4215.500000,1.386531,-0.040183,6.298326,mu+,337.582380,Solenoid_1_FieldVolume
-11.088488,98.562455,8510.000000,-0.045695,0.406170,3.149163,mu+,336.284478,Solenoid_1_FieldVolume
233.291424,181.729117,12390.000000,0.480690,0.374448,1.574581,mu+,299.408208,Solenoid_1_FieldVolume
-79.134180,308.523936,16640.000000,-0.163054,0.635705,0.787291,mu+,222.781192,Solenoid_1_FieldVolume
-78.705433,-118.333386,-470.000000,-2.108213,-3.169692,20.469558,pi-,3112.823906,Solenoid_1_FieldVolume
-217.154912,-174.721579,1990.111768,0.000000,0.000000,12.596651,pi+,273.949188,Solenoid_1_FieldVolume
-80.352601,-123.242608,380.000000,-2.152335,-3.301191,20.469558,pi-,184.551702,Solenoid_1_FieldVolume
-97.484050,-97.479691,3780.000000,-1.205178,-1.205124,9.447488,mu-,166.199980,Solenoid_1_FieldVolume
-29.185257,-122.237892,2930.000000,-0.420948,-1.763073,11.022070,pi+,577.121215,Solenoid_1_FieldVolume
-139.317571,47.910672,-470.000000,-3.731777,1.283341,20.469558,pi+,590.765747,Solenoid_1_FieldVolume
-161.059177,86.889126,3780.000000,-1.991146,1.074195,9.447488,pi+,546.732028,Solenoid_1_FieldVolume
116.944165,-79.236292,380.000000,3.132481,-2.122433,20.469558,pi+,1806.773447,Solenoid_1_FieldVolume
219.750304,-307.484122,4215.500000,1.859512,-2.601909,6.298326,pi+,1713.860254,Solenoid_1_FieldVolume
-170.797616,-134.212693,1230.000000,-4.575006,-3.595037,20.469558,pi-,483.726668,Solenoid_1_FieldVolume
-54.103921,-215.079126,4215.500000,-0.457824,-1.819985,6.298326,mu-,313.175221,Solenoid_1_FieldVolume
142.851544,75.718529,8510.000000,0.588683,0.312032,3.149163,mu-,184.420228,Solenoid_1_FieldVolume
-163.835052,-45.528424,1230.000000,-4.388506,-1.219530,20.469558,pi+,609.377329,Solenoid_1_FieldVolume
17.995748,20.560579,1230.000000,0.482036,0.550738,20.469558,pi-,681.480950,Solenoid_1_FieldVolume
-98.180236,48.139255,5110.500000,-0.830794,0.407351,6.298326,pi-,680.121189,Solenoid_1_FieldVolume
-117.336535,66.589671,9360.000000,-0.483537,0.274412,3.149163,pi-,679.532044,Solenoid_1_FieldVolume
187.416362,88.559197,13240.000000,0.386166,0.182474,1.574581,pi-,678.209476,Solenoid_1_FieldVolume
-131.142537,175.752646,17490.000000,-0.270215,0.362133,1.574581,pi-,676.279857,Solenoid_1_FieldVolume
90.045135,31.736658,1230.000000,2.411960,0.850102,20.469558,pi+,605.505665,Solenoid_1_FieldVolume
-41.580064,-47.674529,380.000000,-1.113769,-1.277016,20.469558,pi-,2323.825856,Solenoid_1_FieldVolume
-71.380299,-107.567800,4215.500000,-0.604015,-0.910231,6.298326,pi-,2322.905631,Solenoid_1_FieldVolume
243.847347,13.230866,8510.000000,1.004881,0.054524,3.149163,pi-,2321.723277,Solenoid_1_FieldVolume
158.579154,90.251005,-470.000000,4.247720,2.417474,20.469558,pi+,432.856143,Solenoid_1_FieldVolume
99.920551,106.154494,1914.308496,-0.000000,-0.000000,12.596651,pi+,190.581674,Solenoid_1_FieldVolume
46.970934,-108.876413,-470.000000,1.258169,-2.916377,20.469558,pi+,851.966313,Solenoid_1_FieldVolume
-60.341974,-45.151688,3780.000000,-0.745997,-0.558202,9.447488,pi+,815.082426,Solenoid_1_FieldVolume
102.203368,92.062780,2930.000000,1.474109,1.327849,11.022070,pi+,1863.666194,Solenoid_1_FieldVolume
41.031365,-55.184338,2930.000000,0.591807,-0.795940,11.022070,pi+,275.543364,Solenoid_1_FieldVolume
-3.151352,48.572584,-1300.000000,0.094212,-1.452119,20.469558,pi-,188.711743,Solenoid_1_FieldVolume
8.656520,199.612028,-470.000000,0.231875,5.346832,20.469558,pi-,408.438481,Solenoid_1_FieldVolume
179.532121,-33.334749,-470.000000,4.808969,-0.892909,20.469558,pi-,751.924697,Solenoid_1_FieldVolume
124.009641,12.113393,-470.000000,3.321737,0.324471,20.469558,pi+,390.602697,Solenoid_1_FieldVolume
85.707716,-19.119569,3780.000000,1.059590,-0.236372,9.447488,pi+,389.815816,Solenoid_1_FieldVolume
42.560318,157.825520,-470.000000,1.140026,4.227534,20.469558,pi+,192.361519,Solenoid_1_FieldVolume
186.045731,22.362911,380.000000,4.983443,0.599016,20.469558,pi-,526.937215,Solenoid_1_FieldVolume
329.965076,-37.778802,4215.500000,2.792142,-0.319682,6.298326,pi-,465.004641,Solenoid_1_FieldVolume
-262.115964,-180.978886,2080.000000,-4.320658,-2.983214,12.596651,pi+,1000.049493,Solenoid_1_FieldVolume
-99.549067,22.664654,380.000000,-2.666533,0.607098,20.469558,mu+,373.565420,Solenoid_1_FieldVolume
-90.839199,-62.251452,4215.500000,-0.768675,-0.526767,6.298326,mu+,372.776461,Solenoid_1_FieldVolume
605.104303,351.921557,788.912704,-0.000000,-0.000000,20.469558,pi-,248.464801,Solenoid_1_FieldVolume
106.213490,-34.645590,1230.000000,2.845047,-0.928021,20.469558,pi+,948.641554,Solenoid_1_FieldVolume
-294.294367,96.852596,-470.000000,-7.883005,2.594305,20.469558,pi-,614.804974,Solenoid_1_FieldVolume
-352.633978,-35.715449,3780.000000,-4.359552,-0.441544,9.447488,pi-,294.932030,Solenoid_1_FieldVolume
132.824389,93.708454,1230.000000,3.557850,2.510086,20.469558,pi-,600.103590,Solenoid_1_FieldVolume
443.255249,-541.779276,16902.004972,-0.000000,0.000000,1.574581,pi+,532.555776,Solenoid_1_FieldVolume
20.371914,-67.257256,2930.000000,0.293830,-0.970071,11.022070,pi+,515.217357,Solenoid_1_FieldVolume
4.888285,-136.064425,6810.000000,0.020144,-0.560714,3.149163,pi+,513.958843,Solenoid_1_FieldVolume
-47.912819,-183.647723,10645.500000,-0.202717,-0.777007,3.149163,pi+,513.002904,Solenoid_1_FieldVolume
181.826715,-36.591710,14940.000000,0.374649,-0.075396,1.574581,pi+,512.090539,Solenoid_1_FieldVolume
-204.285959,67.722695,2930.000000,-2.946477,0.976784,11.022070,mu+,234.996891,Solenoid_1_FieldVolume
198.769914,-123.980032,1230.000000,5.324275,-3.320944,20.469558,pi+,840.610887,Solenoid_1_FieldVolume
-142.738063,490.316560,380.000000,-3.823399,13.133679,20.469558,pi-,609.636154,Solenoid_1_FieldVolume
-199.125754,479.057560,400.000000,5.953036,-14.321838,20.469558,pi+,214.576299,Solenoid_1_FieldVolume
453.906666,-32.803133,-470.000000,12.158399,-0.878669,20.469558,pi+,397.909498,Solenoid_1_FieldVolume
61.798209,-53.491945,2080.000000,1.018667,-0.881749,12.596651,mu+,166.607749,Solenoid_1_FieldVolume
70.754404,152.163049,380.000000,1.895236,4.075858,20.469558,pi-,249.787050,Solenoid_1_FieldVolume
-20.749620,11.864669,2930.000000,-0.299278,0.171128,11.022070,pi-,582.964348,Solenoid_1_FieldVolume
150.447077,191.274638,-470.000000,4.029894,5.123506,20.469558,pi-,1626.206565,Solenoid_1_FieldVolume
32.377016,-14.713714,1230.000000,0.867255,-0.394123,20.469558,mu-,446.069561,Solenoid_1_FieldVolume
4.549059,38.924579,1230.000000,0.121852,1.042638,20.469558,pi-,1284.757142,Solenoid_1_FieldVolume
136.768453,102.788249,5110.500000,1.157325,0.869787,6.298326,pi-,1283.433614,Solenoid_1_FieldVolume
-28.890894,184.486008,8510.000000,-0.119058,0.760256,3.149163,mu-,1136.625198,Solenoid_1_FieldVolume
125.998095,60.447985,12390.000000,0.259615,0.124551,1.574581,mu-,1135.497145,Solenoid_1_FieldVolume
235.576149,260.620172,16640.000000,0.485398,0.537000,1.574581,mu-,1061.365054,Solenoid_1_FieldVolume
35.320375,192.238306,380.000000,0.946096,5.149319,20.469558,pi-,363.160849,Solenoid_1_FieldVolume
-278.638147,147.501800,2080.000000,-4.593006,2.431385,12.596651,pi+,322.013999,Solenoid_1_FieldVolume
-50.993495,-114.866978,2930.000000,-0.735494,-1.656760,11.022070,pi-,452.895617,Solenoid_1_FieldVolume
-130.949926,4.089224,-470.000000,-3.507641,0.109534,20.469558,pi+,1391.473009,Solenoid_1_FieldVolume
-90.370749,60.492417,3780.000000,-1.117238,0.747857,9.447488,pi+,1356.233675,Solenoid_1_FieldVolume
-200.287782,-410.633584,7660.000000,-0.825374,-1.692197,3.149163,pi+,1275.884227,Solenoid_1_FieldVolume
67.015277,-50.421831,380.000000,1.795079,-1.350605,20.469558,pi+,601.853957,Solenoid_1_FieldVolume
26.916129,107.550920,4215.500000,0.227762,0.910088,6.298326,pi+,600.405151,Solenoid_1_FieldVolume
-57.717073,31.288381,2930.000000,-0.832470,0.451282,11.022070,pi+,1273.782079,Solenoid_1_FieldVolume
-139.368583,-68.506803,6810.000000,-0.574330,-0.282313,3.149163,pi+,1272.600053,Solenoid_1_FieldVolume
-8.837770,101.056636,10645.500000,-0.037392,0.427567,3.149163,pi+,1271.890432,Solenoid_1_FieldVolume
121.962365,-172.342765,14940.000000,0.251300,-0.355107,1.574581,pi+,1270.786331,Solenoid_1_FieldVolume
24.933600,38.202594,1230.000000,0.667874,1.023299,20.469558,mu+,117.904134,Solenoid_1_FieldVolume
36.624438,-17.355823,2930.000000,0.528245,-0.250328,11.022070,pi+,228.740965,Solenoid_1_FieldVolume
-61.892110,255.258671,1947.000265,0.000000,-0.000000,12.596651,pi+,143.045860,Solenoid_1_FieldVolume
-65.000493,250.442900,1605.591001,0.000000,-0.000000,12.596651,pi+,141.372718,Solenoid_1_FieldVolume
-65.799534,254.175040,1501.136273,0.000000,-0.000000,12.596651,pi+,140.557113,Solenoid_1_FieldVolume
-64.367087,253.088916,1462.643987,0.000000,-0.000000,12.596651,pi+,140.088686,Solenoid_1_FieldVolume
-64.214313,252.557242,1449.122193,0.000000,-0.000000,12.596651,pi+,139.839808,Solenoid_1_FieldVolume
-62.200729,253.242699,1444.676950,0.000000,-0.000000,12.596651,pi+,139.684227,Solenoid_1_FieldVolume
-62.227112,252.507205,1443.164288,0.000000,-0.000000,12.596651,pi+,139.592508,Solenoid_1_FieldVolume
-59.528350,258.556034,1904.728050,0.000000,-0.000000,12.596651,mu+,108.763626,Solenoid_1_FieldVolume
-58.797896,33.920973,-470.000000,-1.574968,0.908611,20.469558,pi-,436.284978,Solenoid_1_FieldVolume
-46.798907,-15.719395,3780.000000,-0.578567,-0.194336,9.447488,pi-,435.435147,Solenoid_1_FieldVolume
-108.243952,216.433601,7660.000000,-0.446067,0.891910,3.149163,pi-,432.813588,Solenoid_1_FieldVolume
-56.262221,203.068735,380.000000,-1.507047,5.439424,20.469558,pi-,364.789524,Solenoid_1_FieldVolume
-25.824264,214.466750,4215.500000,-0.218523,1.814803,6.298326,pi-,271.979458,Solenoid_1_FieldVolume
-71.637297,-48.593801,2930.000000,-1.033246,-0.700883,11.022070,pi-,283.058829,Solenoid_1_FieldVolume
27.024971,12.335847,2930.000000,0.389789,0.177924,11.022070,pi-,586.875507,Solenoid_1_FieldVolume
-9.930286,-11.928734,1230.000000,-0.265994,-0.319525,20.469558,pi-,1188.050577,Solenoid_1_FieldVolume
1.189233,36.382571,-470.000000,0.031855,0.974548,20.469558,pi+,231.395341,Solenoid_1_FieldVolume
24.179135,62.529388,2930.000000,0.348743,0.901880,11.022070,mu+,172.785980,Solenoid_1_FieldVolume
71.450534,-64.779217,380.000000,1.913883,-1.735184,20.469558,pi-,1402.620519,Solenoid_1_FieldVolume
227.152287,-16.663821,2100.000000,-3.656645,0.268250,11.022070,pi+,178.291920,Solenoid_1_FieldVolume
-141.356334,38.078459,2080.000000,-2.330085,0.627676,12.596651,pi+,468.444272,Solenoid_1_FieldVolume
359.078097,105.509662,5960.000000,2.219610,0.652199,4.723744,pi+,333.587030,Solenoid_1_FieldVolume
31.522691,-7.075820,1230.000000,0.844371,-0.189534,20.469558,pi+,1158.449890,Solenoid_1_FieldVolume
15.578666,-5.034878,2930.000000,0.224696,-0.072620,11.022070,pi-,651.805877,Solenoid_1_FieldVolume
-33.095291,-0.839181,6810.000000,-0.136384,-0.003458,3.149163,pi-,650.729124,Solenoid_1_FieldVolume
-12.298398,47.247113,10645.500000,-0.052034,0.199901,3.149163,pi-,649.799219,Solenoid_1_FieldVolume
138.675408,-245.026218,14940.000000,0.285737,-0.504869,1.574581,pi-,647.203509,Solenoid_1_FieldVolume
-29.548927,31.123928,2930.000000,-0.426193,0.448910,11.022070,pi+,800.865133,Solenoid_1_FieldVolume
-42.704149,163.212942,6810.000000,-0.175981,0.672591,3.149163,pi+,799.627637,Solenoid_1_FieldVolume
-214.407568,-68.323223,10645.500000,-0.907151,-0.289073,3.149163,pi+,798.851423,Solenoid_1_FieldVolume
62.195608,-70.719996,380.000000,1.665979,-1.894314,20.469558,pi-,453.183007,Solenoid_1_FieldVolume
160.480374,-120.083337,4215.500000,1.357974,-1.016137,6.298326,pi-,452.148955,Solenoid_1_FieldVolume
-72.515870,94.942634,1230.000000,-1.942419,2.543145,20.469558,pi+,574.654028,Solenoid_1_FieldVolume
-92.618800,-111.973029,380.000000,-2.480898,-2.999323,20.469558,mu-,190.858194,Solenoid_1_FieldVolume
-98.817273,-88.800410,4215.500000,-0.836185,-0.751423,6.298326,mu-,189.788552,Solenoid_1_FieldVolume
-192.243166,167.779756,-470.000000,-5.149449,4.494169,20.469558,pi+,251.501256,Solenoid_1_FieldVolume
92.498575,64.483875,380.000000,2.477678,1.727273,20.469558,pi-,498.894830,Solenoid_1_FieldVolume
-13.298142,15.174387,4215.500000,-0.112528,0.128405,6.298326,pi-,497.933889,Solenoid_1_FieldVolume
147.703607,-164.237911,8510.000000,0.608678,-0.676815,3.149163,pi-,387.873928,Solenoid_1_FieldVolume
39.579133,-109.341586,-470.000000,1.060171,-2.928837,20.469558,pi+,423.970569,Solenoid_1_FieldVolume
48.113164,-137.945372,3281.870508,-0.000000,0.000000,9.447488,pi+,423.136560,Solenoid_1_FieldVolume
244.070865,-102.123793,6810.000000,1.005802,-0.420846,3.149163,mu+,203.062579,Solenoid_1_FieldVolume
33.015898,-19.486544,2080.000000,0.544226,-0.321212,12.596651,pi-,505.659789,Solenoid_1_FieldVolume
-1.211812,-44.595442,2080.000000,-0.019975,-0.735101,12.596651,pi+,346.226084,Solenoid_1_FieldVolume
48.912378,-126.037711,380.000000,1.310173,-3.376061,20.469558,mu-,347.411292,Solenoid_1_FieldVolume
204.582852,178.096354,-470.000000,5.479981,4.770511,20.469558,pi-,536.233318,Solenoid_1_FieldVolume
25.969817,-89.459588,380.000000,0.695631,-2.396275,20.469558,pi+,938.776131,Solenoid_1_FieldVolume
51.222508,-36.366715,2930.000000,0.738797,-0.524528,11.022070,pi-,750.042132,Solenoid_1_FieldVolume
-60.296968,-8.281819,6810.000000,-0.248480,-0.034129,3.149163,pi-,748.892458,Solenoid_1_FieldVolume
137.158123,-86.559449,6237.126946,-0.000000,0.000000,3.149163,pi-,233.221660,Solenoid_1_FieldVolume
36.716162,104.946837,2080.000000,0.605221,1.729919,12.596651,pi-,681.324054,Solenoid_1_FieldVolume
-7.732723,57.388701,380.000000,-0.207130,1.537221,20.469558,pi+,1416.985272,Solenoid_1_FieldVolume
108.145824,13.183376,4215.500000,0.915122,0.111557,6.298326,pi+,1415.937399,Solenoid_1_FieldVolume
-12.193498,-36.828107,1230.000000,-0.326617,-0.986482,20.469558,pi+,2480.808463,Solenoid_1_FieldVolume
-101.473542,138.311685,5110.500000,-0.858662,1.170384,6.298326,pi+,2479.499500,Solenoid_1_FieldVolume
37.946084,12.308256,1230.000000,1.016428,0.329690,20.469558,pi-,450.431108,Solenoid_1_FieldVolume
-13.389515,-27.775219,380.000000,-0.358653,-0.743990,20.469558,pi+,256.939601,Solenoid_1_FieldVolume
16.300937,-4.717845,4215.500000,0.137937,-0.039922,6.298326,pi+,255.721147,Solenoid_1_FieldVolume
41.076286,-68.519014,7857.568368,-0.000000,0.000000,3.149163,pi+,253.696376,Solenoid_1_FieldVolume
-75.661605,-58.221079,-470.000000,-2.026681,-1.559517,20.469558,mu+,160.070809,Solenoid_1_FieldVolume
-29.014475,-94.200063,3780.000000,-0.358701,-1.164579,9.447488,mu+,157.791470,Solenoid_1_FieldVolume
83.146546,-34.757500,2930.000000,1.199247,-0.501318,11.022070,pi-,1519.983966,Solenoid_1_FieldVolume
-249.789447,30.701857,6810.000000,-1.029368,0.126521,3.149163,pi-,1434.309864,Solenoid_1_FieldVolume
50.068535,1.108150,10645.500000,0.211838,0.004689,3.149163,pi-,1386.257094,Solenoid_1_FieldVolume
11.826200,338.644997,14090.000000,0.024368,0.697768,1.574581,pi-,1350.808503,Solenoid_1_FieldVolume
-59.947734,-43.840061,2080.000000,-0.988164,-0.722649,12.596651,pi-,390.920475,Solenoid_1_FieldVolume
-185.346818,-82.669913,5110.500000,-1.568392,-0.699547,6.298326,pi-,387.868662,Solenoid_1_FieldVolume
-107.541468,-152.800408,9360.000000,-0.443172,-0.629682,3.149163,pi-,343.066563,Solenoid_1_FieldVolume
55.232610,60.465677,-470.000000,1.479467,1.619641,20.469558,pi+,490.810961,Solenoid_1_FieldVolume
52.122243,23.960468,3780.000000,0.644378,0.296219,9.447488,pi+,488.882455,Solenoid_1_FieldVolume
-112.027654,284.189380,7660.000000,-0.461659,1.171128,3.149163,pi+,409.972047,Solenoid_1_FieldVolume
51.681366,32.541180,-470.000000,1.384343,0.871652,20.469558,pi+,528.126597,Solenoid_1_FieldVolume
-114.901028,66.389880,3780.000000,-1.420501,0.820766,9.447488,pi+,526.659024,Solenoid_1_FieldVolume
29.163699,36.220737,-1300.000000,-0.871874,-1.082850,20.469558,pi-,178.767578,Solenoid_1_FieldVolume
57.272108,39.776545,-1300.000000,-1.712199,-1.189154,20.469558,pi+,203.063101,Solenoid_1_FieldVolume
-61.785288,-16.815459,2080.000000,-1.018454,-0.277182,12.596651,mu+,307.601550,Solenoid_1_FieldVolume
-312.943898,-492.309222,2950.000000,4.318028,6.792926,9.447488,pi-,177.223073,Solenoid_1_FieldVolume
-218.740485,-484.120182,4215.500000,-1.850967,-4.096591,6.298326,pi-,585.661748,Solenoid_1_FieldVolume
145.786670,-37.500008,1230.000000,3.905059,-1.004480,20.469558,pi+,1776.905475,Solenoid_1_FieldVolume
109.152705,67.892324,-470.000000,2.923778,1.818572,20.469558,pi+,541.040703,Solenoid_1_FieldVolume
-107.808180,119.233749,-470.000000,-2.887763,3.193810,20.469558,pi-,1868.632692,Solenoid_1_FieldVolume
110.842885,198.903419,3780.000000,1.370331,2.459008,9.447488,pi-,1799.615160,Solenoid_1_FieldVolume
0.969535,-138.284353,2080.000000,0.015982,-2.279447,12.596651,mu+,154.589777,Solenoid_1_FieldVolume
-14.991275,-22.219238,-470.000000,-0.401558,-0.595167,20.469558,pi-,321.661531,Solenoid_1_FieldVolume
211.927319,6.678511,2080.000000,3.493361,0.110087,12.596651,pi+,1280.176968,Solenoid_1_FieldVolume
135.954831,-216.357771,5960.000000,0.840393,-1.337397,4.723744,pi+,656.376329,Solenoid_1_FieldVolume
-19.292495,30.310877,10210.000000,-0.079503,0.124909,3.149163,pi+,497.591451,Solenoid_1_FieldVolume
0.166737,-6.440989,2080.000000,0.002748,-0.106172,12.596651,pi-,422.473880,Solenoid_1_FieldVolume
62.832016,-110.040990,5960.000000,0.388391,-0.680209,4.723744,pi-,421.119091,Solenoid_1_FieldVolume
149.202490,-73.956638,9360.000000,0.614855,-0.304771,3.149163,mu-,261.780669,Solenoid_1_FieldVolume
220.020293,-129.910735,13240.000000,0.453345,-0.267677,1.574581,mu-,217.775867,Solenoid_1_FieldVolume
149.648500,-206.252212,17490.000000,0.308346,-0.424977,1.574581,mu-,216.770358,Solenoid_1_FieldVolume
-30.431968,153.907494,380.000000,-0.815154,4.122585,20.469558,pi+,794.362071,Solenoid_1_FieldVolume
42.412603,187.408969,4215.500000,0.358893,1.585842,6.298326,pi+,757.832527,Solenoid_1_FieldVolume
34.657157,49.404189,2080.000000,0.571280,0.814367,12.596651,pi+,1545.933274,Solenoid_1_FieldVolume
39.795812,215.703037,5960.000000,0.245994,1.333349,4.723744,pi+,1544.326763,Solenoid_1_FieldVolume
-29.566337,79.373193,2930.000000,-0.426444,1.144823,11.022070,pi+,537.171775,Solenoid_1_FieldVolume
-92.808106,31.734807,5960.000000,-0.573685,0.196166,4.723744,mu+,475.677136,Solenoid_1_FieldVolume
-40.091265,-211.535821,10210.000000,-0.165214,-0.871727,3.149163,mu+,435.319946,Solenoid_1_FieldVolume
-189.735980,-206.747328,2080.000000,-3.127564,-3.407975,12.596651,pi-,2412.385653,Solenoid_1_FieldVolume
36.418907,358.571431,2080.000000,0.600321,5.910608,12.596651,mu+,472.006582,Solenoid_1_FieldVolume
122.967930,42.333913,2930.000000,1.773603,0.610594,11.022070,pi-,670.407703,Solenoid_1_FieldVolume
163.627820,-520.976485,-1300.000000,-4.891794,15.575040,20.469558,mu+,283.797981,Solenoid_1_FieldVolume
69.577644,39.011904,-470.000000,1.863715,1.044978,20.469558,pi-,255.656154,Solenoid_1_FieldVolume
78.286590,27.457363,3780.000000,0.967843,0.339451,9.447488,pi-,254.752297,Solenoid_1_FieldVolume
30.688437,42.241547,7660.000000,0.126465,0.174075,3.149163,pi-,252.612447,Solenoid_1_FieldVolume
-167.022887,158.648549,11540.500000,-0.353334,0.335618,1.574581,pi-,251.234875,Solenoid_1_FieldVolume
-93.272877,-11.247463,15790.000000,-0.192186,-0.023175,1.574581,pi-,250.348767,Solenoid_1_FieldVolume
19.655384,-162.725144,1230.000000,0.526492,-4.358775,20.469558,pi+,2340.620086,Solenoid_1_FieldVolume
-73.267974,29.073321,1230.000000,-1.962565,0.778762,20.469558,pi-,939.563950,Solenoid_1_FieldVolume
-53.985016,7.021906,380.000000,-1.446049,0.188090,20.469558,pi+,220.739488,Solenoid_1_FieldVolume
-44.904925,26.813851,4215.500000,-0.379982,0.226897,6.298326,pi+,219.776396,Solenoid_1_FieldVolume
-125.720110,-23.384778,8510.000000,-0.518085,-0.096367,3.149163,mu+,149.611930,Solenoid_1_FieldVolume
-20.802573,-81.765114,12390.000000,-0.042863,-0.168475,1.574581,mu+,147.899410,Solenoid_1_FieldVolume
-11.828783,-107.333506,16640.000000,-0.024373,-0.221158,1.574581,mu+,146.493804,Solenoid_1_FieldVolume
-36.370545,53.977836,-470.000000,-0.974226,1.445857,20.469558,pi+,368.712311,Solenoid_1_FieldVolume
-48.511681,46.586871,3780.000000,-0.599741,0.575945,9.447488,pi+,367.905683,Solenoid_1_FieldVolume
16.012282,29.455431,7660.000000,0.065986,0.121384,3.149163,pi+,366.635944,Solenoid_1_FieldVolume
12.850059,-183.246546,2080.000000,0.211817,-3.020593,12.596651,pi+,904.363118,Solenoid_1_FieldVolume
263.482764,203.187624,5960.000000,1.628696,1.255986,4.723744,pi+,782.864549,Solenoid_1_FieldVolume
274.765478,371.084677,10210.000000,1.132293,1.529218,3.149163,pi+,676.685259,Solenoid_1_FieldVolume
29.931950,177.295684,2080.000000,0.493391,2.922501,12.596651,pi+,1383.439987,Solenoid_1_FieldVolume
-414.934264,563.763742,5050.538425,0.000000,-0.000000,6.298326,pi+,540.529840,Solenoid_1_FieldVolume
-10.299539,372.335731,-470.000000,-0.275885,9.973430,20.469558,mu+,130.173377,Solenoid_1_FieldVolume
-0.283158,55.198735,1230.000000,-0.007585,1.478560,20.469558,pi+,405.186452,Solenoid_1_FieldVolume
-67.258269,-90.783109,2930.000000,-0.970086,-1.309392,11.022070,pi+,1678.822630,Solenoid_1_FieldVolume
104.843695,-16.796480,-470.000000,2.808356,-0.449913,20.469558,pi-,350.656142,Solenoid_1_FieldVolume
109.141551,19.772517,3780.000000,1.349298,0.244444,9.447488,pi-,349.511864,Solenoid_1_FieldVolume
-51.028241,-136.807933,380.000000,-1.366849,-3.664554,20.469558,pi-,1199.400020,Solenoid_1_FieldVolume
69.604778,-399.382749,4215.500000,0.588991,-3.379549,6.298326,pi-,1097.455614,Solenoid_1_FieldVolume
-27.130367,39.247760,380.000000,-0.726717,1.051295,20.469558,pi-,351.562707,Solenoid_1_FieldVolume
41.722262,-26.105281,4215.500000,0.353051,-0.220901,6.298326,pi-,350.716016,Solenoid_1_FieldVolume
77.833271,201.141061,7660.000000,0.320746,0.828891,3.149163,mu-,165.116648,Solenoid_1_FieldVolume
-207.036305,-136.498153,11540.500000,-0.437982,-0.288760,1.574581,mu-,163.131215,Solenoid_1_FieldVolume
-229.943875,-94.461079,15790.000000,-0.473793,-0.194634,1.574581,mu-,161.916184,Solenoid_1_FieldVolume
57.770003,107.034637,10645.500000,0.244423,0.452860,3.149163,pi+,579.850180,Solenoid_1_FieldVolume
29.355582,-161.959708,380.000000,0.786322,-4.338272,20.469558,pi-,346.876655,Solenoid_1_FieldVolume
32.887050,-2.448167,2930.000000,0.474340,-0.035311,11.022070,pi-,1092.020058,Solenoid_1_FieldVolume
192.838423,-196.323689,10645.500000,0.815893,-0.830639,3.149163,pi-,405.067453,Solenoid_1_FieldVolume
-25.629533,102.214418,-470.000000,-0.686516,2.737928,20.469558,pi+,541.104091,Solenoid_1_FieldVolume
-87.521620,60.609183,2930.000000,-1.262350,0.874184,11.022070,mu+,357.023778,Solenoid_1_FieldVolume
-185.934405,-159.668462,6810.000000,-0.766225,-0.657984,3.149163,mu+,355.699501,Solenoid_1_FieldVolume
-174.067324,-181.580311,10645.500000,-0.736473,-0.768260,3.149163,mu+,320.361506,Solenoid_1_FieldVolume
-36.517274,196.219672,-470.000000,-0.978156,5.255964,20.469558,pi+,292.115218,Solenoid_1_FieldVolume
-44.827768,-32.390182,380.000000,-1.200762,-0.867607,20.469558,mu+,340.863984,Solenoid_1_FieldVolume
-116.930918,123.631176,4215.500000,-0.989461,1.046158,6.298326,mu+,339.357669,Solenoid_1_FieldVolume
-4.887903,-73.488893,-851.342498,0.000000,0.000000,20.469558,pi-,207.722791,Solenoid_1_FieldVolume
16.948848,-71.672900,2930.000000,0.244458,-1.033759,11.022070,mu-,188.456962,Solenoid_1_FieldVolume
-52.382368,-5.996879,-470.000000,-1.403120,-0.160633,20.469558,pi+,774.764905,Solenoid_1_FieldVolume
-151.646261,148.959966,3780.000000,-1.874776,1.841566,9.447488,pi+,773.872552,Solenoid_1_FieldVolume
-7.106998,-126.379216,-470.000000,-0.190369,-3.385209,20.469558,pi-,891.554096,Solenoid_1_FieldVolume
-66.617518,-231.727455,3780.000000,-0.823581,-2.864806,9.447488,pi-,852.927782,Solenoid_1_FieldVolume
-189.638338,257.265940,2080.000000,-3.125954,4.240712,12.596651,mu+,668.351031,Solenoid_1_FieldVolume
115.207296,31.955957,2080.000000,1.899050,0.526755,12.596651,pi+,1166.390820,Solenoid_1_FieldVolume
22.920608,-16.189059,1230.000000,0.613954,-0.433642,20.469558,pi+,897.966844,Solenoid_1_FieldVolume
102.522721,28.250296,5110.500000,0.867540,0.239052,6.298326,pi+,896.607116,Solenoid_1_FieldVolume
-26.308318,81.226959,9360.000000,-0.108415,0.334732,3.149163,pi+,895.900089,Solenoid_1_FieldVolume
188.000742,-153.915556,13240.000000,0.387370,-0.317139,1.574581,pi+,894.690618,Solenoid_1_FieldVolume
-173.853337,-142.553081,17490.000000,-0.358220,-0.293726,1.574581,pi+,853.674068,Solenoid_1_FieldVolume
80.901715,-91.531874,2930.000000,1.166869,-1.320191,11.022070,pi-,497.570378,Solenoid_1_FieldVolume
-57.458207,62.253784,2930.000000,-0.828737,0.897905,11.022070,pi+,367.883149,Solenoid_1_FieldVolume
-133.109173,-367.164257,6810.000000,-0.548535,-1.513062,3.149163,pi+,366.513586,Solenoid_1_FieldVolume
55.311392,-15.625024,2080.000000,0.911740,-0.257559,12.596651,pi-,449.846166,Solenoid_1_FieldVolume
25.692391,33.742725,5960.000000,0.158815,0.208578,4.723744,pi-,448.554444,Solenoid_1_FieldVolume
-55.429169,169.192735,10210.000000,-0.228420,0.697233,3.149163,pi-,447.799732,Solenoid_1_FieldVolume
210.957948,12.720549,14090.000000,0.434673,0.026210,1.574581,pi-,446.476636,Solenoid_1_FieldVolume
-87.963678,-83.677372,17490.000000,-0.181247,-0.172415,1.574581,mu-,434.951702,Solenoid_1_FieldVolume
59.632808,-57.013519,2271.973701,-0.000000,0.000000,11.022070,pi+,497.063407,Solenoid_1_FieldVolume
27.966946,-29.952102,5960.000000,0.172875,-0.185146,4.723744,mu+,432.378322,Solenoid_1_FieldVolume
-110.648248,55.095923,10210.000000,-0.455975,0.227047,3.149163,mu+,431.692227,Solenoid_1_FieldVolume
12.181082,-232.025168,14090.000000,0.025099,-0.478081,1.574581,mu+,430.596455,Solenoid_1_FieldVolume
33.273098,53.623262,380.000000,0.891257,1.436359,20.469558,pi-,207.540303,Solenoid_1_FieldVolume
16.356332,25.584952,4215.500000,0.138406,0.216498,6.298326,pi-,205.917576,Solenoid_1_FieldVolume
5.063910,16.146682,2930.000000,0.073038,0.232888,11.022070,pi-,204.912655,Solenoid_1_FieldVolume
123.755082,50.822085,6810.000000,0.509987,0.209435,3.149163,pi-,203.025833,Solenoid_1_FieldVolume
117.927707,33.057883,10645.500000,0.498948,0.139867,3.149163,pi-,201.871295,Solenoid_1_FieldVolume
-23.335926,15.388159,1519.870681,0.000000,-0.000000,12.596651,pi+,171.825729,Solenoid_1_FieldVolume
-125.995755,70.272941,5110.500000,-1.066167,0.594645,6.298326,mu+,115.537821,Solenoid_1_FieldVolume
-130.537869,75.441469,8264.599724,0.000000,-0.000000,3.149163,mu+,112.257245,Solenoid_1_FieldVolume
-136.974316,116.378521,9619.419381,0.000000,-0.000000,3.149163,mu+,109.779414,Solenoid_1_FieldVolume
-131.865177,113.857393,10210.000000,-0.543409,0.469200,3.149163,mu+,107.931714,Solenoid_1_FieldVolume
-118.752804,108.130709,10426.802115,0.000000,-0.000000,3.149163,mu+,106.899881,Solenoid_1_FieldVolume
-123.513553,105.131689,10488.473177,0.000000,-0.000000,3.149163,mu+,106.332551,Solenoid_1_FieldVolume
-117.044188,88.494715,10504.061490,0.000000,-0.000000,3.149163,mu+,106.023277,Solenoid_1_FieldVolume
-126.280305,89.602385,10507.817018,0.000000,-0.000000,3.149163,mu+,105.843190,Solenoid_1_FieldVolume
-128.156016,92.192441,10508.439925,0.000000,-0.000000,3.149163,mu+,105.723230,Solenoid_1_FieldVolume
-128.286109,92.865420,10508.557489,0.000000,-0.000000,3.149163,mu+,105.658372,Solenoid_1_FieldVolume
104.413640,61.408054,1230.000000,2.796836,1.644884,20.469558,pi-,3014.453964,Solenoid_1_FieldVolume
17.370502,155.064816,6810.000000,0.071583,0.639013,3.149163,mu+,225.935031,Solenoid_1_FieldVolume
29.204468,-80.195851,10645.500000,0.123563,-0.339306,3.149163,mu+,224.923267,Solenoid_1_FieldVolume
-73.288046,-198.900501,-470.000000,-1.963102,-5.327773,20.469558,mu+,151.401543,Solenoid_1_FieldVolume
143.667264,66.458879,380.000000,3.848289,1.780176,20.469558,pi-,1412.162171,Solenoid_1_FieldVolume
-195.423825,-16.530955,380.000000,-5.234646,-0.442800,20.469558,pi-,512.442611,Solenoid_1_FieldVolume
-152.951609,31.547479,3780.000000,-1.890914,0.390016,9.447488,mu-,323.720329,Solenoid_1_FieldVolume
-255.396272,-44.072589,-470.000000,-6.841075,-1.180534,20.469558,pi-,619.011308,Solenoid_1_FieldVolume
-1.800481,23.218418,380.000000,-0.048228,0.621931,20.469558,pi-,1618.098162,Solenoid_1_FieldVolume
164.050372,-29.121825,4215.500000,1.388183,-0.246427,6.298326,pi-,1617.318328,Solenoid_1_FieldVolume
64.111866,92.575238,380.000000,1.717308,2.479732,20.469558,pi+,667.930534,Solenoid_1_FieldVolume
205.657215,12.725523,4215.500000,1.740257,0.107682,6.298326,pi+,606.079973,Solenoid_1_FieldVolume
-3.076940,-15.114572,2080.000000,-0.050720,-0.249145,12.596651,pi-,900.209897,Solenoid_1_FieldVolume
88.550875,-103.432805,5960.000000,0.547369,-0.639361,4.723744,pi-,898.979397,Solenoid_1_FieldVolume
-50.337607,-85.155249,10210.000000,-0.207438,-0.350920,3.149163,pi-,897.915750,Solenoid_1_FieldVolume
257.080505,-90.594965,14090.000000,0.529707,-0.186668,1.574581,pi-,896.944492,Solenoid_1_FieldVolume
-58.536259,-101.819413,2080.000000,-0.964898,-1.678367,12.596651,pi+,443.353406,Solenoid_1_FieldVolume
9.564198,-95.215975,2080.000000,0.157654,-1.569518,12.596651,pi+,790.892839,Solenoid_1_FieldVolume
-148.057867,452.007709,5960.000000,-0.915207,2.794046,4.723744,pi+,789.834002,Solenoid_1_FieldVolume
-40.998266,529.354330,10210.000000,-0.168951,2.181438,3.149163,pi+,641.623309,Solenoid_1_FieldVolume
11.496584,-14.698836,-470.000000,0.307949,-0.393725,20.469558,pi+,720.003750,Solenoid_1_FieldVolume
-15.751146,17.377571,3780.000000,-0.194729,0.214836,9.447488,pi+,718.832663,Solenoid_1_FieldVolume
-28.535625,68.796449,7660.000000,-0.117594,0.283506,3.149163,pi+,716.810023,Solenoid_1_FieldVolume
1.246341,-154.040716,11540.500000,0.002637,-0.325870,1.574581,pi+,715.731093,Solenoid_1_FieldVolume
-61.885818,-56.805198,2080.000000,-1.020111,-0.936364,12.596651,pi+,1539.212943,Solenoid_1_FieldVolume
26.919975,181.627083,-470.000000,0.721082,4.865085,20.469558,pi-,380.923781,Solenoid_1_FieldVolume
-77.674297,-92.479360,2930.000000,-1.120319,-1.333857,11.022070,pi-,870.968801,Solenoid_1_FieldVolume
-220.112874,-145.343048,6810.000000,-0.907072,-0.598950,3.149163,pi-,869.624680,Solenoid_1_FieldVolume
-140.917986,188.888570,10645.500000,-0.596219,0.799181,3.149163,pi-,800.938287,Solenoid_1_FieldVolume
-85.359359,6.598926,380.000000,-2.286446,0.176760,20.469558,pi+,601.245162,Solenoid_1_FieldVolume
72.694460,47.004578,4215.500000,0.615135,0.397749,6.298326,pi+,600.419294,Solenoid_1_FieldVolume
-142.380880,-57.687577,2950.000000,1.964584,0.795978,9.447488,pi+,165.696453,Solenoid_1_FieldVolume
-127.772547,-25.514377,-1300.000000,3.819870,0.762774,20.469558,pi+,163.247713,Solenoid_1_FieldVolume
-164.631583,-42.713987,380.000000,-4.409842,-1.144142,20.469558,pi+,1047.011306,Solenoid_1_FieldVolume
31.512840,-12.428278,1230.000000,0.844107,-0.332905,20.469558,pi-,1789.730934,Solenoid_1_FieldVolume
31.632025,-90.587313,5110.500000,0.267668,-0.766544,6.298326,pi-,1788.439151,Solenoid_1_FieldVolume
109.321949,320.358693,10645.500000,0.462537,1.355427,3.149163,pi-,448.125382,Solenoid_1_FieldVolume
-73.579079,-73.285287,1878.062663,0.000000,0.000000,12.596651,pi-,181.874246,Solenoid_1_FieldVolume
-214.199873,-291.328052,380.000000,-5.737584,-7.803549,20.469558,mu-,431.622779,Solenoid_1_FieldVolume
-258.887106,-294.167524,4215.500000,-2.190685,-2.489225,6.298326,mu-,208.222013,Solenoid_1_FieldVolume
45.062209,-48.225698,1230.000000,1.207042,-1.291779,20.469558,pi+,288.716952,Solenoid_1_FieldVolume
-34.739446,-88.756951,380.000000,-0.930535,-2.377454,20.469558,pi+,673.580750,Solenoid_1_FieldVolume
-214.749154,88.276058,4215.500000,-1.817192,0.746986,6.298326,pi+,602.983286,Solenoid_1_FieldVolume
22.442455,-8.060550,2080.000000,0.369936,-0.132868,12.596651,pi+,1720.383726,Solenoid_1_FieldVolume
30.085054,36.141859,5960.000000,0.185968,0.223408,4.723744,pi+,1719.240951,Solenoid_1_FieldVolume
64.373273,-52.862806,10210.000000,0.265279,-0.217845,3.149163,pi+,1718.503476,Solenoid_1_FieldVolume
-36.008705,-78.785464,14090.000000,-0.074195,-0.162335,1.574581,pi+,1717.504206,Solenoid_1_FieldVolume
-65.590353,-69.593993,-474.492915,0.000000,0.000000,20.469558,pi+,509.335467,Solenoid_1_FieldVolume
-136.449501,-14.365559,2930.000000,-1.968051,-0.207199,11.022070,mu+,486.392462,Solenoid_1_FieldVolume
52.351853,23.839614,-470.000000,1.402303,0.638571,20.469558,pi-,443.535631,Solenoid_1_FieldVolume
48.776540,27.153021,3780.000000,0.603016,0.335688,9.447488,pi-,442.747322,Solenoid_1_FieldVolume
38.482299,-34.070725,7660.000000,0.158583,-0.140403,3.149163,pi-,441.281347,Solenoid_1_FieldVolume
26.453116,-55.292133,10645.500000,0.111922,-0.233939,3.149163,mu-,314.011012,Solenoid_1_FieldVolume
39.601291,-70.077406,14940.000000,0.081597,-0.144392,1.574581,mu-,312.911049,Solenoid_1_FieldVolume
-37.770652,75.779032,1230.000000,-1.011729,2.029826,20.469558,pi-,357.556526,Solenoid_1_FieldVolume
0.706085,131.102966,5110.500000,0.005975,1.109384,6.298326,pi-,356.296278,Solenoid_1_FieldVolume
72.289171,167.561825,2930.000000,1.042648,2.416794,11.022070,pi-,315.187055,Solenoid_1_FieldVolume
132.754635,-13.453338,-470.000000,3.555982,-0.360363,20.469558,pi+,393.451939,Solenoid_1_FieldVolume
109.727215,-14.932701,2930.000000,1.582628,-0.215379,11.022070,mu+,237.053067,Solenoid_1_FieldVolume
-21.185377,-99.703324,6810.000000,-0.087304,-0.410872,3.149163,mu+,235.709581,Solenoid_1_FieldVolume
52.695120,-94.105251,10645.500000,0.222951,-0.398156,3.149163,mu+,234.799933,Solenoid_1_FieldVolume
-209.775767,-127.323366,14940.000000,-0.432237,-0.262346,1.574581,mu+,232.057779,Solenoid_1_FieldVolume
62.162895,157.467120,2930.000000,0.896594,2.271195,11.022070,pi+,418.295659,Solenoid_1_FieldVolume
47.242940,-16.252702,-470.000000,1.265455,-0.435347,20.469558,pi-,797.679615,Solenoid_1_FieldVolume
35.245569,16.003449,3780.000000,0.435735,0.197848,9.447488,pi-,796.744584,Solenoid_1_FieldVolume
41.029657,51.534806,7660.000000,0.169081,0.212372,3.149163,pi-,795.496747,Solenoid_1_FieldVolume
192.708612,-44.808237,11540.500000,0.407672,-0.094791,1.574581,pi-,793.961360,Solenoid_1_FieldVolume
4.186708,248.829190,15790.000000,0.008627,0.512705,1.574581,pi-,793.279328,Solenoid_1_FieldVolume
-598.275574,-252.316776,380.000000,-16.025482,-6.758588,20.469558,mu+,371.633997,Solenoid_1_FieldVolume
-88.816010,-173.445085,-470.000000,-2.379036,-4.645921,20.469558,pi+,292.996381,Solenoid_1_FieldVolume
-70.609396,2.836214,2930.000000,-1.018420,0.040908,11.022070,pi+,488.731276,Solenoid_1_FieldVolume
-147.755867,141.413950,-470.000000,-3.957807,3.787931,20.469558,pi+,223.238681,Solenoid_1_FieldVolume
347.601368,43.994834,1230.000000,9.310892,1.178451,20.469558,pi-,253.448343,Solenoid_1_FieldVolume
-58.574267,-71.218234,2080.000000,-0.965525,-1.173945,12.596651,pi-,311.537032,Solenoid_1_FieldVolume
-232.500335,-1.665686,5960.000000,-1.437180,-0.010296,4.723744,pi-,266.275171,Solenoid_1_FieldVolume
34.926764,20.389860,2485.106531,-0.000000,-0.000000,11.022070,pi+,249.083252,Solenoid_1_FieldVolume
22.388491,39.711299,-470.000000,0.599701,1.063712,20.469558,pi+,300.681624,Solenoid_1_FieldVolume
-8.961268,120.054781,3780.000000,-0.110787,1.484216,9.447488,pi+,299.476698,Solenoid_1_FieldVolume
73.640654,29.849722,380.000000,1.972547,0.799558,20.469558,pi+,426.717784,Solenoid_1_FieldVolume
67.213980,102.642268,4215.500000,0.568760,0.868552,6.298326,pi+,425.952902,Solenoid_1_FieldVolume
-42.575798,28.859924,380.000000,-1.140440,0.773045,20.469558,pi+,628.914400,Solenoid_1_FieldVolume
-110.258450,71.747282,4215.500000,-0.932999,0.607121,6.298326,pi+,628.105655,Solenoid_1_FieldVolume
-171.647350,195.581653,7660.000000,-0.707349,0.805981,3.149163,pi+,617.760948,Solenoid_1_FieldVolume
-205.792670,195.378082,11540.500000,-0.435351,0.413319,1.574581,pi+,542.889657,Solenoid_1_FieldVolume
-33.347153,245.931348,14940.000000,-0.068711,0.506734,1.574581,mu+,215.212570,Solenoid_1_FieldVolume
-53.981957,-47.183626,380.000000,-1.445967,-1.263866,20.469558,pi+,330.582073,Solenoid_1_FieldVolume
-47.181542,-49.161696,3780.000000,-0.583297,-0.607777,9.447488,mu+,296.829917,Solenoid_1_FieldVolume
-20.724630,136.342443,7660.000000,-0.085405,0.561859,3.149163,mu+,295.551090,Solenoid_1_FieldVolume
-208.914888,177.435482,11540.500000,-0.441956,0.375362,1.574581,mu+,294.452519,Solenoid_1_FieldVolume
-277.712560,105.371073,15790.000000,-0.572219,0.217114,1.574581,mu+,176.587352,Solenoid_1_FieldVolume
-44.711523,-24.136678,-470.000000,-1.197648,-0.646528,20.469558,pi-,267.767682,Solenoid_1_FieldVolume
-66.275170,61.848903,2930.000000,-0.955906,0.892065,11.022070,pi-,266.284467,Solenoid_1_FieldVolume
12.637666,61.608649,-470.000000,0.338514,1.650257,20.469558,mu+,129.483379,Solenoid_1_FieldVolume
11.969978,97.395187,3780.000000,0.147983,1.204080,9.447488,mu+,126.333801,Solenoid_1_FieldVolume
17.915552,33.158291,1928.677386,-0.000000,-0.000000,12.596651,pi+,332.115154,Solenoid_1_FieldVolume
153.984008,79.024832,2080.000000,2.538236,1.302627,12.596651,pi-,372.104789,Solenoid_1_FieldVolume
23.216202,16.023831,2080.000000,0.382690,0.264133,12.596651,pi+,460.062631,Solenoid_1_FieldVolume
-49.555674,30.796095,-470.000000,-1.327404,0.824908,20.469558,pi-,487.168524,Solenoid_1_FieldVolume
-141.546147,-75.145160,3780.000000,-1.749910,-0.929006,9.447488,pi-,440.419988,Solenoid_1_FieldVolume
-221.003799,58.139430,-450.000000,6.607099,-1.738128,20.469558,mu+,199.842917,Solenoid_1_FieldVolume
-6.642056,-76.706198,380.000000,-0.177915,-2.054662,20.469558,pi+,562.299322,Solenoid_1_FieldVolume
27.788385,5.231925,4215.500000,0.235143,0.044272,6.298326,pi+,561.547993,Solenoid_1_FieldVolume
245.504154,-346.265292,8510.000000,1.011708,-1.426939,3.149163,pi+,435.064101,Solenoid_1_FieldVolume
-29.751629,123.895264,-470.000000,-0.796931,3.318674,20.469558,pi-,1066.047896,Solenoid_1_FieldVolume
-113.206703,196.475434,3780.000000,-1.399555,2.428991,9.447488,pi-,1065.128839,Solenoid_1_FieldVolume
4.163563,21.434781,-470.000000,0.111526,0.574155,20.469558,pi-,980.404987,Solenoid_1_FieldVolume
-20.171385,33.959370,3780.000000,-0.249375,0.419834,9.447488,pi-,979.579965,Solenoid_1_FieldVolume
89.201262,33.682954,7660.000000,0.367593,0.138805,3.149163,pi-,978.469814,Solenoid_1_FieldVolume
-71.594051,-89.271339,11540.500000,-0.151456,-0.188852,1.574581,pi-,977.284801,Solenoid_1_FieldVolume
222.285860,-164.720713,15790.000000,0.458014,-0.339402,1.574581,pi-,976.575119,Solenoid_1_FieldVolume
309.312965,446.533766,4215.500000,2.617385,3.778538,6.298326,pi-,271.066567,Solenoid_1_FieldVolume
387.913912,470.317002,2930.000000,5.594997,6.783521,11.022070,pi+,1058.732835,Solenoid_1_FieldVolume
-61.182045,7.918511,-470.000000,-1.638830,0.212106,20.469558,pi+,241.997050,Solenoid_1_FieldVolume
166.888836,-38.790043,2489.530718,-0.000000,0.000000,11.022070,pi+,159.301106,Solenoid_1_FieldVolume
91.299083,228.787024,-470.000000,2.445548,6.128317,20.469558,pi-,820.959975,Solenoid_1_FieldVolume
8.225347,50.618233,2080.000000,0.135585,0.834379,12.596651,pi+,1045.981278,Solenoid_1_FieldVolume
-185.103793,-159.856755,1230.000000,-4.958213,-4.281942,20.469558,pi+,514.207200,Solenoid_1_FieldVolume
-89.054631,0.214221,1230.000000,-2.385428,0.005738,20.469558,pi-,410.732082,Solenoid_1_FieldVolume
53.270811,-75.414130,2080.000000,0.878104,-1.243109,12.596651,mu+,228.737507,Solenoid_1_FieldVolume
-133.059316,318.280308,6401.498166,0.000000,-0.000000,3.149163,pi-,240.837340,Solenoid_1_FieldVolume
-383.899137,-67.939319,8510.000000,-1.582026,-0.279974,3.149163,pi-,619.980104,Solenoid_1_FieldVolume
166.876745,-370.456192,-470.000000,4.469981,-9.923084,20.469558,pi-,227.632564,Solenoid_1_FieldVolume
290.171644,-70.997271,-470.000000,7.772573,-1.901741,20.469558,pi+,586.977445,Solenoid_1_FieldVolume
-105.090007,-58.255160,1230.000000,-2.814954,-1.560430,20.469558,pi-,654.581973,Solenoid_1_FieldVolume
121.852032,108.207093,1230.000000,3.263943,2.898448,20.469558,pi+,460.957306,Solenoid_1_FieldVolume
-96.693736,190.977437,5110.500000,-0.818216,1.616038,6.298326,pi+,459.617330,Solenoid_1_FieldVolume
-119.643818,57.547816,8510.000000,-0.493045,0.237151,3.149163,mu+,304.809513,Solenoid_1_FieldVolume
27.232846,-179.623545,2930.000000,0.392787,-2.590763,11.022070,pi+,264.493986,Solenoid_1_FieldVolume
83.592464,-120.050461,-470.000000,2.239118,-3.215686,20.469558,pi-,468.801641,Solenoid_1_FieldVolume
25.790091,-58.951511,3541.201201,-0.000000,0.000000,9.447488,mu-,116.688505,Solenoid_1_FieldVolume
-239.375483,-353.121935,380.000000,-6.411941,-9.458767,20.469558,pi+,286.999330,Solenoid_1_FieldVolume
41.415366,87.222780,380.000000,1.109357,2.336360,20.469558,mu+,186.091079,Solenoid_1_FieldVolume
-35.689502,60.989760,-470.000000,-0.955983,1.633679,20.469558,pi+,1128.028578,Solenoid_1_FieldVolume
-85.708521,-7.001861,3780.000000,-1.059599,-0.086563,9.447488,pi+,1127.250515,Solenoid_1_FieldVolume
40.163529,57.682908,2930.000000,0.579290,0.831978,11.022070,pi-,754.979182,Solenoid_1_FieldVolume
-32.881761,123.831968,6810.000000,-0.135504,0.510304,3.149163,pi-,753.834689,Solenoid_1_FieldVolume
150.514519,137.721215,10645.500000,0.636822,0.582694,3.149163,pi-,753.113303,Solenoid_1_FieldVolume
-42.900831,-71.479718,2080.000000,-0.707167,-1.178255,12.596651,pi-,531.988726,Solenoid_1_FieldVolume
83.261022,113.562214,380.000000,2.230240,3.041891,20.469558,pi-,1767.911203,Solenoid_1_FieldVolume
239.423826,24.447608,2930.000000,3.453280,0.352615,11.022070,pi-,1708.068942,Solenoid_1_FieldVolume
299.115787,-47.461712,3780.000000,3.697916,-0.586761,9.447488,pi-,307.573980,Solenoid_1_FieldVolume
-332.009467,-155.494071,380.000000,-8.893246,-4.165083,20.469558,pi-,479.559838,Solenoid_1_FieldVolume
-136.286062,339.174074,-1300.000000,4.074389,-10.139900,20.469558,pi-,195.638347,Solenoid_1_FieldVolume
-123.259102,-57.832306,1230.000000,-3.301633,-1.549103,20.469558,pi-,613.503884,Solenoid_1_FieldVolume
20.642695,-63.715336,-540.284453,-0.000000,0.000000,20.469558,pi+,282.902430,Solenoid_1_FieldVolume
2.527337,-89.185753,2930.000000,0.036453,-1.286352,11.022070,mu+,199.010307,Solenoid_1_FieldVolume
-23.526417,-28.526369,380.000000,-0.630181,-0.764111,20.469558,pi+,726.853397,Solenoid_1_FieldVolume
-36.479994,-118.505261,4215.500000,-0.308691,-1.002783,6.298326,pi+,726.149303,Solenoid_1_FieldVolume
-86.886131,-33.597273,-470.000000,-2.327342,-0.899941,20.469558,pi-,1102.779280,Solenoid_1_FieldVolume
-136.873656,27.574660,3780.000000,-1.692145,0.340901,9.447488,pi-,1102.023045,Solenoid_1_FieldVolume
56.482137,-10.161444,1597.704744,-0.000000,0.000000,12.596651,pi+,528.599176,Solenoid_1_FieldVolume
54.709264,-41.151254,1230.000000,1.465449,-1.102282,20.469558,mu+,145.093875,Solenoid_1_FieldVolume
49.917888,-3.894058,2080.000000,0.822835,-0.064189,12.596651,mu-,254.035725,Solenoid_1_FieldVolume
19.742416,202.340047,-470.000000,0.528823,5.419905,20.469558,pi+,2416.790443,Solenoid_1_FieldVolume
80.537779,175.842948,1230.000000,2.157295,4.710151,20.469558,pi+,324.697166,Solenoid_1_FieldVolume
220.028384,3.004779,1230.000000,5.893707,0.080486,20.469558,pi-,1089.575949,Solenoid_1_FieldVolume
-28.948136,-76.019698,380.000000,-0.775408,-2.036273,20.469558,pi-,483.446622,Solenoid_1_FieldVolume
43.941871,-29.158593,3780.000000,0.543246,-0.360483,9.447488,mu-,332.219100,Solenoid_1_FieldVolume
167.659150,-190.420473,7660.000000,0.690914,-0.784712,3.149163,mu-,248.337646,Solenoid_1_FieldVolume
56.340323,112.250445,2080.000000,0.928701,1.850310,12.596651,pi+,509.650181,Solenoid_1_FieldVolume
9.248760,26.777776,-470.000000,0.247738,0.717273,20.469558,pi+,787.070608,Solenoid_1_FieldVolume
-7.141122,61.596797,3780.000000,-0.088284,0.761510,9.447488,pi+,786.215082,Solenoid_1_FieldVolume
-37.014133,91.145249,7660.000000,-0.152533,0.375604,3.149163,pi+,785.122732,Solenoid_1_FieldVolume
-135.738415,-122.902948,11540.500000,-0.287152,-0.259999,1.574581,pi+,783.963829,Solenoid_1_FieldVolume
-308.106669,276.671483,15790.000000,-0.634845,0.570074,1.574581,pi+,672.726637,Solenoid_1_FieldVolume
-95.114433,0.421773,380.000000,-2.547747,0.011298,20.469558,pi+,1055.287436,Solenoid_1_FieldVolume
6.463816,30.687588,2080.000000,0.106548,0.505847,12.596651,mu-,189.744297,Solenoid_1_FieldVolume
69.275222,176.202585,2930.000000,0.999177,2.541422,11.022070,pi+,276.390853,Solenoid_1_FieldVolume
-75.543215,-64.135707,-961.616514,0.000000,0.000000,20.469558,mu+,107.992739,Solenoid_1_FieldVolume
-75.327974,-63.570886,-715.802377,0.000000,0.000000,20.469558,mu+,106.975877,Solenoid_1_FieldVolume
-77.076982,-63.626055,-637.836799,0.000000,0.000000,20.469558,mu+,106.299500,Solenoid_1_FieldVolume
-75.851272,-62.542238,-614.718715,0.000000,0.000000,20.469558,mu+,105.972569,Solenoid_1_FieldVolume
-77.087203,-63.266632,-606.975325,0.000000,0.000000,20.469558,mu+,105.821482,Solenoid_1_FieldVolume
-76.556969,-63.047386,-604.077255,0.000000,0.000000,20.469558,mu+,105.716944,Solenoid_1_FieldVolume
7.918475,-62.533442,2080.000000,0.130526,-1.030787,12.596651,pi-,690.084834,Solenoid_1_FieldVolume
-51.178457,-29.081824,5960.000000,-0.316355,-0.179767,4.723744,pi-,688.922861,Solenoid_1_FieldVolume
-57.490889,-1.970806,10210.000000,-0.236917,-0.008122,3.149163,pi-,687.937299,Solenoid_1_FieldVolume
191.350768,-107.402919,14090.000000,0.394273,-0.221301,1.574581,pi-,686.258080,Solenoid_1_FieldVolume
91.343820,27.454101,-470.000000,2.446747,0.735389,20.469558,pi+,504.113475,Solenoid_1_FieldVolume
78.620927,59.864950,3780.000000,0.971977,0.740100,9.447488,pi+,503.276852,Solenoid_1_FieldVolume
-68.223042,28.346827,2080.000000,-1.124573,0.467262,12.596651,pi+,1814.259831,Solenoid_1_FieldVolume
-66.482614,-123.023605,5960.000000,-0.410956,-0.760460,4.723744,pi+,1813.196986,Solenoid_1_FieldVolume
-285.282878,152.329783,10210.000000,-1.175634,0.627742,3.149163,pi+,1738.033850,Solenoid_1_FieldVolume
33.558643,-154.401316,2080.000000,0.553173,-2.545115,12.596651,pi+,965.621297,Solenoid_1_FieldVolume
87.582744,-54.758628,2930.000000,1.263232,-0.789800,11.022070,pi-,494.127659,Solenoid_1_FieldVolume
208.455067,4.652103,6810.000000,0.859031,0.019171,3.149163,pi-,492.773035,Solenoid_1_FieldVolume
273.099373,-222.807959,-470.000000,7.315273,-5.968161,20.469558,pi-,422.287767,Solenoid_1_FieldVolume
311.097776,-237.699271,-450.000000,-9.300535,7.106224,20.469558,pi-,221.392921,Solenoid_1_FieldVolume
45.856061,-255.632228,-470.000000,1.228306,-6.847396,20.469558,pi+,651.909855,Solenoid_1_FieldVolume
-60.448595,31.731773,380.000000,-1.619183,0.849971,20.469558,pi+,584.200680,Solenoid_1_FieldVolume
-106.802455,-1.610031,4215.500000,-0.903755,-0.013624,6.298326,pi+,583.205072,Solenoid_1_FieldVolume
-234.112905,201.874096,8510.000000,-0.964766,0.831911,3.149163,pi+,502.995823,Solenoid_1_FieldVolume
-88.284906,-124.264298,2080.000000,-1.455268,-2.048344,12.596651,pi-,594.639280,Solenoid_1_FieldVolume
-62.493247,182.630749,-470.000000,-1.673952,4.891969,20.469558,pi+,712.826036,Solenoid_1_FieldVolume
-90.084708,93.622919,3780.000000,-1.113701,1.157444,9.447488,pi+,615.022256,Solenoid_1_FieldVolume
108.170338,-61.829994,-470.000000,2.897464,-1.656186,20.469558,pi+,578.614116,Solenoid_1_FieldVolume
230.915920,-140.376016,2930.000000,3.330568,-2.024685,11.022070,mu+,492.761802,Solenoid_1_FieldVolume
37.784716,-39.413210,380.000000,1.012106,-1.055727,20.469558,pi+,1635.215654,Solenoid_1_FieldVolume
220.692444,53.236564,4215.500000,1.867484,0.450484,6.298326,pi+,1634.407669,Solenoid_1_FieldVolume
33.853528,-149.596917,-470.000000,0.906805,-4.007121,20.469558,pi-,587.480941,Solenoid_1_FieldVolume
97.154846,-109.205129,2930.000000,1.401293,-1.575098,11.022070,pi+,556.532938,Solenoid_1_FieldVolume
59.378665,-180.796297,6810.000000,0.244696,-0.745051,3.149163,pi+,555.161600,Solenoid_1_FieldVolume
-93.125607,-247.127080,10210.000000,-0.383765,-1.018396,3.149163,mu+,443.693339,Solenoid_1_FieldVolume
-81.753267,51.810301,2930.000000,-1.179151,0.747275,11.022070,pi-,633.709165,Solenoid_1_FieldVolume
-38.681673,92.330097,6810.000000,-0.159405,0.380487,3.149163,pi-,632.378179,Solenoid_1_FieldVolume
-17.285755,44.720793,10645.500000,-0.073135,0.189212,3.149163,pi-,631.637976,Solenoid_1_FieldVolume
410.504028,222.175842,-470.000000,10.995811,5.951229,20.469558,pi+,256.065799,Solenoid_1_FieldVolume
394.789732,51.783572,4215.500000,3.340683,0.438189,6.298326,pi-,892.691662,Solenoid_1_FieldVolume
24.946844,-108.935380,2930.000000,0.359816,-1.571207,11.022070,pi+,361.945937,Solenoid_1_FieldVolume
9.522112,-47.424436,-1300.000000,-0.284672,1.417794,20.469558,pi+,189.972126,Solenoid_1_FieldVolume
-4.801406,39.424946,-290.056192,0.000000,-0.000000,20.469558,pi+,198.140882,Solenoid_1_FieldVolume
-10.903052,33.754379,3780.000000,-0.134793,0.417299,9.447488,mu+,135.649006,Solenoid_1_FieldVolume
19.447700,-43.532749,7660.000000,0.080143,-0.179396,3.149163,mu+,132.400326,Solenoid_1_FieldVolume
93.938616,-84.302323,11540.500000,0.198726,-0.178340,1.574581,mu+,128.751567,Solenoid_1_FieldVolume
74.688414,-59.083426,15790.000000,0.153893,-0.121740,1.574581,mu+,126.743583,Solenoid_1_FieldVolume
4.716292,-67.514738,2080.000000,0.077742,-1.112897,12.596651,mu+,250.953003,Solenoid_1_FieldVolume
129.332392,-22.001102,380.000000,3.464313,-0.589324,20.469558,pi-,1159.802100,Solenoid_1_FieldVolume
172.266333,51.421655,4215.500000,1.457706,0.435126,6.298326,pi-,1158.893734,Solenoid_1_FieldVolume
-269.581561,-253.966779,6830.000000,1.239903,1.168085,3.149163,pi+,227.521988,Solenoid_1_FieldVolume
-267.425044,-227.547027,6866.246434,0.000000,0.000000,3.149163,mu+,107.272061,Solenoid_1_FieldVolume
-254.010577,-237.406023,6950.949397,0.000000,0.000000,3.149163,mu+,106.455410,Solenoid_1_FieldVolume
-272.999435,-240.642382,6973.707823,0.000000,0.000000,3.149163,mu+,106.053119,Solenoid_1_FieldVolume
-267.791463,-233.071986,6979.768817,0.000000,0.000000,3.149163,mu+,105.852541,Solenoid_1_FieldVolume
-264.552208,-234.053198,6981.802984,0.000000,0.000000,3.149163,mu+,105.748694,Solenoid_1_FieldVolume
-263.975875,-234.809057,6982.557416,0.000000,0.000000,3.149163,mu+,105.664106,Solenoid_1_FieldVolume
-28.929937,-30.057418,-470.000000,-0.774921,-0.805122,20.469558,pi-,2847.823421,Solenoid_1_FieldVolume
-65.646580,-57.965222,3780.000000,-0.811577,-0.716614,9.447488,pi-,2847.125008,Solenoid_1_FieldVolume
93.906366,-155.265640,7660.000000,0.386983,-0.639841,3.149163,pi-,2845.903717,Solenoid_1_FieldVolume
15.754807,-43.326108,1230.000000,0.422010,-1.160538,20.469558,pi+,256.049232,Solenoid_1_FieldVolume
-274.100263,265.207113,-470.000000,-7.342083,7.103870,20.469558,pi-,813.886124,Solenoid_1_FieldVolume
140.766186,117.070382,380.000000,3.770580,3.135861,20.469558,pi+,519.533993,Solenoid_1_FieldVolume
38.353853,292.654847,4215.500000,0.324548,2.476425,6.298326,pi+,477.043244,Solenoid_1_FieldVolume
-134.582768,-59.426639,380.000000,-3.604950,-1.591809,20.469558,mu-,206.437806,Solenoid_1_FieldVolume
-337.201147,203.338794,2080.000000,-5.558345,3.351789,12.596651,pi+,623.185800,Solenoid_1_FieldVolume
285.808205,315.062645,2930.000000,4.122296,4.544241,11.022070,pi-,728.808286,Solenoid_1_FieldVolume
-50.936903,-94.825690,380.000000,-1.364402,-2.540012,20.469558,pi+,688.586268,Solenoid_1_FieldVolume
65.008800,-69.278077,4215.500000,0.550100,-0.586226,6.298326,pi+,687.800266,Solenoid_1_FieldVolume
245.239884,-190.285047,8510.000000,1.010619,-0.784154,3.149163,pi+,617.820312,Solenoid_1_FieldVolume
79.250565,-97.045951,351.892690,-0.000000,0.000000,20.469558,pi-,648.527830,Solenoid_1_FieldVolume
75.896978,-18.468258,3780.000000,0.938301,-0.228320,9.447488,mu-,394.916076,Solenoid_1_FieldVolume
-72.055906,46.938115,-470.000000,-1.930098,1.257290,20.469558,pi-,1556.665389,Solenoid_1_FieldVolume
-88.391374,109.976350,3780.000000,-1.092767,1.359618,9.447488,pi-,1554.728077,Solenoid_1_FieldVolume
323.516168,-174.734008,7660.000000,1.333191,-0.720069,3.149163,pi-,1414.542284,Solenoid_1_FieldVolume
13.001560,378.548266,10645.500000,0.055009,1.601625,3.149163,mu-,1168.514334,Solenoid_1_FieldVolume
-92.906033,22.486901,-470.000000,-2.488592,0.602337,20.469558,pi-,545.624515,Solenoid_1_FieldVolume
-63.108583,84.049116,3780.000000,-0.780200,1.039085,9.447488,pi-,544.749886,Solenoid_1_FieldVolume
43.628405,-341.035928,7660.000000,0.179790,-1.405389,3.149163,pi-,464.908004,Solenoid_1_FieldVolume
-52.920618,-0.331521,2930.000000,-0.763290,-0.004782,11.022070,pi+,625.369559,Solenoid_1_FieldVolume
-17.789915,19.024000,6810.000000,-0.073311,0.078397,3.149163,pi+,624.271356,Solenoid_1_FieldVolume
-44.625846,44.720845,10645.500000,-0.188810,0.189212,3.149163,pi+,623.275150,Solenoid_1_FieldVolume
-126.489811,-318.813537,14940.000000,-0.260629,-0.656906,1.574581,pi+,587.928328,Solenoid_1_FieldVolume
81.196349,-26.019211,2930.000000,1.171119,-0.375283,11.022070,pi+,654.395597,Solenoid_1_FieldVolume
-69.419503,-52.613272,6810.000000,-0.286074,-0.216816,3.149163,pi+,557.603067,Solenoid_1_FieldVolume
53.631809,136.638060,10645.500000,0.226914,0.578111,3.149163,pi+,519.138311,Solenoid_1_FieldVolume
246.962333,323.802854,14940.000000,0.508859,0.667186,1.574581,pi+,405.213210,Solenoid_1_FieldVolume
-16.783400,16.436809,380.000000,-0.449562,0.440278,20.469558,pi+,1684.324164,Solenoid_1_FieldVolume
-96.468299,220.689887,4215.500000,-0.816308,1.867463,6.298326,pi+,1623.720549,Solenoid_1_FieldVolume
-40.976362,-29.708767,-470.000000,-1.097598,-0.795783,20.469558,pi+,339.816939,Solenoid_1_FieldVolume
-57.960949,-33.244209,3780.000000,-0.716561,-0.410992,9.447488,pi+,338.335587,Solenoid_1_FieldVolume
38.807228,203.744776,380.000000,1.039495,5.457532,20.469558,pi+,692.772716,Solenoid_1_FieldVolume
-3.103158,229.735073,4215.500000,-0.026259,1.944002,6.298326,pi+,537.639558,Solenoid_1_FieldVolume
16.894453,-120.305518,380.000000,0.452537,-3.222518,20.469558,pi-,2128.531608,Solenoid_1_FieldVolume
-57.699347,36.465314,2930.000000,-0.832215,0.525950,11.022070,pi+,204.673623,Solenoid_1_FieldVolume
-18.994820,-34.523062,380.000000,-0.508798,-0.924739,20.469558,pi+,293.614005,Solenoid_1_FieldVolume
0.645226,-39.953266,4215.500000,0.005460,-0.338082,6.298326,pi+,292.627760,Solenoid_1_FieldVolume
243.853205,40.669740,2930.000000,3.517167,0.586592,11.022070,pi+,531.720662,Solenoid_1_FieldVolume
-251.926231,-254.837237,-470.000000,-6.748127,-6.826101,20.469558,pi-,299.286700,Solenoid_1_FieldVolume
-7.007292,60.324111,-470.000000,-0.187698,1.615849,20.469558,pi+,343.054469,Solenoid_1_FieldVolume
-42.310078,75.196899,3780.000000,-0.523072,0.929646,9.447488,pi+,342.115318,Solenoid_1_FieldVolume
87.863380,-19.406629,7660.000000,0.362080,-0.079974,3.149163,pi+,340.160793,Solenoid_1_FieldVolume
17.415987,25.323535,10645.500000,0.073686,0.107143,3.149163,mu+,221.179489,Solenoid_1_FieldVolume
145.436481,-178.052707,14940.000000,0.299668,-0.366872,1.574581,mu+,219.251870,Solenoid_1_FieldVolume
17.181129,88.873301,-1223.286572,-0.000000,-0.000000,20.469558,pi-,320.478868,Solenoid_1_FieldVolume
139.918363,-49.137158,2080.000000,2.306382,-0.809965,12.596651,pi+,446.186981,Solenoid_1_FieldVolume
47.820179,6.835430,1230.000000,1.280917,0.183095,20.469558,pi-,1287.131894,Solenoid_1_FieldVolume
-97.455983,-281.056068,5110.500000,-0.824666,-2.378277,6.298326,pi-,945.580829,Solenoid_1_FieldVolume
-223.716198,-86.097301,9360.000000,-0.921921,-0.354802,3.149163,pi-,840.555522,Solenoid_1_FieldVolume
72.580414,-175.435027,2930.000000,1.046849,-2.530351,11.022070,pi+,548.504528,Solenoid_1_FieldVolume
10.944136,73.514239,-470.000000,0.293151,1.969161,20.469558,pi+,575.951885,Solenoid_1_FieldVolume
-250.575268,-58.806689,2930.000000,-3.614121,-0.848186,11.022070,mu+,371.386456,Solenoid_1_FieldVolume
96.231456,91.939268,2080.000000,1.586257,1.515505,12.596651,mu-,297.966545,Solenoid_1_FieldVolume
72.894988,-215.015554,1853.131089,-0.000000,0.000000,12.596651,pi-,436.428886,Solenoid_1_FieldVolume
143.259155,20.168430,-1300.000000,-4.282856,-0.602953,20.469558,pi+,184.489339,Solenoid_1_FieldVolume
31.074435,-40.841719,2930.000000,0.448196,-0.589072,11.022070,pi+,1130.119218,Solenoid_1_FieldVolume
204.372452,-278.872828,-470.000000,5.474345,-7.469921,20.469558,mu+,162.877253,Solenoid_1_FieldVolume
-47.338390,-26.476182,-470.000000,-1.268012,-0.709194,20.469558,mu-,184.725033,Solenoid_1_FieldVolume
-64.588051,126.897713,3780.000000,-0.798491,1.568814,9.447488,mu-,182.430940,Solenoid_1_FieldVolume
54.856281,-49.793878,-470.000000,1.469387,-1.333785,20.469558,pi+,1071.469997,Solenoid_1_FieldVolume
-44.850913,-42.845842,3780.000000,-0.554484,-0.529696,9.447488,pi+,1029.350547,Solenoid_1_FieldVolume
40.293347,139.005081,2930.000000,0.581163,2.004911,11.022070,pi+,522.774946,Solenoid_1_FieldVolume
13.637218,-46.908439,1230.000000,0.365288,-1.256495,20.469558,pi-,436.364058,Solenoid_1_FieldVolume
-291.109946,73.569937,2080.000000,-4.798588,1.212710,12.596651,pi+,1266.067584,Solenoid_1_FieldVolume
58.042458,16.580732,-470.000000,1.554732,0.444134,20.469558,pi-,848.097097,Solenoid_1_FieldVolume
21.419788,109.692519,3780.000000,0.264809,1.356109,9.447488,pi-,847.229138,Solenoid_1_FieldVolume
-264.775256,108.822053,5110.500000,-2.240510,0.920845,6.298326,pi+,326.924720,Solenoid_1_FieldVolume
100.429908,-95.103158,380.000000,2.690128,-2.547445,20.469558,pi+,656.597329,Solenoid_1_FieldVolume
207.139417,-19.091373,4215.500000,1.752799,-0.161550,6.298326,pi+,571.999493,Solenoid_1_FieldVolume
-63.688923,34.554070,1230.000000,-1.705979,0.925570,20.469558,pi+,1803.262870,Solenoid_1_FieldVolume
-112.815677,-0.238535,5110.500000,-0.954639,-0.002018,6.298326,pi+,1801.881192,Solenoid_1_FieldVolume
-59.201484,235.656027,9360.000000,-0.243966,0.971125,3.149163,pi+,1800.184972,Solenoid_1_FieldVolume
25.288622,53.711990,182.795301,-0.000000,-0.000000,20.469558,pi-,1516.054544,Solenoid_1_FieldVolume
27.503778,36.193267,3780.000000,0.340024,0.447451,9.447488,mu-,1107.903906,Solenoid_1_FieldVolume
32.449459,127.446130,7660.000000,0.133722,0.525198,3.149163,mu-,1105.180771,Solenoid_1_FieldVolume
58.370392,-17.348346,11540.500000,0.123482,-0.036700,1.574581,mu-,1103.767313,Solenoid_1_FieldVolume
230.744001,85.410229,15790.000000,0.475441,0.175985,1.574581,mu-,1101.832934,Solenoid_1_FieldVolume
178.686059,181.748199,380.000000,4.786306,4.868329,20.469558,pi-,193.503269,Solenoid_1_FieldVolume
-573.802302,288.200035,10092.427261,0.000000,-0.000000,3.149163,pi+,151.570101,Solenoid_1_FieldVolume
-529.311045,199.503584,10145.996624,0.000000,-0.000000,3.149163,mu+,110.134232,Solenoid_1_FieldVolume
-515.971655,214.783829,10199.192031,0.000000,-0.000000,3.149163,mu+,108.129170,Solenoid_1_FieldVolume
-546.915220,223.543545,10196.009453,0.000000,-0.000000,3.149163,mu+,106.993824,Solenoid_1_FieldVolume
-544.835803,227.022012,10182.321838,0.000000,-0.000000,3.149163,mu+,106.364951,Solenoid_1_FieldVolume
-526.239334,237.217445,10174.910044,0.000000,-0.000000,3.149163,mu+,106.010109,Solenoid_1_FieldVolume
-526.904628,228.745935,10174.380987,0.000000,-0.000000,3.149163,mu+,105.819649,Solenoid_1_FieldVolume
-529.169688,227.096118,10175.116947,0.000000,-0.000000,3.149163,mu+,105.717402,Solenoid_1_FieldVolume
1.684253,-40.682675,380.000000,0.045115,-1.089731,20.469558,pi+,890.877421,Solenoid_1_FieldVolume
55.986704,10.268623,4215.500000,0.473756,0.086892,6.298326,pi+,890.022075,Solenoid_1_FieldVolume
-32.089084,79.308376,8510.000000,-0.132237,0.326825,3.149163,pi+,888.827670,Solenoid_1_FieldVolume
38.088680,-266.129952,12390.000000,0.078481,-0.548353,1.574581,pi+,887.818043,Solenoid_1_FieldVolume
-48.686031,60.824648,380.000000,-1.304110,1.629256,20.469558,pi-,269.687573,Solenoid_1_FieldVolume
30.075601,131.345212,3780.000000,0.371819,1.623798,9.447488,mu-,237.543129,Solenoid_1_FieldVolume
31.586457,-34.292089,-470.000000,0.846079,-0.918552,20.469558,pi+,827.220965,Solenoid_1_FieldVolume
-19.354550,0.008295,2930.000000,-0.279156,0.000120,11.022070,mu+,578.418243,Solenoid_1_FieldVolume
-52.691098,47.696610,-470.000000,-1.411390,1.277607,20.469558,pi+,323.384732,Solenoid_1_FieldVolume
-72.838127,-45.174875,3780.000000,-0.900485,-0.558489,9.447488,pi+,321.762631,Solenoid_1_FieldVolume
11.360158,-6.719327,380.000000,0.304295,-0.179985,20.469558,pi+,1174.868788,Solenoid_1_FieldVolume
-4.358092,29.229371,4215.500000,-0.036878,0.247337,6.298326,pi+,1173.923047,Solenoid_1_FieldVolume
99.961799,-147.529421,8510.000000,0.411937,-0.607960,3.149163,pi+,1172.628320,Solenoid_1_FieldVolume
-84.191476,128.909373,12390.000000,-0.173474,0.265614,1.574581,pi+,1171.426362,Solenoid_1_FieldVolume
257.068691,320.002732,16640.000000,0.529683,0.659356,1.574581,pi+,1094.657458,Solenoid_1_FieldVolume
-56.162043,124.102016,2080.000000,-0.925762,2.045669,12.596651,pi-,440.173244,Solenoid_1_FieldVolume
-42.835003,-1.536120,2930.000000,-0.617822,-0.022156,11.022070,pi-,374.925341,Solenoid_1_FieldVolume
-243.159571,118.379099,6810.000000,-1.002046,0.487833,3.149163,pi-,347.637145,Solenoid_1_FieldVolume
76.041359,-84.993054,-470.000000,2.036853,-2.276634,20.469558,pi+,318.543042,Solenoid_1_FieldVolume
79.058919,-135.747465,3780.000000,0.977392,-1.678222,9.447488,pi+,306.724579,Solenoid_1_FieldVolume
-28.281379,8.689809,-470.000000,-0.757548,0.232766,20.469558,pi+,668.477464,Solenoid_1_FieldVolume
10.020478,77.655795,3780.000000,0.123881,0.960045,9.447488,pi+,667.625341,Solenoid_1_FieldVolume
84.233791,-252.886748,7660.000000,0.347123,-1.042131,3.149163,pi+,576.644873,Solenoid_1_FieldVolume
-61.060199,17.595126,2930.000000,-0.880689,0.253780,11.022070,pi-,2181.051113,Solenoid_1_FieldVolume
82.655818,-53.092344,6810.000000,0.340620,-0.218790,3.149163,pi-,2179.803855,Solenoid_1_FieldVolume
112.545268,131.056081,10645.500000,0.476175,0.554494,3.149163,pi-,2178.937251,Solenoid_1_FieldVolume
-80.774643,255.323286,14940.000000,-0.166434,0.526086,1.574581,pi-,2177.162084,Solenoid_1_FieldVolume
263.954429,-167.557382,9360.000000,1.087741,-0.690494,3.149163,pi+,240.288466,Solenoid_1_FieldVolume
304.293494,-630.401039,8243.811401,-0.000000,0.000000,3.149163,pi-,386.558331,Solenoid_1_FieldVolume
6.018351,-41.320951,1230.000000,0.161208,-1.106828,20.469558,pi+,364.909825,Solenoid_1_FieldVolume
-27.981666,-13.653638,2080.000000,-0.461243,-0.225063,12.596651,pi-,1431.867616,Solenoid_1_FieldVolume
-102.890145,141.844684,5960.000000,-0.636006,0.876800,4.723744,pi-,1430.703865,Solenoid_1_FieldVolume
-2.583371,-429.149880,10210.000000,-0.010646,-1.768502,3.149163,pi-,1324.769401,Solenoid_1_FieldVolume
-160.371583,27.011430,2080.000000,-2.643528,0.445250,12.596651,pi+,263.893538,Solenoid_1_FieldVolume
-105.318057,322.202244,2930.000000,-1.519033,4.647218,11.022070,pi+,408.656600,Solenoid_1_FieldVolume
44.776271,46.028988,2080.000000,0.738082,0.758731,12.596651,pi+,643.071323,Solenoid_1_FieldVolume
146.886429,130.105864,5960.000000,0.907966,0.804238,4.723744,pi+,604.758162,Solenoid_1_FieldVolume
-19.078862,87.693944,10210.000000,-0.078623,0.361382,3.149163,pi+,529.717936,Solenoid_1_FieldVolume
635.389995,293.733816,7805.734404,-0.000000,-0.000000,3.149163,pi+,260.576090,Solenoid_1_FieldVolume
119.332064,64.155907,-470.000000,3.196443,1.718488,20.469558,pi+,906.362285,Solenoid_1_FieldVolume
178.080892,57.567468,1230.000000,4.770096,1.542009,20.469558,pi+,729.808777,Solenoid_1_FieldVolume
73.326656,-82.589405,2930.000000,1.057612,-1.191211,11.022070,pi-,684.299179,Solenoid_1_FieldVolume
112.993704,46.590590,6810.000000,0.465640,0.191997,3.149163,pi-,611.962830,Solenoid_1_FieldVolume
-42.003766,18.481019,10645.500000,-0.177716,0.078193,3.149163,pi-,535.233138,Solenoid_1_FieldVolume
21.644427,-155.056607,380.000000,0.579770,-4.153365,20.469558,mu+,398.392484,Solenoid_1_FieldVolume
52.475519,-11.683570,4215.500000,0.444044,-0.098866,6.298326,mu+,397.748120,Solenoid_1_FieldVolume
-200.421642,-42.789042,2080.000000,-3.303704,-0.705325,12.596651,pi+,2229.374240,Solenoid_1_FieldVolume
71.375596,-5.823584,5110.500000,0.603975,-0.049279,6.298326,mu+,1599.771870,Solenoid_1_FieldVolume
-321.781937,-139.560226,9360.000000,-1.326045,-0.575120,3.149163,mu+,1511.965330,Solenoid_1_FieldVolume
90.044272,213.559301,13240.000000,0.185534,0.440033,1.574581,mu+,364.299326,Solenoid_1_FieldVolume
10.622630,115.166142,17490.000000,0.021888,0.237296,1.574581,mu+,321.478116,Solenoid_1_FieldVolume
11.773803,81.880487,-816.346442,-0.000000,-0.000000,20.469558,mu+,186.202667,Solenoid_1_FieldVolume
101.642394,-59.621996,-470.000000,2.722605,-1.597042,20.469558,pi-,526.347780,Solenoid_1_FieldVolume
-21.626806,25.620057,3780.000000,-0.267368,0.316736,9.447488,pi-,271.199486,Solenoid_1_FieldVolume
17.022665,-98.919231,2080.000000,0.280598,-1.630562,12.596651,pi+,1049.889224,Solenoid_1_FieldVolume
392.293655,-195.918935,5452.498793,-0.000000,0.000000,4.723744,pi+,989.905433,Solenoid_1_FieldVolume
362.700397,-395.641093,9360.000000,1.494667,-1.630414,3.149163,mu+,503.270739,Solenoid_1_FieldVolume
22.506827,-59.634204,1230.000000,0.602871,-1.597369,20.469558,pi+,531.110099,Solenoid_1_FieldVolume
6.464956,-30.598543,4215.500000,0.054706,-0.258923,6.298326,mu+,381.352146,Solenoid_1_FieldVolume
47.819884,21.030667,8510.000000,0.197063,0.086666,3.149163,mu+,380.010337,Solenoid_1_FieldVolume
121.855150,277.860269,12390.000000,0.251079,0.572523,1.574581,mu+,378.837066,Solenoid_1_FieldVolume
103.673749,294.567254,16640.000000,0.213617,0.606947,1.574581,mu+,342.978990,Solenoid_1_FieldVolume
130.992655,264.649961,380.000000,3.508785,7.088946,20.469558,pi+,756.552708,Solenoid_1_FieldVolume
221.711582,309.465614,4215.500000,1.876108,2.618677,6.298326,pi+,530.477847,Solenoid_1_FieldVolume
243.526175,-123.487477,2930.000000,3.512450,-1.781096,11.022070,pi-,368.751784,Solenoid_1_FieldVolume
164.944533,87.492673,-470.000000,4.418224,2.343589,20.469558,pi-,364.778991,Solenoid_1_FieldVolume
58.397780,-109.233246,2080.000000,0.962615,-1.800575,12.596651,pi+,549.547081,Solenoid_1_FieldVolume
38.720068,42.848629,2080.000000,0.638253,0.706307,12.596651,pi+,343.464529,Solenoid_1_FieldVolume
-113.402301,155.739581,6919.298352,0.000000,-0.000000,3.149163,pi+,156.864582,Solenoid_1_FieldVolume
-32.500035,127.978184,7562.428030,0.000000,-0.000000,3.149163,mu+,117.561433,Solenoid_1_FieldVolume
-38.811556,91.013671,7500.167030,0.000000,-0.000000,3.149163,mu+,112.246525,Solenoid_1_FieldVolume
86.719159,2.488090,7752.917982,-0.000000,-0.000000,3.149163,mu+,108.868596,Solenoid_1_FieldVolume
76.267968,-5.333763,7860.217494,-0.000000,0.000000,3.149163,mu+,107.412742,Solenoid_1_FieldVolume
45.908405,12.095294,7895.333844,-0.000000,-0.000000,3.149163,mu+,106.563201,Solenoid_1_FieldVolume
67.149755,2.723477,7910.201491,-0.000000,-0.000000,3.149163,mu+,106.147839,Solenoid_1_FieldVolume
53.336660,5.610730,7915.438514,-0.000000,-0.000000,3.149163,mu+,105.911484,Solenoid_1_FieldVolume
53.162691,11.281132,7917.394044,-0.000000,-0.000000,3.149163,mu+,105.779062,Solenoid_1_FieldVolume
54.291294,12.781373,7918.061746,-0.000000,-0.000000,3.149163,mu+,105.691267,Solenoid_1_FieldVolume
-211.526582,138.538465,10210.000000,-0.871689,0.570909,3.149163,pi-,288.494037,Solenoid_1_FieldVolume
-19.735965,-9.690692,2930.000000,-0.284658,-0.139772,11.022070,pi+,495.549158,Solenoid_1_FieldVolume
61.294628,-30.582561,5960.000000,0.378887,-0.189043,4.723744,mu+,456.759328,Solenoid_1_FieldVolume
281.136007,0.606165,10210.000000,1.158545,0.002498,3.149163,mu+,381.986777,Solenoid_1_FieldVolume
-110.420253,-482.192542,2930.000000,-1.592624,-6.954805,11.022070,pi+,292.477582,Solenoid_1_FieldVolume
10.956761,-5.031334,-470.000000,0.293489,-0.134770,20.469558,pi+,366.969951,Solenoid_1_FieldVolume
8.430948,7.927578,3780.000000,0.104230,0.098007,9.447488,pi+,366.247525,Solenoid_1_FieldVolume
-20.664162,2.492327,7660.000000,-0.085156,0.010271,3.149163,pi+,364.817896,Solenoid_1_FieldVolume
-96.469275,-105.691348,11540.500000,-0.204079,-0.223588,1.574581,pi+,363.480275,Solenoid_1_FieldVolume
-28.945825,-67.387780,15350.708029,0.000000,0.000000,1.574581,pi+,362.619067,Solenoid_1_FieldVolume
-47.271140,-65.701544,2080.000000,-0.779206,-1.083009,12.596651,mu+,292.628369,Solenoid_1_FieldVolume
32.943359,4.477114,380.000000,0.882425,0.119925,20.469558,pi-,441.552241,Solenoid_1_FieldVolume
94.707969,-32.669773,3780.000000,1.170858,-0.403891,9.447488,mu-,403.486046,Solenoid_1_FieldVolume
-1.510469,5.374407,2080.000000,-0.024898,0.088590,12.596651,mu+,236.648511,Solenoid_1_FieldVolume
5.598536,15.905200,5960.000000,0.034607,0.098317,4.723744,mu+,235.472339,Solenoid_1_FieldVolume
5.409757,16.899833,10210.000000,0.022293,0.069643,3.149163,mu+,234.411826,Solenoid_1_FieldVolume
-12.842237,21.183701,14090.000000,-0.026461,0.043648,1.574581,mu+,232.688338,Solenoid_1_FieldVolume
-19.437514,28.466937,2080.000000,-0.320403,0.469242,12.596651,pi-,546.128272,Solenoid_1_FieldVolume
158.435168,-177.524444,4215.500000,1.340667,-1.502200,6.298326,pi+,298.171687,Solenoid_1_FieldVolume
61.281572,47.039360,2080.000000,1.010151,0.775386,12.596651,pi-,216.016074,Solenoid_1_FieldVolume
-8.564104,-56.310394,2930.000000,-0.123523,-0.812181,11.022070,pi+,901.184699,Solenoid_1_FieldVolume
-63.854328,-129.420092,6810.000000,-0.263140,-0.533333,3.149163,pi+,899.837204,Solenoid_1_FieldVolume
158.043623,-50.498427,10645.500000,0.668677,-0.213657,3.149163,pi+,899.086872,Solenoid_1_FieldVolume
-257.912593,-254.840620,14940.000000,-0.531421,-0.525092,1.574581,pi+,797.799882,Solenoid_1_FieldVolume
-597.039949,37.575479,15790.000000,-1.230183,0.077423,1.574581,pi+,649.486008,Solenoid_1_FieldVolume
-98.750490,-36.368277,2080.000000,-1.627780,-0.599486,12.596651,pi-,688.374680,Solenoid_1_FieldVolume
-300.378265,-110.668388,5110.500000,-2.541780,-0.936468,6.298326,mu-,228.740188,Solenoid_1_FieldVolume
-190.169065,-81.842191,9360.000000,-0.783676,-0.337267,3.149163,mu-,133.249100,Solenoid_1_FieldVolume
-84.998025,84.190009,2080.000000,-1.401088,1.387768,12.596651,pi-,492.736448,Solenoid_1_FieldVolume
-32.634316,15.818770,5960.000000,-0.201726,0.097782,4.723744,pi-,491.554421,Solenoid_1_FieldVolume
-213.959014,-91.408249,10210.000000,-0.881713,-0.376688,3.149163,pi-,490.744344,Solenoid_1_FieldVolume
-249.499088,-175.148690,-470.000000,-6.683113,-4.691554,20.469558,pi-,202.174537,Solenoid_1_FieldVolume
13.307787,-204.324988,1230.000000,0.356464,-5.473074,20.469558,pi+,444.498877,Solenoid_1_FieldVolume
108.059086,1.931702,-470.000000,2.894484,0.051743,20.469558,mu+,992.786970,Solenoid_1_FieldVolume
-90.124335,25.082544,3780.000000,-1.114191,0.310091,9.447488,mu+,991.565036,Solenoid_1_FieldVolume
3.739800,33.397963,2930.000000,0.053940,0.481709,11.022070,pi+,298.977819,Solenoid_1_FieldVolume
334.090147,-526.816416,-402.217778,-0.000000,0.000000,20.469558,pi-,140.138485,Solenoid_1_FieldVolume
333.629194,-525.874930,-387.672236,-0.000000,0.000000,20.469558,pi-,139.846648,Solenoid_1_FieldVolume
334.082032,-525.543844,-383.309475,-0.000000,0.000000,20.469558,pi-,139.675132,Solenoid_1_FieldVolume
334.539255,-526.394061,-382.054614,-0.000000,0.000000,20.469558,pi-,139.574455,Solenoid_1_FieldVolume
-129.133975,6.228823,2080.000000,-2.128614,0.102674,12.596651,mu-,173.621675,Solenoid_1_FieldVolume
-48.357951,-5.774218,2930.000000,-0.697481,-0.083283,11.022070,pi-,1592.216609,Solenoid_1_FieldVolume
190.030910,219.219343,6810.000000,0.783106,0.903390,3.149163,pi-,1544.176794,Solenoid_1_FieldVolume
53.967666,37.146718,2080.000000,0.889590,0.612318,12.596651,pi-,477.106481,Solenoid_1_FieldVolume
260.928312,252.978819,5960.000000,1.612905,1.563766,4.723744,pi-,475.514168,Solenoid_1_FieldVolume
361.361664,-44.124879,10645.500000,1.528909,-0.186691,3.149163,pi-,278.536767,Solenoid_1_FieldVolume
10.111126,-61.521209,2080.000000,0.166669,-1.014101,12.596651,pi-,684.566385,Solenoid_1_FieldVolume
-168.119297,-7.358005,5960.000000,-1.039215,-0.045483,4.723744,pi-,683.102689,Solenoid_1_FieldVolume
-191.502160,13.883671,10210.000000,-0.789169,0.057214,3.149163,pi-,599.528067,Solenoid_1_FieldVolume
-3.688714,9.350346,1230.000000,-0.098806,0.250459,20.469558,pi+,2493.257953,Solenoid_1_FieldVolume
-55.418517,112.260345,5110.500000,-0.468948,0.949939,6.298326,pi+,2491.932132,Solenoid_1_FieldVolume
192.943722,54.532640,9360.000000,0.795110,0.224726,3.149163,pi+,2491.169595,Solenoid_1_FieldVolume
92.877971,54.923858,-470.000000,2.487841,1.471197,20.469558,pi+,2261.739370,Solenoid_1_FieldVolume
72.365518,-116.078697,3780.000000,0.894642,-1.435061,9.447488,pi+,2261.059417,Solenoid_1_FieldVolume
-253.495527,178.988161,7378.215418,0.000000,-0.000000,3.149163,pi+,2224.613790,Solenoid_1_FieldVolume
-40.261851,378.167199,10210.000000,-0.165917,1.558405,3.149163,mu+,1519.422161,Solenoid_1_FieldVolume
-412.197460,33.475454,14090.000000,-0.849321,0.068975,1.574581,mu+,436.188327,Solenoid_1_FieldVolume
73.245547,56.969185,1230.000000,1.961964,1.525983,20.469558,pi-,814.117765,Solenoid_1_FieldVolume
151.210720,179.157194,4215.500000,1.279535,1.516016,6.298326,mu-,587.859758,Solenoid_1_FieldVolume
197.707834,-35.050864,380.000000,5.295826,-0.938877,20.469558,pi+,555.485564,Solenoid_1_FieldVolume
347.173917,-131.499174,4215.500000,2.937762,-1.112737,6.298326,pi+,380.875887,Solenoid_1_FieldVolume
-548.438124,-89.573787,380.000000,-14.690530,-2.399334,20.469558,pi-,383.795455,Solenoid_1_FieldVolume
220.091100,139.180377,380.000000,5.895387,3.728102,20.469558,pi-,581.882606,Solenoid_1_FieldVolume
88.479703,-10.880752,3835.657539,-0.000000,0.000000,6.298326,pi-,323.358501,Solenoid_1_FieldVolume
159.698288,5.772390,-470.000000,4.277698,0.154620,20.469558,mu-,202.060627,Solenoid_1_FieldVolume
416.425094,462.352626,2080.000000,6.864254,7.621313,12.596651,pi+,748.543380,Solenoid_1_FieldVolume
-51.299656,-142.573090,-470.000000,-1.374119,-3.818980,20.469558,pi+,332.711704,Solenoid_1_FieldVolume
-56.310096,-125.501350,3780.000000,-0.696152,-1.551551,9.447488,pi+,277.695736,Solenoid_1_FieldVolume
0.828340,64.477921,-470.000000,0.022188,1.727113,20.469558,pi+,496.730120,Solenoid_1_FieldVolume
154.494330,95.423253,3780.000000,1.909986,1.179701,9.447488,pi+,481.823284,Solenoid_1_FieldVolume
-9.111747,-97.862427,2080.000000,-0.150196,-1.613141,12.596651,mu-,129.792390,Solenoid_1_FieldVolume
4.534065,166.021377,2930.000000,0.065396,2.394575,11.022070,pi-,709.661068,Solenoid_1_FieldVolume
-38.260464,43.758756,380.000000,-1.024849,1.172127,20.469558,pi+,355.515738,Solenoid_1_FieldVolume
-13.469746,104.425687,3780.000000,-0.166524,1.290997,9.447488,mu+,343.545939,Solenoid_1_FieldVolume
-43.954395,0.890863,-470.000000,-1.177368,0.023863,20.469558,pi-,527.263840,Solenoid_1_FieldVolume
-58.816028,29.581247,3780.000000,-0.727132,0.365708,9.447488,pi-,526.403656,Solenoid_1_FieldVolume
51.027226,-195.212956,5110.500000,0.431789,-1.651879,6.298326,pi-,207.684410,Solenoid_1_FieldVolume
147.599245,-196.438010,8510.000000,0.608248,-0.809510,3.149163,mu-,142.112618,Solenoid_1_FieldVolume
-50.262204,80.686635,2080.000000,-0.828510,1.330020,12.596651,pi-,693.735549,Solenoid_1_FieldVolume
48.953046,87.007334,380.000000,1.311262,2.330589,20.469558,pi+,493.056348,Solenoid_1_FieldVolume
-22.648965,-40.133681,2080.000000,-0.373340,-0.661554,12.596651,pi-,543.683666,Solenoid_1_FieldVolume
128.730598,-121.912422,380.000000,3.448193,-3.265561,20.469558,pi+,404.387208,Solenoid_1_FieldVolume
24.654679,34.231614,2930.000000,0.355602,0.493733,11.022070,pi-,738.749172,Solenoid_1_FieldVolume
27.682779,-49.510673,6810.000000,0.114079,-0.204031,3.149163,pi-,737.615434,Solenoid_1_FieldVolume
-90.340249,44.255578,10645.500000,-0.382226,0.187244,3.149163,pi-,736.728397,Solenoid_1_FieldVolume
287.570697,-175.413361,14090.000000,0.592531,-0.361434,1.574581,mu-,677.625260,Solenoid_1_FieldVolume
-39.187443,-188.613333,2080.000000,-0.645957,-3.109058,12.596651,pi-,369.693622,Solenoid_1_FieldVolume
23.849339,-5.811606,5110.500000,0.201811,-0.049177,6.298326,mu-,206.079113,Solenoid_1_FieldVolume
83.201797,21.512954,9360.000000,0.342870,0.088654,3.149163,mu-,205.254642,Solenoid_1_FieldVolume
-78.581976,-93.637986,1230.000000,-2.104906,-2.508198,20.469558,pi+,1524.666832,Solenoid_1_FieldVolume
72.250228,-187.733880,380.000000,1.935303,-5.028662,20.469558,pi-,504.149861,Solenoid_1_FieldVolume
243.758428,-237.071633,4215.500000,2.062667,-2.006084,6.298326,pi-,285.628939,Solenoid_1_FieldVolume
-280.501848,-125.814575,-1225.329709,0.000000,0.000000,20.469558,pi-,198.978630,Solenoid_1_FieldVolume
218.607179,-192.317457,380.000000,5.855638,-5.151439,20.469558,pi+,842.330113,Solenoid_1_FieldVolume
55.136333,-90.699002,1230.000000,1.476889,-2.429474,20.469558,pi+,1475.344571,Solenoid_1_FieldVolume
-117.851689,-197.889909,5110.500000,-0.997253,-1.674531,6.298326,pi+,1473.018733,Solenoid_1_FieldVolume
-3.727209,-15.879839,2930.000000,-0.053759,-0.229040,11.022070,pi+,502.457403,Solenoid_1_FieldVolume
-60.281062,-45.398182,6810.000000,-0.248415,-0.187083,3.149163,pi+,501.276320,Solenoid_1_FieldVolume
-118.298319,-29.730136,10645.500000,-0.500516,-0.125787,3.149163,pi+,500.524474,Solenoid_1_FieldVolume
32.246475,104.893357,14940.000000,0.066443,0.216130,1.574581,pi+,496.178582,Solenoid_1_FieldVolume
-55.463592,66.766490,1230.000000,-1.485654,1.788415,20.469558,pi+,510.129075,Solenoid_1_FieldVolume
-107.983432,32.579428,2930.000000,-1.557477,0.469903,11.022070,pi-,235.918731,Solenoid_1_FieldVolume
119.130210,-43.712404,6810.000000,0.490929,-0.180136,3.149163,pi-,233.278130,Solenoid_1_FieldVolume
223.652643,-90.021162,10645.500000,0.946267,-0.380876,3.149163,pi-,174.149818,Solenoid_1_FieldVolume
104.486119,93.543122,2080.000000,1.722325,1.541943,12.596651,pi-,649.636615,Solenoid_1_FieldVolume
28.595788,-40.582326,2080.000000,0.471366,-0.668950,12.596651,pi+,266.648790,Solenoid_1_FieldVolume
-95.435417,-7.396993,2930.000000,-1.376493,-0.106689,11.022070,pi+,1049.581305,Solenoid_1_FieldVolume
-133.768484,-99.593311,5960.000000,-0.826878,-0.615627,4.723744,mu+,910.214267,Solenoid_1_FieldVolume
36.530412,-60.147931,10210.000000,0.150540,-0.247866,3.149163,mu+,909.432813,Solenoid_1_FieldVolume
-288.197293,-102.751521,14090.000000,-0.593822,-0.211717,1.574581,mu+,857.521778,Solenoid_1_FieldVolume
-12.831205,39.169197,1230.000000,-0.343698,1.049191,20.469558,pi-,1207.331524,Solenoid_1_FieldVolume
-98.382147,112.622543,5110.500000,-0.832503,0.953004,6.298326,pi-,1206.046856,Solenoid_1_FieldVolume
13.451671,-60.618532,9360.000000,0.055434,-0.249805,3.149163,pi-,1205.439124,Solenoid_1_FieldVolume
-29.905751,228.976075,13240.000000,-0.061620,0.471799,1.574581,pi-,1204.387963,Solenoid_1_FieldVolume
383.685822,311.149966,14090.000000,0.790573,0.641115,1.574581,pi-,260.785510,Solenoid_1_FieldVolume
-8.678953,-170.243499,-470.000000,-0.232475,-4.560163,20.469558,pi-,567.135256,Solenoid_1_FieldVolume
1.673876,4.466110,1230.000000,0.044837,0.119630,20.469558,pi-,304.759654,Solenoid_1_FieldVolume
-59.276000,-24.663545,-470.000000,-1.587774,-0.660641,20.469558,pi+,794.366782,Solenoid_1_FieldVolume
-82.044893,-68.596764,3780.000000,-1.014307,-0.848050,9.447488,pi+,793.602825,Solenoid_1_FieldVolume
7.724906,0.456749,380.000000,0.206920,0.012235,20.469558,mu-,181.210174,Solenoid_1_FieldVolume
11.548065,-3.914624,4215.500000,0.097719,-0.033125,6.298326,mu-,179.825587,Solenoid_1_FieldVolume
20.620073,12.671518,8510.000000,0.084974,0.052219,3.149163,mu-,178.051664,Solenoid_1_FieldVolume
12.528275,66.739449,12390.000000,0.025814,0.137515,1.574581,mu-,176.633567,Solenoid_1_FieldVolume
45.016536,41.350662,16640.000000,0.092755,0.085202,1.574581,mu-,175.335231,Solenoid_1_FieldVolume
-41.901319,-22.416077,715.271185,0.000000,0.000000,20.469558,pi+,246.623083,Solenoid_1_FieldVolume
12.955343,-39.515070,4215.500000,0.109627,-0.334374,6.298326,mu+,233.276255,Solenoid_1_FieldVolume
-14.320633,48.118861,-470.000000,-0.383594,1.288918,20.469558,pi+,512.213942,Solenoid_1_FieldVolume
-28.234942,44.969693,3780.000000,-0.349064,0.555952,9.447488,pi+,511.497950,Solenoid_1_FieldVolume
102.994983,4.584475,7660.000000,0.424436,0.018892,3.149163,pi+,510.259545,Solenoid_1_FieldVolume
140.241213,-44.349860,11540.500000,0.296678,-0.093821,1.574581,pi+,508.568197,Solenoid_1_FieldVolume
-58.484301,-3.364583,15790.000000,-0.120505,-0.006933,1.574581,pi+,507.680126,Solenoid_1_FieldVolume
84.872266,5.650399,2930.000000,1.224138,0.081497,11.022070,mu-,340.257989,Solenoid_1_FieldVolume
219.361453,51.928243,6810.000000,0.903976,0.213993,3.149163,mu-,298.791085,Solenoid_1_FieldVolume
45.416718,-143.599377,10645.500000,0.192157,-0.607564,3.149163,mu-,262.206225,Solenoid_1_FieldVolume
-85.266356,-50.177577,2482.459738,0.000000,0.000000,11.022070,pi+,472.062658,Solenoid_1_FieldVolume
-105.568527,-56.578456,5960.000000,-0.652563,-0.349735,4.723744,mu+,423.377221,Solenoid_1_FieldVolume
-312.576460,99.908309,10210.000000,-1.288109,0.411716,3.149163,mu+,346.474249,Solenoid_1_FieldVolume
27.624804,-44.873313,-470.000000,0.739961,-1.201982,20.469558,pi-,289.918749,Solenoid_1_FieldVolume
38.137827,-32.291042,3780.000000,0.471491,-0.399209,9.447488,pi-,289.011854,Solenoid_1_FieldVolume
19.167977,-73.463467,-470.000000,0.513436,-1.967801,20.469558,mu-,171.464963,Solenoid_1_FieldVolume
40.849792,70.061633,3780.000000,0.505019,0.866160,9.447488,mu-,168.981658,Solenoid_1_FieldVolume
-7.731150,27.333173,-470.000000,-0.207088,0.732150,20.469558,pi+,716.867767,Solenoid_1_FieldVolume
282.214075,69.317543,3780.000000,3.488963,0.856961,9.447488,pi+,715.824709,Solenoid_1_FieldVolume
26.910960,-1.346175,1230.000000,0.720840,-0.036059,20.469558,pi+,1029.356176,Solenoid_1_FieldVolume
-96.915872,-40.315110,5110.500000,-0.820095,-0.341144,6.298326,pi+,1027.961011,Solenoid_1_FieldVolume
106.287066,-60.171057,9360.000000,0.438003,-0.247961,3.149163,pi+,1027.261023,Solenoid_1_FieldVolume
-249.599566,-16.715959,13240.000000,-0.514293,-0.034443,1.574581,pi+,1026.117332,Solenoid_1_FieldVolume
-240.424063,401.646010,17490.000000,-0.495387,0.827580,1.574581,pi+,862.832899,Solenoid_1_FieldVolume
-5.824355,23.636947,2930.000000,-0.084006,0.340923,11.022070,pi+,298.498277,Solenoid_1_FieldVolume
-21.512968,10.234134,-470.000000,-0.576249,0.274133,20.469558,pi-,177.145331,Solenoid_1_FieldVolume
31.246837,-25.055798,3475.170241,-0.000000,0.000000,9.447488,pi-,175.048743,Solenoid_1_FieldVolume
101.818258,154.819825,6810.000000,0.419587,0.638003,3.149163,mu-,122.591713,Solenoid_1_FieldVolume
105.843870,135.341571,10645.500000,0.447822,0.572626,3.149163,mu-,120.024858,Solenoid_1_FieldVolume
-64.350013,67.555957,-470.000000,-1.723687,1.809562,20.469558,mu-,264.023079,Solenoid_1_FieldVolume
65.141302,145.053763,1178.513444,-0.000000,-0.000000,20.469558,pi+,388.800406,Solenoid_1_FieldVolume
-73.923149,170.424045,3780.000000,-0.913899,2.106923,9.447488,mu+,345.653781,Solenoid_1_FieldVolume
88.390138,-173.237754,2930.000000,1.274877,-2.498659,11.022070,pi-,936.548190,Solenoid_1_FieldVolume
400.054335,53.473322,-470.000000,10.715904,1.432343,20.469558,pi-,887.165312,Solenoid_1_FieldVolume
457.914503,19.477306,3780.000000,5.661117,0.240795,9.447488,pi-,647.321301,Solenoid_1_FieldVolume
-40.134670,94.417236,2080.000000,-0.661571,1.556352,12.596651,pi-,786.007914,Solenoid_1_FieldVolume
98.061648,-438.258156,5960.000000,0.606159,-2.709054,4.723744,pi-,785.000017,Solenoid_1_FieldVolume
375.085111,-483.055917,10210.000000,1.545704,-1.990645,3.149163,pi-,617.991334,Solenoid_1_FieldVolume
48.263258,-17.378738,2930.000000,0.696115,-0.250659,11.022070,pi+,496.283274,Solenoid_1_FieldVolume
-134.013668,116.622844,2930.000000,-1.932919,1.682086,11.022070,pi-,583.611460,Solenoid_1_FieldVolume
-231.950914,-67.502481,-470.000000,-6.213065,-1.808130,20.469558,pi+,326.835987,Solenoid_1_FieldVolume
-48.605192,50.415232,2080.000000,-0.801197,0.831033,12.596651,pi-,340.487579,Solenoid_1_FieldVolume
-7.365653,-17.704275,380.000000,-0.197297,-0.474229,20.469558,pi-,565.575995,Solenoid_1_FieldVolume
99.307095,-126.920889,4215.500000,0.840330,-1.073996,6.298326,pi-,512.702444,Solenoid_1_FieldVolume
-111.576194,-178.159150,380.000000,-2.988693,-4.772193,20.469558,mu-,453.902473,Solenoid_1_FieldVolume
-40.402898,-176.851661,4215.500000,-0.341887,-1.496507,6.298326,mu-,150.320725,Solenoid_1_FieldVolume
-112.705409,-57.726780,2930.000000,-1.625583,-0.832610,11.022070,pi+,236.027745,Solenoid_1_FieldVolume
266.724936,-118.422426,6108.347086,-0.000000,0.000000,3.149163,pi+,143.593350,Solenoid_1_FieldVolume
274.763320,-111.837888,6427.985680,-0.000000,0.000000,3.149163,pi+,141.789109,Solenoid_1_FieldVolume
253.122785,-85.877030,6523.156290,-0.000000,0.000000,3.149163,pi+,140.714181,Solenoid_1_FieldVolume
276.523492,-101.329795,6550.499538,-0.000000,0.000000,3.149163,pi+,140.152188,Solenoid_1_FieldVolume
262.232320,-98.458629,6560.520719,-0.000000,0.000000,3.149163,pi+,139.875499,Solenoid_1_FieldVolume
262.702391,-93.035578,6563.633835,-0.000000,0.000000,3.149163,pi+,139.705281,Solenoid_1_FieldVolume
263.666912,-91.751570,6564.630232,-0.000000,0.000000,3.149163,pi+,139.598902,Solenoid_1_FieldVolume
223.727952,-83.571038,6810.000000,0.921970,-0.344391,3.149163,mu+,108.837961,Solenoid_1_FieldVolume
-149.797085,323.964036,380.000000,-4.012483,8.677740,20.469558,pi+,172.806299,Solenoid_1_FieldVolume
-40.679763,-27.251615,1230.000000,-1.089653,-0.729965,20.469558,pi-,1278.216411,Solenoid_1_FieldVolume
-141.085404,-196.860222,2930.000000,-2.034916,-2.839373,11.022070,pi-,237.341537,Solenoid_1_FieldVolume
28.412469,146.254635,2080.000000,0.468345,2.410827,12.596651,mu-,195.113828,Solenoid_1_FieldVolume
263.449737,-167.878875,4215.500000,2.229293,-1.420579,6.298326,pi+,1009.924493,Solenoid_1_FieldVolume
60.273769,-23.711829,1230.000000,1.614500,-0.635148,20.469558,pi+,756.866444,Solenoid_1_FieldVolume
58.171444,-67.580743,-470.000000,1.558187,-1.810226,20.469558,pi+,387.874280,Solenoid_1_FieldVolume
41.852894,38.451271,2930.000000,0.603657,0.554594,11.022070,mu+,332.527142,Solenoid_1_FieldVolume
12.441593,-124.596549,380.000000,0.333262,-3.337458,20.469558,pi-,1000.031166,Solenoid_1_FieldVolume
148.490792,3.388986,3780.000000,1.835766,0.041897,9.447488,pi-,995.808141,Solenoid_1_FieldVolume
-296.251083,-100.537629,6810.000000,-1.220833,-0.414310,3.149163,mu-,115.972273,Solenoid_1_FieldVolume
-366.954065,-90.651862,5130.000000,2.531632,0.625411,4.723744,pi-,169.958551,Solenoid_1_FieldVolume
-9.583820,34.697997,-470.000000,-0.256713,0.929425,20.469558,pi+,883.006924,Solenoid_1_FieldVolume
-31.507441,159.206108,3780.000000,-0.389521,1.968237,9.447488,pi+,840.025813,Solenoid_1_FieldVolume
-10.529095,-473.180080,5110.500000,-0.089096,-4.004017,6.298326,pi+,339.117688,Solenoid_1_FieldVolume
-40.569355,-32.325723,-470.000000,-1.086696,-0.865881,20.469558,pi-,171.431947,Solenoid_1_FieldVolume
20.308339,-13.447211,2930.000000,0.292913,-0.193953,11.022070,mu-,143.042778,Solenoid_1_FieldVolume
-7.560230,-74.133901,380.000000,-0.202509,-1.985760,20.469558,mu-,208.567064,Solenoid_1_FieldVolume
23.259671,-86.731185,4215.500000,0.196822,-0.733913,6.298326,mu-,207.574139,Solenoid_1_FieldVolume
-38.161886,-23.543710,380.000000,-1.022209,-0.630645,20.469558,pi+,730.241388,Solenoid_1_FieldVolume
-113.962015,-94.370340,4215.500000,-0.964339,-0.798555,6.298326,pi+,729.321085,Solenoid_1_FieldVolume
-31.352099,-2.117902,-470.000000,-0.839801,-0.056730,20.469558,pi-,689.448164,Solenoid_1_FieldVolume
-99.471556,-60.609354,3780.000000,-1.229749,-0.749303,9.447488,pi-,688.578828,Solenoid_1_FieldVolume
-15.943790,-189.802485,7660.000000,-0.065703,-0.782165,3.149163,pi-,687.230186,Solenoid_1_FieldVolume
-222.685622,-46.821220,11540.500000,-0.471088,-0.099049,1.574581,pi-,609.932416,Solenoid_1_FieldVolume
-23.401977,8.051877,-470.000000,-0.626848,0.215679,20.469558,pi+,471.746848,Solenoid_1_FieldVolume
-33.361663,-12.029746,2930.000000,-0.481185,-0.173509,11.022070,mu+,332.160810,Solenoid_1_FieldVolume
33.380173,7.839150,2930.000000,0.481452,0.113066,11.022070,pi-,351.535551,Solenoid_1_FieldVolume
-69.723242,-117.758001,6810.000000,-0.287325,-0.485274,3.149163,pi-,349.897620,Solenoid_1_FieldVolume
-26.968755,-108.789867,10210.000000,-0.111137,-0.448317,3.149163,mu-,267.391738,Solenoid_1_FieldVolume
57.633202,88.102244,2930.000000,0.831261,1.270725,11.022070,pi-,459.417805,Solenoid_1_FieldVolume
-360.578426,-121.203486,6810.000000,-1.485923,-0.499472,3.149163,pi-,415.912361,Solenoid_1_FieldVolume
-265.547277,-67.110200,1230.000000,-7.112982,-1.797622,20.469558,pi-,180.245448,Solenoid_1_FieldVolume
-269.681431,-70.976164,1751.779055,0.000000,0.000000,12.596651,pi-,146.521863,Solenoid_1_FieldVolume
-135.700341,-169.922617,-470.000000,-3.634886,-4.551568,20.469558,pi-,611.713522,Solenoid_1_FieldVolume
-166.763186,-85.711550,3780.000000,-2.061664,-1.059637,9.447488,pi-,438.435166,Solenoid_1_FieldVolume
22.117592,270.791484,2080.000000,0.364581,4.463664,12.596651,pi-,372.462814,Solenoid_1_FieldVolume
240.101162,2.168840,2080.000000,3.957772,0.035751,12.596651,pi+,676.768575,Solenoid_1_FieldVolume
-82.441613,42.758233,-470.000000,-2.208291,1.145327,20.469558,pi+,210.850382,Solenoid_1_FieldVolume
-92.892351,40.059361,3780.000000,-1.148412,0.495247,9.447488,pi+,209.727316,Solenoid_1_FieldVolume
-136.311928,84.334787,7660.000000,-0.561733,0.347539,3.149163,pi+,206.572091,Solenoid_1_FieldVolume
-143.729260,-65.879730,11540.500000,-0.304057,-0.139367,1.574581,pi+,204.529458,Solenoid_1_FieldVolume
-195.913755,-63.324893,15790.000000,-0.403675,-0.130479,1.574581,pi+,203.478572,Solenoid_1_FieldVolume
41.427533,-19.042303,380.000000,1.109683,-0.510069,20.469558,pi-,309.260551,Solenoid_1_FieldVolume
90.169186,-11.388831,4215.500000,0.763005,-0.096371,6.298326,pi-,308.300249,Solenoid_1_FieldVolume
-133.621169,70.115239,7660.000000,-0.550645,0.288941,3.149163,mu-,198.984285,Solenoid_1_FieldVolume
124.191572,-40.180655,1230.000000,3.326611,-1.076284,20.469558,pi+,385.697959,Solenoid_1_FieldVolume
-87.727084,278.359448,2930.000000,-1.265314,4.014860,11.022070,pi-,2382.560689,Solenoid_1_FieldVolume
-116.174909,138.789291,6810.000000,-0.478750,0.571943,3.149163,pi-,384.622545,Solenoid_1_FieldVolume
-107.925981,69.229018,10645.500000,-0.456631,0.292906,3.149163,pi-,315.001932,Solenoid_1_FieldVolume
46.009372,111.107433,1230.000000,1.232413,2.976137,20.469558,pi+,633.573938,Solenoid_1_FieldVolume
84.038254,-170.650990,5110.500000,0.711126,-1.444037,6.298326,pi+,632.310277,Solenoid_1_FieldVolume
-83.730046,-205.444084,9360.000000,-0.345047,-0.846623,3.149163,pi+,550.921987,Solenoid_1_FieldVolume
154.483570,117.998301,-470.000000,4.138016,3.160717,20.469558,pi+,846.213442,Solenoid_1_FieldVolume
200.358280,154.035407,3780.000000,2.476994,1.904313,9.447488,pi+,732.554309,Solenoid_1_FieldVolume
254.361500,177.946044,2080.000000,4.192836,2.933221,12.596651,pi-,413.384210,Solenoid_1_FieldVolume
-24.628660,70.487304,2080.000000,-0.405973,1.161896,12.596651,pi+,367.860172,Solenoid_1_FieldVolume
-52.912731,23.945584,1230.000000,-1.417327,0.641409,20.469558,pi+,601.930587,Solenoid_1_FieldVolume
-10.866214,-269.464095,5110.500000,-0.091949,-2.280187,6.298326,pi+,600.659220,Solenoid_1_FieldVolume
57.484249,51.575802,9360.000000,0.236889,0.212541,3.149163,pi+,481.393613,Solenoid_1_FieldVolume
5.676444,-2.521464,380.000000,0.152050,-0.067540,20.469558,mu-,311.472243,Solenoid_1_FieldVolume
-1.665854,-0.178058,4215.500000,-0.014096,-0.001507,6.298326,mu-,310.585863,Solenoid_1_FieldVolume
12.537256,-28.739664,8510.000000,0.051665,-0.118434,3.149163,mu-,308.565352,Solenoid_1_FieldVolume
2.553541,31.345334,12390.000000,0.005261,0.064586,1.574581,mu-,307.302743,Solenoid_1_FieldVolume
-3.615185,27.525684,16640.000000,-0.007449,0.056716,1.574581,mu-,306.468755,Solenoid_1_FieldVolume
-10.334257,0.627808,380.000000,-0.276815,0.016817,20.469558,pi-,1128.243448,Solenoid_1_FieldVolume
-22.844060,2.478418,4215.500000,-0.193305,0.020972,6.298326,pi-,1127.421753,Solenoid_1_FieldVolume
30.269307,-10.631076,8510.000000,0.124738,-0.043810,3.149163,pi-,1126.130041,Solenoid_1_FieldVolume
-64.670375,21.755977,12390.000000,-0.133251,0.044828,1.574581,pi-,1125.160164,Solenoid_1_FieldVolume
-82.728308,-97.476668,16640.000000,-0.170459,-0.200848,1.574581,pi-,1124.444404,Solenoid_1_FieldVolume
70.773833,15.139856,2080.000000,1.166619,0.249562,12.596651,pi+,1551.757872,Solenoid_1_FieldVolume
85.144640,81.496945,5960.000000,0.526314,0.503766,4.723744,mu+,602.824547,Solenoid_1_FieldVolume
183.318218,6.734817,10210.000000,0.755444,0.027754,3.149163,mu+,495.944891,Solenoid_1_FieldVolume
-14.808518,434.172332,14090.000000,-0.030513,0.894599,1.574581,mu+,421.952243,Solenoid_1_FieldVolume
26.653502,100.536698,380.000000,0.713944,2.692988,20.469558,pi+,340.119750,Solenoid_1_FieldVolume
64.870540,233.248139,4215.500000,0.548930,1.973730,6.298326,pi+,338.652243,Solenoid_1_FieldVolume
187.046691,52.185781,2080.000000,3.083234,0.860218,12.596651,pi-,740.049434,Solenoid_1_FieldVolume
471.931831,-19.793427,1230.000000,12.641223,-0.530189,20.469558,pi+,442.799681,Solenoid_1_FieldVolume
-42.939299,-131.354134,-470.000000,-1.150177,-3.518468,20.469558,pi+,1267.192542,Solenoid_1_FieldVolume
-9.230193,-320.022140,3780.000000,-0.114111,-3.956378,9.447488,pi+,1133.430290,Solenoid_1_FieldVolume
-193.498950,8.260847,6810.000000,-0.797398,0.034042,3.149163,pi+,260.068728,Solenoid_1_FieldVolume
64.343551,-33.773038,2080.000000,1.060624,-0.556707,12.596651,pi+,2275.804518,Solenoid_1_FieldVolume
-165.738988,1.703699,5960.000000,-1.024501,0.010531,4.723744,pi+,2274.257422,Solenoid_1_FieldVolume
40.433393,287.534401,10210.000000,0.166624,1.184913,3.149163,pi+,2173.529482,Solenoid_1_FieldVolume
50.307220,206.621377,11810.029825,-0.000000,-0.000000,1.574581,mu+,110.611346,Solenoid_1_FieldVolume
-40.730522,159.694814,12491.609570,0.000000,-0.000000,1.574581,mu+,108.307494,Solenoid_1_FieldVolume
-2.145741,183.258208,12690.341379,0.000000,-0.000000,1.574581,mu+,107.129361,Solenoid_1_FieldVolume
-24.566859,141.550162,12755.485613,0.000000,-0.000000,1.574581,mu+,106.453377,Solenoid_1_FieldVolume
-18.462943,167.707755,12775.700503,0.000000,-0.000000,1.574581,mu+,106.046802,Solenoid_1_FieldVolume
-8.180572,168.738640,12780.817751,0.000000,-0.000000,1.574581,mu+,105.846750,Solenoid_1_FieldVolume
-4.842547,167.301859,12782.102939,0.000000,-0.000000,1.574581,mu+,105.740973,Solenoid_1_FieldVolume
-4.019641,166.810853,12782.463394,0.000000,-0.000000,1.574581,mu+,105.659864,Solenoid_1_FieldVolume
-16.059914,31.722698,-470.000000,-0.430183,0.849728,20.469558,pi-,723.391128,Solenoid_1_FieldVolume
125.232859,63.281676,3780.000000,1.548232,0.782340,9.447488,pi-,722.511008,Solenoid_1_FieldVolume
-126.654290,224.208693,935.368888,0.000000,-0.000000,20.469558,pi+,141.881803,Solenoid_1_FieldVolume
-122.136943,227.331069,795.508884,0.000000,-0.000000,20.469558,pi+,140.843071,Solenoid_1_FieldVolume
-124.875797,224.247616,754.066058,0.000000,-0.000000,20.469558,pi+,140.236488,Solenoid_1_FieldVolume
-124.292441,224.634300,739.705429,0.000000,-0.000000,20.469558,pi+,139.893596,Solenoid_1_FieldVolume
-123.694696,225.289111,734.905528,0.000000,-0.000000,20.469558,pi+,139.707729,Solenoid_1_FieldVolume
-124.575821,225.861901,733.347630,0.000000,-0.000000,20.469558,pi+,139.600606,Solenoid_1_FieldVolume
-122.034826,232.699313,484.880699,0.000000,-0.000000,20.469558,mu+,108.773982,Solenoid_1_FieldVolume
-168.771325,1.012319,2080.000000,-2.781987,0.016687,12.596651,pi+,1210.141493,Solenoid_1_FieldVolume
-48.395893,-73.875735,-470.000000,-1.296338,-1.978844,20.469558,pi+,1088.532769,Solenoid_1_FieldVolume
-60.070899,18.170165,3780.000000,-0.742646,0.224635,9.447488,pi+,1010.921115,Solenoid_1_FieldVolume
189.622233,-15.012651,7660.000000,0.781422,-0.061866,3.149163,pi+,595.734129,Solenoid_1_FieldVolume
139.220036,-158.297002,2930.000000,2.008012,-2.283164,11.022070,pi-,586.281004,Solenoid_1_FieldVolume
-14.037340,36.629205,-470.000000,-0.376006,0.981154,20.469558,pi+,353.898146,Solenoid_1_FieldVolume
29.005220,-101.607150,2986.218337,-0.000000,0.000000,9.447488,pi+,352.721160,Solenoid_1_FieldVolume
-14.208930,39.179487,380.000000,-0.380602,1.049466,20.469558,pi-,773.404709,Solenoid_1_FieldVolume
16.262149,46.147570,4215.500000,0.137609,0.390498,6.298326,pi-,772.701710,Solenoid_1_FieldVolume
26.970328,128.314706,7660.000000,0.111143,0.528777,3.149163,mu-,472.328453,Solenoid_1_FieldVolume
73.471001,211.348930,11540.500000,0.155427,0.447105,1.574581,mu-,465.908935,Solenoid_1_FieldVolume
75.837275,79.842599,15790.000000,0.156260,0.164513,1.574581,mu-,389.136652,Solenoid_1_FieldVolume
33.434786,33.694275,1230.000000,0.895588,0.902539,20.469558,pi-,488.998364,Solenoid_1_FieldVolume
216.751497,184.694503,2950.000000,-2.990756,-2.548431,9.447488,mu-,144.456338,Solenoid_1_FieldVolume
-23.119607,37.092530,2930.000000,-0.333461,0.534996,11.022070,mu-,236.744834,Solenoid_1_FieldVolume
42.007106,91.425681,380.000000,1.125207,2.448939,20.469558,pi+,549.190222,Solenoid_1_FieldVolume
29.108436,196.314776,4215.500000,0.246314,1.661202,6.298326,pi+,548.377499,Solenoid_1_FieldVolume
-82.404362,3.933036,-470.000000,-2.207293,0.105351,20.469558,pi+,729.718033,Solenoid_1_FieldVolume
-193.363654,-19.859015,2930.000000,-2.788941,-0.286432,11.022070,mu+,530.793609,Solenoid_1_FieldVolume
29.234018,-127.499405,1230.000000,0.783066,-3.415215,20.469558,pi-,1445.269645,Solenoid_1_FieldVolume
169.814937,137.550749,5110.500000,1.436962,1.163945,6.298326,pi-,1371.404129,Solenoid_1_FieldVolume
-514.675712,-191.385119,9360.000000,-2.120949,-0.788687,3.149163,pi-,1138.167178,Solenoid_1_FieldVolume
3.177761,-71.439949,380.000000,0.085120,-1.913599,20.469558,pi-,406.450494,Solenoid_1_FieldVolume
185.756166,-24.110637,4215.500000,1.571856,-0.204023,6.298326,pi-,405.201791,Solenoid_1_FieldVolume
146.020605,6.410819,-475.645318,-0.000000,-0.000000,20.469558,pi+,140.802950,Solenoid_1_FieldVolume
145.615292,4.503519,-492.438906,-0.000000,-0.000000,20.469558,pi+,140.220911,Solenoid_1_FieldVolume
145.309749,5.234486,-497.120888,-0.000000,-0.000000,20.469558,pi+,139.896152,Solenoid_1_FieldVolume
144.908487,5.982814,-498.968256,-0.000000,-0.000000,20.469558,pi+,139.721189,Solenoid_1_FieldVolume
143.497223,5.511870,-499.604644,-0.000000,-0.000000,20.469558,pi+,139.617828,Solenoid_1_FieldVolume
145.754065,11.890515,-846.322523,-0.000000,-0.000000,20.469558,mu+,109.337930,Solenoid_1_FieldVolume
143.647360,9.703337,-1300.000000,-4.294461,-0.290090,20.469558,mu+,107.704315,Solenoid_1_FieldVolume
108.181531,-3.032059,-644.347788,-0.000000,0.000000,20.469558,pi+,175.932869,Solenoid_1_FieldVolume
136.300553,150.922942,2080.000000,2.246747,2.487779,12.596651,pi+,893.208666,Solenoid_1_FieldVolume
310.056976,5.147175,4215.500000,2.623681,0.043555,6.298326,pi-,365.039102,Solenoid_1_FieldVolume
118.712241,389.551873,-470.000000,3.179840,10.434584,20.469558,mu+,261.502458,Solenoid_1_FieldVolume
-37.572629,66.488714,2080.000000,-0.619338,1.095984,12.596651,pi+,168.323768,Solenoid_1_FieldVolume
-351.703544,56.627931,-470.000000,-9.420774,1.516843,20.469558,pi-,620.336807,Solenoid_1_FieldVolume
-424.587807,15.149140,2930.000000,-6.123955,0.218501,11.022070,mu-,363.580460,Solenoid_1_FieldVolume
-82.456465,405.393975,3780.000000,-1.019395,5.011815,9.447488,pi+,632.251520,Solenoid_1_FieldVolume
-182.613439,-59.957631,380.000000,-4.891506,-1.606032,20.469558,pi-,502.944082,Solenoid_1_FieldVolume
531.993276,129.501896,3780.000000,6.576940,1.601009,9.447488,mu-,262.167703,Solenoid_1_FieldVolume
31.495772,58.698630,-470.000000,0.843650,1.572309,20.469558,pi-,215.661181,Solenoid_1_FieldVolume
45.022316,-42.345826,3017.005705,-0.000000,0.000000,9.447488,pi-,213.708812,Solenoid_1_FieldVolume
-17.322998,8.470507,2080.000000,-0.285548,0.139626,12.596651,pi+,654.574998,Solenoid_1_FieldVolume
-330.845798,229.873348,5960.000000,-2.045094,1.420942,4.723744,pi+,653.426704,Solenoid_1_FieldVolume
-78.022539,152.390966,2930.000000,-1.125342,2.197980,11.022070,pi+,670.457221,Solenoid_1_FieldVolume
81.979296,-17.393354,-470.000000,2.195907,-0.465900,20.469558,pi-,383.363514,Solenoid_1_FieldVolume
129.912845,30.728584,2930.000000,1.873771,0.443207,11.022070,mu-,372.812357,Solenoid_1_FieldVolume
21.452232,21.371385,2930.000000,0.309412,0.308246,11.022070,pi-,582.028613,Solenoid_1_FieldVolume
-75.370009,-48.542230,2080.000000,-1.242382,-0.800159,12.596651,mu+,998.378216,Solenoid_1_FieldVolume
-330.840121,67.961879,5960.000000,-2.045059,0.420100,4.723744,mu+,914.670973,Solenoid_1_FieldVolume
-301.589468,5.705991,10210.000000,-1.242833,0.023514,3.149163,mu+,839.080074,Solenoid_1_FieldVolume
-24.997771,-13.204363,2080.000000,-0.412057,-0.217658,12.596651,pi+,294.904237,Solenoid_1_FieldVolume
-61.138293,-76.013126,5425.540863,0.000000,0.000000,4.723744,pi+,291.608610,Solenoid_1_FieldVolume
-110.499078,-137.420076,9360.000000,-0.455360,-0.566300,3.149163,mu+,180.056822,Solenoid_1_FieldVolume
156.194915,-62.947967,13240.000000,0.321835,-0.129702,1.574581,mu+,178.515767,Solenoid_1_FieldVolume
134.142495,-223.204750,17490.000000,0.276397,-0.459907,1.574581,mu+,177.483767,Solenoid_1_FieldVolume
325.286988,-8.706555,-470.000000,8.713177,-0.233215,20.469558,pi-,1775.000976,Solenoid_1_FieldVolume
420.304596,-52.546858,1230.000000,11.258330,-1.407526,20.469558,pi-,743.341001,Solenoid_1_FieldVolume
-7.651501,-31.240765,1230.000000,-0.204954,-0.836819,20.469558,pi-,895.939585,Solenoid_1_FieldVolume
164.085747,-114.813419,5110.500000,1.388482,-0.971543,6.298326,pi-,894.687209,Solenoid_1_FieldVolume
-91.164164,-254.270653,9360.000000,-0.375682,-1.047835,3.149163,pi-,893.962017,Solenoid_1_FieldVolume
-94.013924,57.061421,-470.000000,-2.518268,1.528454,20.469558,pi+,565.199820,Solenoid_1_FieldVolume
-135.019206,-27.119789,3780.000000,-1.669219,-0.335277,9.447488,pi+,564.293138,Solenoid_1_FieldVolume
-98.742334,306.460653,7660.000000,-0.406911,1.262906,3.149163,pi+,562.959143,Solenoid_1_FieldVolume
-375.828620,-381.932768,380.000000,-10.066991,-10.230497,20.469558,pi-,439.607378,Solenoid_1_FieldVolume
66.153576,-23.934961,-470.000000,1.771998,-0.641125,20.469558,pi-,314.209951,Solenoid_1_FieldVolume
98.202856,-21.974264,2930.000000,1.416409,-0.316941,11.022070,mu-,222.208270,Solenoid_1_FieldVolume
-25.767704,0.138471,2930.000000,-0.371655,0.001997,11.022070,pi-,897.674956,Solenoid_1_FieldVolume
77.530214,-52.010395,2930.000000,1.118241,-0.750161,11.022070,pi+,512.917118,Solenoid_1_FieldVolume
-34.233655,91.636743,-470.000000,-0.916987,2.454593,20.469558,pi+,395.266261,Solenoid_1_FieldVolume
34.811747,25.680212,3780.000000,0.430372,0.317480,9.447488,pi+,394.417132,Solenoid_1_FieldVolume
-41.665054,114.795260,7660.000000,-0.171699,0.473065,3.149163,pi+,348.852294,Solenoid_1_FieldVolume
-63.255857,6.937824,-366.954637,0.000000,-0.000000,20.469558,pi-,449.692008,Solenoid_1_FieldVolume
-14.151642,-54.675514,3780.000000,-0.174954,-0.675944,9.447488,mu-,309.231329,Solenoid_1_FieldVolume
-80.072512,44.857850,-126.917783,0.000000,-0.000000,20.469558,pi+,292.422382,Solenoid_1_FieldVolume
-44.629413,30.056081,3780.000000,-0.551746,0.371578,9.447488,mu+,168.785834,Solenoid_1_FieldVolume
115.941317,-142.337332,2080.000000,1.911150,-2.346255,12.596651,pi+,1178.767098,Solenoid_1_FieldVolume
72.285906,50.158218,-470.000000,1.936259,1.343544,20.469558,pi+,361.195894,Solenoid_1_FieldVolume
-51.113601,-59.592171,3780.000000,-0.631909,-0.736728,9.447488,pi+,359.620261,Solenoid_1_FieldVolume
-32.434920,-94.200568,6810.000000,-0.133662,-0.388195,3.149163,pi+,176.290242,Solenoid_1_FieldVolume
-43.936355,-1.557026,10645.500000,-0.185893,-0.006588,3.149163,mu+,122.211355,Solenoid_1_FieldVolume
237.636168,102.993937,3780.000000,2.937854,1.273296,9.447488,pi-,881.559513,Solenoid_1_FieldVolume
-63.947648,27.719043,380.000000,-1.712909,0.742486,20.469558,pi-,2074.004613,Solenoid_1_FieldVolume
-34.790292,-46.687152,4215.500000,-0.294393,-0.395063,6.298326,pi-,2072.595218,Solenoid_1_FieldVolume
186.645132,310.370338,8510.000000,0.769154,1.279018,3.149163,pi-,2036.499593,Solenoid_1_FieldVolume
-142.012403,460.147456,10210.000000,-0.585225,1.896241,3.149163,pi+,207.407316,Solenoid_1_FieldVolume
-114.047834,8.091705,1230.000000,-3.054899,0.216745,20.469558,mu+,195.960473,Solenoid_1_FieldVolume
89.669993,120.298828,-470.000000,2.401911,3.222339,20.469558,pi+,301.269744,Solenoid_1_FieldVolume
118.437726,118.087377,3780.000000,1.464225,1.459894,9.447488,pi+,225.135780,Solenoid_1_FieldVolume
-213.898537,105.174345,-470.000000,-5.729512,2.817213,20.469558,pi+,318.888836,Solenoid_1_FieldVolume
42.644599,-345.110339,-470.000000,1.142283,-9.244167,20.469558,pi-,446.450064,Solenoid_1_FieldVolume
-6.047283,-330.924447,2930.000000,-0.087222,-4.773021,11.022070,mu-,243.699073,Solenoid_1_FieldVolume
-158.616151,-52.917406,2597.509412,0.000000,0.000000,11.022070,pi-,217.373067,Solenoid_1_FieldVolume
124.839178,48.943608,-470.000000,3.343957,1.311009,20.469558,pi+,360.197417,Solenoid_1_FieldVolume
27.361467,21.068810,1953.499835,-0.000000,-0.000000,12.596651,pi-,854.322266,Solenoid_1_FieldVolume
66.907114,-157.334579,1230.000000,1.792182,-4.214383,20.469558,mu-,170.286739,Solenoid_1_FieldVolume
-14.517574,15.737681,2930.000000,-0.209391,0.226989,11.022070,pi-,684.565270,Solenoid_1_FieldVolume
9.052006,-12.623582,6810.000000,0.037303,-0.052021,3.149163,pi-,683.319483,Solenoid_1_FieldVolume
-41.382923,-26.727028,10645.500000,-0.175090,-0.113081,3.149163,pi-,682.469494,Solenoid_1_FieldVolume
86.507920,155.366034,14940.000000,0.178247,0.320127,1.574581,pi-,681.524691,Solenoid_1_FieldVolume
-55.907131,-67.924353,2930.000000,-0.806365,-0.979693,11.022070,pi+,901.942229,Solenoid_1_FieldVolume
39.438462,-1.096604,380.000000,1.056403,-0.029374,20.469558,pi+,275.363917,Solenoid_1_FieldVolume
63.380827,-58.211094,4215.500000,0.536324,-0.492578,6.298326,pi+,274.468660,Solenoid_1_FieldVolume
-207.725545,-38.913889,-470.000000,-5.564162,-1.042352,20.469558,pi+,365.848198,Solenoid_1_FieldVolume
-123.703817,-112.160526,-470.000000,-3.313545,-3.004345,20.469558,pi+,478.030871,Solenoid_1_FieldVolume
287.483033,-2.353060,1225.634402,-0.000000,0.000000,20.469558,pi-,795.493359,Solenoid_1_FieldVolume
336.241831,-5.529361,4215.500000,2.845255,-0.046789,6.298326,mu-,506.972736,Solenoid_1_FieldVolume
149.861157,-157.232928,-470.000000,4.014199,-4.211660,20.469558,pi-,361.658223,Solenoid_1_FieldVolume
-195.054326,-221.686527,2080.000000,-3.215230,-3.654229,12.596651,mu+,264.174330,Solenoid_1_FieldVolume
318.259900,-96.940285,1230.000000,8.524948,-2.596654,20.469558,pi+,497.942917,Solenoid_1_FieldVolume
-198.470575,83.187671,-470.000000,-5.316257,2.228275,20.469558,pi-,916.164554,Solenoid_1_FieldVolume
-213.706690,20.110142,1230.000000,-5.724373,0.538673,20.469558,pi-,529.606233,Solenoid_1_FieldVolume
-382.823186,-323.991765,17490.000000,-0.788796,-0.667576,1.574581,pi+,238.555044,Solenoid_1_FieldVolume
118.667293,-201.304688,15790.000000,0.244510,-0.414782,1.574581,pi+,1382.729694,Solenoid_1_FieldVolume
-100.943368,-112.347378,-470.000000,-2.703881,-3.009350,20.469558,pi+,802.080184,Solenoid_1_FieldVolume
18.286961,-32.445167,2080.000000,0.301438,-0.534819,12.596651,pi-,2342.022063,Solenoid_1_FieldVolume
-14.535357,123.841692,5960.000000,-0.089849,0.765517,4.723744,pi-,2340.035947,Solenoid_1_FieldVolume
-206.911352,-33.274712,10210.000000,-0.852670,-0.137123,3.149163,pi-,2338.880644,Solenoid_1_FieldVolume
0.330743,-110.148261,2080.000000,0.005452,-1.815658,12.596651,pi+,1316.204927,Solenoid_1_FieldVolume
46.645464,-233.891546,5960.000000,0.288335,-1.445780,4.723744,pi+,1315.040564,Solenoid_1_FieldVolume
-129.215719,-122.617281,10210.000000,-0.532490,-0.505299,3.149163,pi+,1144.171193,Solenoid_1_FieldVolume
115.516437,-90.614354,14090.000000,0.238018,-0.186708,1.574581,pi+,1142.933970,Solenoid_1_FieldVolume
-3.332510,699.992067,-1279.307660,0.000000,-0.000000,20.469558,pi+,476.396713,Solenoid_1_FieldVolume
28.265950,164.831929,2080.000000,0.465929,2.717051,12.596651,pi+,595.670595,Solenoid_1_FieldVolume
-9.677090,-73.653714,-470.000000,-0.259212,-1.972897,20.469558,pi+,366.336537,Solenoid_1_FieldVolume
-6.784761,-85.715058,3780.000000,-0.083879,-1.059680,9.447488,pi+,364.994283,Solenoid_1_FieldVolume
30.631731,-49.279565,7660.000000,0.126232,-0.203078,3.149163,pi+,363.209948,Solenoid_1_FieldVolume
234.950292,161.294976,11540.500000,0.497033,0.341217,1.574581,pi+,361.737832,Solenoid_1_FieldVolume
12.121941,48.586905,1230.000000,0.324700,1.301455,20.469558,pi+,504.971124,Solenoid_1_FieldVolume
-411.219429,-406.271353,380.000000,-11.014973,-10.882434,20.469558,pi+,520.169428,Solenoid_1_FieldVolume
-339.465399,-365.747016,4215.500000,-2.872533,-3.094926,6.298326,pi+,187.606347,Solenoid_1_FieldVolume
199.699598,299.404886,1230.000000,5.349178,8.019896,20.469558,mu-,375.709790,Solenoid_1_FieldVolume
138.669912,-132.878294,380.000000,3.714429,-3.559294,20.469558,pi+,1149.654869,Solenoid_1_FieldVolume
30.322377,-13.086370,4215.500000,0.256586,-0.110736,6.298326,pi+,1025.921508,Solenoid_1_FieldVolume
205.918636,-237.858395,7856.761636,-0.000000,0.000000,3.149163,pi+,878.160160,Solenoid_1_FieldVolume
-59.590347,-6.115156,2930.000000,-0.859489,-0.088201,11.022070,pi+,711.710792,Solenoid_1_FieldVolume
-22.462911,-32.148894,380.000000,-0.601694,-0.861144,20.469558,pi+,866.521524,Solenoid_1_FieldVolume
-55.189262,-102.718329,3780.000000,-0.682295,-1.269889,9.447488,mu+,778.824195,Solenoid_1_FieldVolume
-67.751234,-153.927399,7660.000000,-0.279199,-0.634326,3.149163,mu+,777.306043,Solenoid_1_FieldVolume
226.121497,-75.567924,11540.500000,0.478356,-0.159863,1.574581,mu+,776.130731,Solenoid_1_FieldVolume
-94.452595,-239.257518,15790.000000,-0.194617,-0.492983,1.574581,mu+,624.661457,Solenoid_1_FieldVolume
-81.189432,36.968064,2930.000000,-1.171019,0.533201,11.022070,pi-,556.151249,Solenoid_1_FieldVolume
-217.767572,-111.417740,6810.000000,-0.897407,-0.459146,3.149163,pi-,520.753824,Solenoid_1_FieldVolume
185.852979,316.393829,2930.000000,2.680612,4.563441,11.022070,pi+,1085.003653,Solenoid_1_FieldVolume
211.584093,-262.147898,-470.000000,5.667517,-7.021925,20.469558,pi+,409.141628,Solenoid_1_FieldVolume
369.690398,-58.999964,-871.638266,-0.000000,0.000000,20.469558,pi-,211.215651,Solenoid_1_FieldVolume
292.007064,-475.205046,1230.000000,7.821737,-12.728900,20.469558,pi+,283.356973,Solenoid_1_FieldVolume
-204.827002,-393.713054,380.000000,-5.486521,-10.546046,20.469558,pi-,597.337670,Solenoid_1_FieldVolume
370.496963,-312.629636,6830.000000,-1.704050,1.437897,3.149163,pi+,289.657104,Solenoid_1_FieldVolume
-21.217878,27.645265,-470.000000,-0.568345,0.740509,20.469558,pi+,453.566536,Solenoid_1_FieldVolume
-42.919630,138.112064,3780.000000,-0.530608,1.707455,9.447488,pi+,330.606182,Solenoid_1_FieldVolume
-42.577683,-6.824495,2080.000000,-0.701841,-0.112493,12.596651,pi+,443.308669,Solenoid_1_FieldVolume
-173.222714,-19.750845,2080.000000,-2.855363,-0.325568,12.596651,pi+,315.893291,Solenoid_1_FieldVolume
13.101012,-131.300867,2930.000000,0.188960,-1.893791,11.022070,pi-,719.409035,Solenoid_1_FieldVolume
-72.420491,-35.529348,-470.000000,-1.939864,-0.951693,20.469558,pi-,949.685660,Solenoid_1_FieldVolume
53.035615,-96.976346,3780.000000,0.655670,-1.198902,9.447488,pi-,948.737299,Solenoid_1_FieldVolume
-63.108547,-247.639069,7660.000000,-0.260067,-1.020506,3.149163,pi-,798.898721,Solenoid_1_FieldVolume
-231.764997,35.841694,11540.500000,-0.490295,0.075822,1.574581,pi-,723.383097,Solenoid_1_FieldVolume
312.982690,-477.075880,15790.000000,0.644892,-0.983001,1.574581,pi-,566.766844,Solenoid_1_FieldVolume
-13.044104,74.178521,2080.000000,-0.215016,1.222741,12.596651,pi+,325.558993,Solenoid_1_FieldVolume
66.707939,-28.930978,380.000000,1.786847,-0.774949,20.469558,pi-,854.739195,Solenoid_1_FieldVolume
146.441737,-61.614758,4215.500000,1.239180,-0.521380,6.298326,pi-,853.892285,Solenoid_1_FieldVolume
113.312925,256.120826,2930.000000,1.634346,3.694106,11.022070,pi+,589.689481,Solenoid_1_FieldVolume
-46.208404,25.156487,380.000000,-1.237744,0.673845,20.469558,pi+,1015.913760,Solenoid_1_FieldVolume
-9.319597,4.484966,3780.000000,-0.115217,0.055447,9.447488,mu+,854.460604,Solenoid_1_FieldVolume
-4.779743,76.159781,7660.000000,-0.019697,0.313850,3.149163,mu+,853.487204,Solenoid_1_FieldVolume
-195.372515,-2.040718,11540.500000,-0.413307,-0.004317,1.574581,mu+,852.357501,Solenoid_1_FieldVolume
44.577478,278.977862,15790.000000,0.091851,0.574826,1.574581,mu+,740.678597,Solenoid_1_FieldVolume
-1.521948,-62.300350,2080.000000,-0.025087,-1.026944,12.596651,pi-,2141.722938,Solenoid_1_FieldVolume
-31.745323,64.056637,5960.000000,-0.196231,0.395960,4.723744,pi-,2140.541739,Solenoid_1_FieldVolume
-170.123509,-106.092223,10210.000000,-0.701069,-0.437200,3.149163,pi-,2139.520682,Solenoid_1_FieldVolume
-116.633512,-236.241437,5110.500000,-0.986945,-1.999059,6.298326,pi-,280.049699,Solenoid_1_FieldVolume
150.334165,109.306006,13240.000000,0.309759,0.225222,1.574581,pi-,218.935425,Solenoid_1_FieldVolume
-1.536810,80.000950,2930.000000,-0.022166,1.153877,11.022070,pi+,3055.409710,Solenoid_1_FieldVolume
243.633673,63.881778,6810.000000,1.004000,0.263253,3.149163,pi+,3054.147505,Solenoid_1_FieldVolume
317.120554,-305.350373,10645.500000,1.341726,-1.291927,3.149163,pi+,2768.960660,Solenoid_1_FieldVolume
189.236077,-104.803599,380.000000,5.068900,-2.807282,20.469558,pi-,156.816891,Solenoid_1_FieldVolume
229.186014,-100.635454,380.000000,6.139004,-2.695633,20.469558,mu-,253.087292,Solenoid_1_FieldVolume
212.418415,-95.998944,1494.915622,-0.000000,0.000000,12.596651,mu-,107.677181,Solenoid_1_FieldVolume
208.474731,-93.816521,1601.880503,-0.000000,0.000000,12.596651,mu-,106.698221,Solenoid_1_FieldVolume
210.662282,-94.409092,1636.311884,-0.000000,0.000000,12.596651,mu-,106.215294,Solenoid_1_FieldVolume
212.200440,-91.242462,1649.138824,-0.000000,0.000000,12.596651,mu-,105.916730,Solenoid_1_FieldVolume
211.631039,-93.036611,1653.411149,-0.000000,0.000000,12.596651,mu-,105.763981,Solenoid_1_FieldVolume
212.606645,-91.916731,1654.124006,-0.000000,0.000000,12.596651,mu-,105.668404,Solenoid_1_FieldVolume
402.323634,46.937839,-470.000000,10.776690,1.257283,20.469558,mu+,238.918848,Solenoid_1_FieldVolume
16.866245,78.367527,1230.000000,0.451781,2.099162,20.469558,pi+,464.653768,Solenoid_1_FieldVolume
-293.336628,-0.164543,5110.500000,-2.482194,-0.001392,6.298326,pi+,459.814780,Solenoid_1_FieldVolume
118.278206,-35.972839,2930.000000,1.705961,-0.518847,11.022070,pi-,364.345650,Solenoid_1_FieldVolume
180.570246,170.954302,6453.502797,-0.000000,-0.000000,3.149163,pi-,263.541742,Solenoid_1_FieldVolume
85.933480,183.820376,10210.000000,0.354127,0.757513,3.149163,mu-,177.044979,Solenoid_1_FieldVolume
415.123928,245.087931,5960.000000,2.566052,1.514989,4.723744,pi+,567.797587,Solenoid_1_FieldVolume
-271.255779,31.178049,5110.500000,-2.295348,0.263827,6.298326,pi+,607.975464,Solenoid_1_FieldVolume
44.232237,58.404782,2080.000000,0.729114,0.962731,12.596651,mu-,128.702109,Solenoid_1_FieldVolume
-154.143052,316.471632,2930.000000,-2.223251,4.564564,11.022070,pi+,598.908778,Solenoid_1_FieldVolume
-173.292180,-71.474927,380.000000,-4.641825,-1.914536,20.469558,pi+,1190.115778,Solenoid_1_FieldVolume
-160.844113,136.491241,4215.500000,-1.361052,1.154979,6.298326,pi+,1052.064479,Solenoid_1_FieldVolume
-19.124570,-87.323307,4215.500000,-0.161831,-0.738924,6.298326,pi+,499.979369,Solenoid_1_FieldVolume
44.974266,-26.960368,380.000000,1.204686,-0.722164,20.469558,mu+,123.522244,Solenoid_1_FieldVolume
-117.398103,166.807756,1230.000000,-3.144640,4.468133,20.469558,pi-,1151.894497,Solenoid_1_FieldVolume
-119.007516,-65.605596,2080.000000,-1.961692,-1.081427,12.596651,pi+,1061.291494,Solenoid_1_FieldVolume
104.022478,-108.727938,5960.000000,0.643006,-0.672092,4.723744,pi+,978.069820,Solenoid_1_FieldVolume
-445.759150,261.023244,10210.000000,-1.836947,1.075662,3.149163,pi+,821.924655,Solenoid_1_FieldVolume
-64.104264,28.618200,-470.000000,-1.717105,0.766571,20.469558,pi-,951.685785,Solenoid_1_FieldVolume
146.035426,55.338433,3780.000000,1.805410,0.684139,9.447488,pi-,950.963917,Solenoid_1_FieldVolume
-29.732277,6.624181,-470.000000,-0.796412,0.177436,20.469558,pi-,606.078767,Solenoid_1_FieldVolume
-38.130218,49.728256,3780.000000,-0.471397,0.614782,9.447488,pi-,604.593338,Solenoid_1_FieldVolume
-245.926810,-67.872994,7660.000000,-1.013450,-0.279701,3.149163,pi-,567.049399,Solenoid_1_FieldVolume
93.890023,110.926828,380.000000,2.514950,2.971299,20.469558,pi+,2062.279927,Solenoid_1_FieldVolume
84.263650,-128.822884,4215.500000,0.713033,-1.090090,6.298326,pi+,1902.594103,Solenoid_1_FieldVolume
-80.105899,-22.782900,-864.369621,0.000000,0.000000,20.469558,mu+,273.582976,Solenoid_1_FieldVolume
46.555149,38.685484,380.000000,1.247032,1.036234,20.469558,pi+,892.986072,Solenoid_1_FieldVolume
225.594118,158.547252,4215.500000,1.908962,1.341616,6.298326,mu+,801.823917,Solenoid_1_FieldVolume
8.297218,48.762000,-620.120507,-0.000000,-0.000000,20.469558,pi-,196.712106,Solenoid_1_FieldVolume
138.944069,-105.634674,7660.000000,0.572580,-0.435314,3.149163,pi+,328.575510,Solenoid_1_FieldVolume
267.458033,86.539316,11540.500000,0.565803,0.183072,1.574581,pi+,327.167797,Solenoid_1_FieldVolume
-118.445855,129.664050,1937.385391,0.000000,-0.000000,12.596651,mu+,139.224748,Solenoid_1_FieldVolume
-100.301335,-85.251388,380.000000,-2.686684,-2.283554,20.469558,pi-,715.693554,Solenoid_1_FieldVolume
35.685059,-35.620104,4215.500000,0.301965,-0.301415,6.298326,pi-,714.853310,Solenoid_1_FieldVolume
111.984299,63.837166,-470.000000,2.999625,1.709950,20.469558,pi+,730.900387,Solenoid_1_FieldVolume
160.207134,10.939698,3780.000000,1.980613,0.135246,9.447488,pi+,730.184787,Solenoid_1_FieldVolume
178.925444,-76.206152,7660.000000,0.737341,-0.314041,3.149163,pi+,726.918048,Solenoid_1_FieldVolume
-32.151347,52.729811,380.000000,-0.861210,1.412427,20.469558,pi-,559.591076,Solenoid_1_FieldVolume
-73.985998,78.647254,4215.500000,-0.626064,0.665508,6.298326,pi-,558.683925,Solenoid_1_FieldVolume
-210.849630,-66.744007,8510.000000,-0.868899,-0.275048,3.149163,pi-,557.389832,Solenoid_1_FieldVolume
89.731346,183.830872,12390.000000,0.184889,0.378778,1.574581,pi-,555.609856,Solenoid_1_FieldVolume
181.188049,101.274467,-470.000000,4.853325,2.712750,20.469558,pi+,571.312546,Solenoid_1_FieldVolume
207.370138,118.406932,3058.818985,-0.000000,-0.000000,9.447488,mu+,106.936446,Solenoid_1_FieldVolume
207.083396,117.943509,3142.820023,-0.000000,-0.000000,9.447488,mu+,106.365043,Solenoid_1_FieldVolume
204.514534,119.114426,3171.297133,-0.000000,-0.000000,9.447488,mu+,106.025061,Solenoid_1_FieldVolume
206.223018,118.547444,3180.971236,-0.000000,-0.000000,9.447488,mu+,105.838297,Solenoid_1_FieldVolume
205.367320,119.510624,3183.706707,-0.000000,-0.000000,9.447488,mu+,105.725058,Solenoid_1_FieldVolume
205.707004,119.885188,3184.370860,-0.000000,-0.000000,9.447488,mu+,105.658372,Solenoid_1_FieldVolume
-81.135582,35.453270,-470.000000,-2.173308,0.949656,20.469558,pi+,1299.853376,Solenoid_1_FieldVolume
15.367539,61.147715,3780.000000,0.189986,0.755959,9.447488,pi+,1298.877328,Solenoid_1_FieldVolume
-366.498288,-84.344713,7660.000000,-1.510318,-0.347580,3.149163,pi+,1227.200661,Solenoid_1_FieldVolume
28.467890,7.278967,-470.000000,0.762544,0.194975,20.469558,pi-,711.721817,Solenoid_1_FieldVolume
24.424645,-57.752640,3780.000000,0.301958,-0.713986,9.447488,pi-,711.014312,Solenoid_1_FieldVolume
119.828016,-129.303151,7660.000000,0.493804,-0.532851,3.149163,pi-,670.842078,Solenoid_1_FieldVolume
44.259627,22.990261,2080.000000,0.729565,0.378966,12.596651,pi-,511.203566,Solenoid_1_FieldVolume
-28.828989,-49.489746,5960.000000,-0.178204,-0.305917,4.723744,pi-,509.839972,Solenoid_1_FieldVolume
-128.421228,194.695980,10210.000000,-0.529216,0.802331,3.149163,pi-,474.084397,Solenoid_1_FieldVolume
55.319465,7.569789,2080.000000,0.911873,0.124779,12.596651,mu+,189.421868,Solenoid_1_FieldVolume
-128.277062,21.709539,2080.000000,-2.114489,0.357855,12.596651,mu+,272.852157,Solenoid_1_FieldVolume
-16.358470,136.631524,5960.000000,-0.101118,0.844576,4.723744,mu+,271.665308,Solenoid_1_FieldVolume
-143.426154,90.790029,10210.000000,-0.591051,0.374140,3.149163,mu+,270.921635,Solenoid_1_FieldVolume
-21.957573,143.225213,14090.000000,-0.045243,0.295111,1.574581,mu+,269.896344,Solenoid_1_FieldVolume
271.737376,293.071383,10210.000000,1.119814,1.207730,3.149163,pi-,439.420318,Solenoid_1_FieldVolume
264.773973,75.746556,8510.000000,1.091118,0.312147,3.149163,pi-,677.537863,Solenoid_1_FieldVolume
64.237229,292.136356,8510.000000,0.264718,1.203877,3.149163,pi-,689.415353,Solenoid_1_FieldVolume
2.715134,241.741993,8510.000000,0.011189,0.996205,3.149163,pi+,249.559107,Solenoid_1_FieldVolume
-33.538534,10.679061,2080.000000,-0.552841,0.176031,12.596651,pi+,1050.804406,Solenoid_1_FieldVolume
-187.725673,-391.145693,5960.000000,-1.160410,-2.417833,4.723744,pi+,981.889478,Solenoid_1_FieldVolume
189.054870,-320.367109,10210.000000,0.779084,-1.320214,3.149163,pi+,838.031480,Solenoid_1_FieldVolume
-86.364449,-83.736490,2080.000000,-1.423611,-1.380293,12.596651,pi+,569.044476,Solenoid_1_FieldVolume
-39.321511,-206.691118,1230.000000,-1.053271,-5.536453,20.469558,pi-,565.775649,Solenoid_1_FieldVolume
-63.266063,-265.248204,1230.000000,-1.694652,-7.104971,20.469558,pi-,598.871661,Solenoid_1_FieldVolume
-148.351159,-387.105709,4215.500000,-1.255337,-3.275662,6.298326,pi-,209.997832,Solenoid_1_FieldVolume
-63.256829,6.895489,2930.000000,-0.912372,0.099456,11.022070,pi+,1161.691880,Solenoid_1_FieldVolume
259.747069,112.749123,-470.000000,6.957616,3.020112,20.469558,pi+,530.635101,Solenoid_1_FieldVolume
-105.973080,96.670702,2930.000000,-1.528481,1.394310,11.022070,pi+,861.332157,Solenoid_1_FieldVolume
45.398576,50.155087,1230.000000,1.216052,1.343460,20.469558,pi-,1957.478420,Solenoid_1_FieldVolume
107.523590,-84.474707,5110.500000,0.909857,-0.714819,6.298326,pi-,1956.130036,Solenoid_1_FieldVolume
85.359921,454.741890,9360.000000,0.351763,1.873965,3.149163,pi-,1793.155107,Solenoid_1_FieldVolume
-39.275668,107.486350,380.000000,-1.052043,2.879142,20.469558,pi+,1030.687931,Solenoid_1_FieldVolume
-256.844859,234.205428,4215.500000,-2.173403,1.981830,6.298326,pi-,177.973957,Solenoid_1_FieldVolume
27.330706,-17.265268,380.000000,0.732084,-0.462470,20.469558,pi+,566.438429,Solenoid_1_FieldVolume
133.759838,2.935701,4215.500000,1.131866,0.024842,6.298326,pi+,565.572420,Solenoid_1_FieldVolume
312.212404,213.145604,8510.000000,1.286609,0.878361,3.149163,pi+,488.337728,Solenoid_1_FieldVolume
-200.343016,75.835039,-450.000000,5.989427,-2.267154,20.469558,pi+,197.545381,Solenoid_1_FieldVolume
-304.755926,122.367172,3780.000000,-3.767644,1.512804,9.447488,pi-,288.361011,Solenoid_1_FieldVolume
-102.110055,-370.790675,7680.000000,0.469641,1.705401,3.149163,pi-,231.917588,Solenoid_1_FieldVolume
154.831106,18.566251,-470.000000,4.147325,0.497318,20.469558,pi+,365.994594,Solenoid_1_FieldVolume
172.907416,30.451439,3780.000000,2.137624,0.376466,9.447488,pi+,322.695108,Solenoid_1_FieldVolume
-241.342308,-107.665575,2883.894240,0.000000,0.000000,11.022070,pi+,343.439073,Solenoid_1_FieldVolume
4.352582,142.877205,2080.000000,0.071747,2.355155,12.596651,pi-,452.322286,Solenoid_1_FieldVolume
-253.441558,-204.470986,380.000000,-6.788716,-5.476985,20.469558,pi+,489.354929,Solenoid_1_FieldVolume
-13.255826,-37.346735,-470.000000,-0.355072,-1.000374,20.469558,pi-,624.665164,Solenoid_1_FieldVolume
-62.480619,-85.883542,2930.000000,-0.901176,-1.238724,11.022070,mu-,453.450547,Solenoid_1_FieldVolume
9.856200,39.586790,380.000000,0.264009,1.060377,20.469558,pi+,322.957284,Solenoid_1_FieldVolume
-19.162112,118.390939,4215.500000,-0.162148,1.001816,6.298326,pi+,321.993818,Solenoid_1_FieldVolume
15.057308,-6.389871,-470.000000,0.403327,-0.171160,20.469558,pi-,455.165753,Solenoid_1_FieldVolume
17.096834,-7.682576,3780.000000,0.211365,-0.094978,9.447488,pi-,454.394099,Solenoid_1_FieldVolume
58.944712,177.960244,7660.000000,0.242908,0.733364,3.149163,pi-,453.007274,Solenoid_1_FieldVolume
-87.447976,120.620092,11540.500000,-0.184995,0.255170,1.574581,pi-,451.816157,Solenoid_1_FieldVolume
133.419698,97.617160,15790.000000,0.274907,0.201137,1.574581,pi-,451.077293,Solenoid_1_FieldVolume
-2.533694,-20.035401,1230.000000,-0.067868,-0.536671,20.469558,pi+,241.650636,Solenoid_1_FieldVolume
-100.528893,66.131493,4215.500000,-0.850669,0.559600,6.298326,mu+,227.055609,Solenoid_1_FieldVolume
-133.591617,-192.926914,2930.000000,-1.926831,-2.782642,11.022070,pi+,1250.616091,Solenoid_1_FieldVolume
4.009423,-14.618772,380.000000,0.107397,-0.391580,20.469558,pi-,347.838210,Solenoid_1_FieldVolume
50.321883,-32.693752,4215.500000,0.425820,-0.276652,6.298326,pi-,346.659637,Solenoid_1_FieldVolume
98.012934,133.699167,8510.000000,0.403906,0.550966,3.149163,pi-,345.371122,Solenoid_1_FieldVolume
-225.862387,126.411876,12390.000000,-0.465383,0.260468,1.574581,pi-,344.239393,Solenoid_1_FieldVolume
-179.072920,197.760711,16184.606025,0.000000,-0.000000,1.574581,pi-,343.164609,Solenoid_1_FieldVolume
93.980288,34.483285,380.000000,2.517367,0.923673,20.469558,pi+,856.265422,Solenoid_1_FieldVolume
16.639341,-18.614455,4215.500000,0.140801,-0.157514,6.298326,pi+,854.969251,Solenoid_1_FieldVolume
167.216517,-583.452178,-470.000000,4.479082,-15.628421,20.469558,pi+,191.297529,Solenoid_1_FieldVolume
-17.811211,-137.913040,2080.000000,-0.293596,-2.273326,12.596651,pi+,625.726192,Solenoid_1_FieldVolume
192.613685,291.288658,2930.000000,2.778124,4.201342,11.022070,pi-,624.063149,Solenoid_1_FieldVolume
29.071730,108.593581,2930.000000,0.419310,1.566277,11.022070,pi+,1289.212782,Solenoid_1_FieldVolume
-203.790773,119.018583,6810.000000,-0.839810,0.490469,3.149163,pi+,1241.634629,Solenoid_1_FieldVolume
-45.212725,-300.277896,10645.500000,-0.191293,-1.270465,3.149163,pi+,1075.270795,Solenoid_1_FieldVolume
-52.780747,17.962306,1230.000000,-1.413791,0.481141,20.469558,pi-,220.457082,Solenoid_1_FieldVolume
-252.237374,35.061637,5110.500000,-2.134415,0.296689,6.298326,pi+,673.225912,Solenoid_1_FieldVolume
-282.202906,152.312915,9360.000000,-1.162942,0.627673,3.149163,pi+,531.147307,Solenoid_1_FieldVolume
-440.210909,-401.268744,13240.000000,-0.907042,-0.826803,1.574581,pi+,454.919661,Solenoid_1_FieldVolume
-71.534811,74.178192,-470.000000,-1.916140,1.986946,20.469558,pi+,621.004051,Solenoid_1_FieldVolume
111.402584,31.995561,3780.000000,1.377251,0.395556,9.447488,pi+,620.193062,Solenoid_1_FieldVolume
26.606117,-84.160996,380.000000,0.712675,-2.254347,20.469558,pi+,381.472158,Solenoid_1_FieldVolume
-68.261042,15.165634,4215.500000,-0.577620,0.128331,6.298326,pi+,380.472302,Solenoid_1_FieldVolume
-43.505790,265.594372,8510.000000,-0.179285,1.094499,3.149163,pi+,290.940482,Solenoid_1_FieldVolume
35.224880,86.796902,-470.000000,0.943538,2.324952,20.469558,pi-,226.476075,Solenoid_1_FieldVolume
-18.338135,83.487592,2930.000000,-0.264496,1.204166,11.022070,mu-,167.420195,Solenoid_1_FieldVolume
43.102563,53.042396,-470.000000,1.154550,1.420800,20.469558,pi+,378.866479,Solenoid_1_FieldVolume
3.474128,58.268812,3780.000000,0.042950,0.720367,9.447488,pi+,378.132515,Solenoid_1_FieldVolume
16.423008,-28.521508,7660.000000,0.067678,-0.117535,3.149163,pi+,376.890796,Solenoid_1_FieldVolume
75.115111,-9.524675,380.000000,2.012042,-0.255129,20.469558,pi+,763.099293,Solenoid_1_FieldVolume
137.448751,-122.353197,4215.500000,1.163082,-1.035344,6.298326,pi+,762.211128,Solenoid_1_FieldVolume
8.523554,32.304093,380.000000,0.228313,0.865301,20.469558,pi-,402.921761,Solenoid_1_FieldVolume
125.931203,95.074900,4215.500000,1.065621,0.804517,6.298326,pi-,401.490892,Solenoid_1_FieldVolume
114.884086,137.766246,2930.000000,1.657007,1.987043,11.022070,pi+,457.388200,Solenoid_1_FieldVolume
-16.055182,-82.561986,2080.000000,-0.264650,-1.360933,12.596651,pi-,1553.128036,Solenoid_1_FieldVolume
-268.473484,73.276900,5960.000000,-1.659545,0.452955,4.723744,pi-,1513.025864,Solenoid_1_FieldVolume
334.125932,-290.522376,10210.000000,1.376913,-1.197226,3.149163,pi-,1261.537418,Solenoid_1_FieldVolume
-197.988645,-18.597584,380.000000,-5.303348,-0.498157,20.469558,pi-,540.481498,Solenoid_1_FieldVolume
-133.045564,-1.351886,3780.000000,-1.644819,-0.016713,9.447488,mu-,334.029274,Solenoid_1_FieldVolume
-56.543876,15.021025,-470.000000,-1.514591,0.402355,20.469558,pi+,446.595656,Solenoid_1_FieldVolume
-71.247200,8.884835,3780.000000,-0.880817,0.109842,9.447488,pi+,445.956109,Solenoid_1_FieldVolume
-27.919895,184.258183,7660.000000,-0.115056,0.759317,3.149163,pi+,443.393525,Solenoid_1_FieldVolume
45.135675,42.328497,11540.500000,0.095484,0.089545,1.574581,pi+,441.980385,Solenoid_1_FieldVolume
-211.914714,106.973473,14940.000000,-0.436644,0.220416,1.574581,mu+,262.817995,Solenoid_1_FieldVolume
102.167638,23.898789,1230.000000,2.736675,0.640156,20.469558,pi-,300.240803,Solenoid_1_FieldVolume
195.394146,-17.111045,4215.500000,1.653412,-0.144792,6.298326,mu-,262.510359,Solenoid_1_FieldVolume
-111.951986,84.733923,380.000000,-2.998759,2.269693,20.469558,pi+,278.722317,Solenoid_1_FieldVolume
-137.163701,143.350252,4215.500000,-1.160670,1.213020,6.298326,pi+,255.182311,Solenoid_1_FieldVolume
40.649160,-38.417439,8282.209854,-0.000000,0.000000,3.149163,pi+,253.191882,Solenoid_1_FieldVolume
-13.763253,-28.974950,2930.000000,-0.198511,-0.417914,11.022070,pi-,1141.681207,Solenoid_1_FieldVolume
11.076913,114.703060,6810.000000,0.045647,0.472685,3.149163,pi-,1140.244042,Solenoid_1_FieldVolume
18.614428,-14.037888,10210.000000,0.076709,-0.057849,3.149163,mu-,777.787747,Solenoid_1_FieldVolume
-69.070792,216.805460,14090.000000,-0.142318,0.446721,1.574581,mu-,776.737810,Solenoid_1_FieldVolume
83.043889,190.935646,5110.500000,0.702712,1.615684,6.298326,pi+,172.868268,Solenoid_1_FieldVolume
-215.465838,-203.195880,5960.000000,-1.331883,-1.256037,4.723744,pi-,355.398331,Solenoid_1_FieldVolume
-193.508457,-248.677546,10210.000000,-0.797437,-1.024786,3.149163,pi-,219.111583,Solenoid_1_FieldVolume
135.381977,93.795777,4215.500000,1.145593,0.793693,6.298326,pi-,1047.625598,Solenoid_1_FieldVolume
27.035769,13.687368,-470.000000,0.724183,0.366631,20.469558,pi-,791.088287,Solenoid_1_FieldVolume
97.337601,-161.914896,3780.000000,1.203368,-2.001726,9.447488,pi-,790.135548,Solenoid_1_FieldVolume
-77.531349,53.241690,1230.000000,-2.076764,1.426138,20.469558,mu+,124.210893,Solenoid_1_FieldVolume
-185.094168,46.958148,3856.369857,0.000000,-0.000000,6.298326,mu+,107.035877,Solenoid_1_FieldVolume
-185.811749,54.396354,3923.406632,0.000000,-0.000000,6.298326,mu+,106.416180,Solenoid_1_FieldVolume
-184.928722,55.300167,3945.060621,0.000000,-0.000000,6.298326,mu+,106.078766,Solenoid_1_FieldVolume
-179.669277,50.654881,3951.433802,0.000000,-0.000000,6.298326,mu+,105.867529,Solenoid_1_FieldVolume
-183.174646,50.743012,3953.223694,0.000000,-0.000000,6.298326,mu+,105.748761,Solenoid_1_FieldVolume
-183.553469,51.779968,3953.720165,0.000000,-0.000000,6.298326,mu+,105.661807,Solenoid_1_FieldVolume
119.982167,229.404120,2080.000000,1.977758,3.781444,12.596651,pi+,902.150768,Solenoid_1_FieldVolume
-624.273646,299.379012,400.000000,18.663197,-8.950193,20.469558,pi-,266.039522,Solenoid_1_FieldVolume
-4.144938,16.413900,2080.000000,-0.068324,0.270563,12.596651,pi+,738.882884,Solenoid_1_FieldVolume
59.172341,-44.708523,2080.000000,0.975383,-0.736965,12.596651,pi+,527.629065,Solenoid_1_FieldVolume
-95.560764,-77.604422,5960.000000,-0.590700,-0.479705,4.723744,pi+,480.142782,Solenoid_1_FieldVolume
-36.395446,-264.116434,10210.000000,-0.149984,-1.088408,3.149163,pi+,443.794531,Solenoid_1_FieldVolume
7.638649,-184.024918,380.000000,0.204610,-4.929314,20.469558,pi-,247.966030,Solenoid_1_FieldVolume
-22.271018,45.871347,-206.900565,0.000000,-0.000000,20.469558,pi-,176.510072,Solenoid_1_FieldVolume
-20.184392,54.769930,3780.000000,-0.249536,0.677111,9.447488,mu-,140.743341,Solenoid_1_FieldVolume
128.206572,11.458967,7660.000000,0.528332,0.047222,3.149163,mu-,138.443758,Solenoid_1_FieldVolume
109.487669,-226.821864,11540.500000,0.231619,-0.479838,1.574581,mu-,136.028768,Solenoid_1_FieldVolume
69.376035,-221.327940,15790.000000,0.142947,-0.456040,1.574581,mu-,134.644871,Solenoid_1_FieldVolume
-11.410976,-19.181262,380.000000,-0.305656,-0.513792,20.469558,pi+,383.130167,Solenoid_1_FieldVolume
-54.879207,-37.871628,3780.000000,-0.678462,-0.468200,9.447488,mu+,279.812283,Solenoid_1_FieldVolume
200.817397,-124.799244,380.000000,5.379119,-3.342888,20.469558,pi+,460.591220,Solenoid_1_FieldVolume
11.754648,29.259263,2080.000000,0.193761,0.482303,12.596651,pi+,919.812161,Solenoid_1_FieldVolume
-36.193788,-144.306932,5960.000000,-0.223729,-0.892021,4.723744,pi+,918.540610,Solenoid_1_FieldVolume
124.295952,-1.517503,10210.000000,0.512216,-0.006254,3.149163,pi+,917.634388,Solenoid_1_FieldVolume
-354.337425,603.692794,14009.846956,0.000000,-0.000000,1.574581,pi-,448.669606,Solenoid_1_FieldVolume
21.449355,-18.148196,1230.000000,0.574545,-0.486120,20.469558,mu-,430.648617,Solenoid_1_FieldVolume
-36.105451,-170.599494,5110.500000,-0.305522,-1.443601,6.298326,mu-,428.332450,Solenoid_1_FieldVolume
-141.136021,-118.811901,9360.000000,-0.581613,-0.489617,3.149163,mu-,427.415022,Solenoid_1_FieldVolume
-163.962261,175.917593,13240.000000,-0.337839,0.362473,1.574581,mu-,426.429685,Solenoid_1_FieldVolume
75.505741,-67.019529,16640.000000,0.155577,-0.138092,1.574581,mu-,398.663377,Solenoid_1_FieldVolume
-77.475736,-15.341524,-450.000000,2.316204,0.458648,20.469558,mu-,115.640417,Solenoid_1_FieldVolume
-108.137138,143.579636,380.000000,-2.896574,3.845942,20.469558,mu-,263.409953,Solenoid_1_FieldVolume
8.306775,156.783385,2080.000000,0.136927,2.584381,12.596651,pi+,584.449026,Solenoid_1_FieldVolume
-40.245174,110.622039,2080.000000,-0.663392,1.823468,12.596651,pi-,484.603359,Solenoid_1_FieldVolume
-36.685937,14.473010,-470.000000,-0.982674,0.387676,20.469558,pi-,737.907075,Solenoid_1_FieldVolume
6.043617,120.208404,3780.000000,0.074716,1.486115,9.447488,pi-,737.206541,Solenoid_1_FieldVolume
-16.225884,31.105393,2080.000000,-0.267464,0.512734,12.596651,pi-,618.396593,Solenoid_1_FieldVolume
47.552378,-77.932733,-470.000000,1.273744,-2.087516,20.469558,pi+,319.174946,Solenoid_1_FieldVolume
8.624498,-36.640467,2930.000000,0.124394,-0.528476,11.022070,mu+,182.110501,Solenoid_1_FieldVolume
4.667971,-41.898885,1230.000000,0.125037,-1.122309,20.469558,pi-,479.593580,Solenoid_1_FieldVolume
-260.331599,-2.182434,4215.500000,-2.202908,-0.018468,6.298326,mu-,345.634099,Solenoid_1_FieldVolume
-46.357876,-184.952656,-470.000000,-1.241748,-4.954164,20.469558,pi-,1315.727078,Solenoid_1_FieldVolume
101.978391,-202.586980,3780.000000,1.260741,-2.504547,9.447488,pi-,1107.710116,Solenoid_1_FieldVolume
94.056678,-0.851054,2930.000000,1.356607,-0.012275,11.022070,pi-,356.758409,Solenoid_1_FieldVolume
44.204311,-198.545238,5960.000000,0.273245,-1.227290,4.723744,mu-,249.777016,Solenoid_1_FieldVolume
8.507114,-218.822486,10210.000000,0.035057,-0.901755,3.149163,mu-,248.606074,Solenoid_1_FieldVolume
-257.955495,105.685513,14090.000000,-0.531510,0.217762,1.574581,mu-,206.505755,Solenoid_1_FieldVolume
-26.522916,21.035699,380.000000,-0.710446,0.563465,20.469558,mu-,197.447318,Solenoid_1_FieldVolume
58.328027,39.262084,4215.500000,0.493568,0.332233,6.298326,mu-,195.333042,Solenoid_1_FieldVolume
46.920921,-149.934753,8510.000000,0.193358,-0.617872,3.149163,mu-,193.822331,Solenoid_1_FieldVolume
-20.918534,72.655650,380.000000,-0.560326,1.946163,20.469558,pi+,943.500718,Solenoid_1_FieldVolume
99.048392,-55.201148,4215.500000,0.838141,-0.467108,6.298326,pi+,942.694148,Solenoid_1_FieldVolume
268.111973,-33.185312,8510.000000,1.104874,-0.136755,3.149163,pi+,788.595809,Solenoid_1_FieldVolume
23.425873,22.606443,380.000000,0.627488,0.605539,20.469558,pi-,770.747888,Solenoid_1_FieldVolume
6.925985,6.413270,4215.500000,0.058607,0.054269,6.298326,pi-,769.943518,Solenoid_1_FieldVolume
-48.429851,12.602597,8510.000000,-0.199577,0.051935,3.149163,pi-,768.565187,Solenoid_1_FieldVolume
191.167609,91.713780,12390.000000,0.393895,0.188974,1.574581,pi-,767.568731,Solenoid_1_FieldVolume
-147.094813,172.102873,16640.000000,-0.303085,0.354613,1.574581,pi-,766.869053,Solenoid_1_FieldVolume
-38.276453,110.862149,380.000000,-1.025278,2.969567,20.469558,pi+,401.133638,Solenoid_1_FieldVolume
-50.374642,21.666574,3869.399841,0.000000,-0.000000,6.298326,pi+,399.854972,Solenoid_1_FieldVolume
-113.229736,-39.263443,1230.000000,-3.032985,-1.051715,20.469558,pi+,990.866869,Solenoid_1_FieldVolume
38.349927,82.600363,-470.000000,1.027246,2.212543,20.469558,pi-,370.244750,Solenoid_1_FieldVolume
-8.581072,181.100107,2930.000000,-0.123767,2.612060,11.022070,mu-,325.923321,Solenoid_1_FieldVolume
67.478788,151.354059,1230.000000,1.807495,4.054188,20.469558,pi+,494.620450,Solenoid_1_FieldVolume
-188.292016,-57.458103,5110.500000,-1.593314,-0.486207,6.298326,pi+,492.454943,Solenoid_1_FieldVolume
16.302924,-83.338144,9360.000000,0.067183,-0.343432,3.149163,pi+,451.336574,Solenoid_1_FieldVolume
249.318776,-237.124494,2080.000000,4.109713,-3.908705,12.596651,pi-,510.389901,Solenoid_1_FieldVolume
269.274876,-238.774317,2100.000000,-4.334725,3.843734,11.022070,pi-,309.775718,Solenoid_1_FieldVolume
-22.634128,-44.145430,380.000000,-0.606280,-1.182485,20.469558,pi-,375.767363,Solenoid_1_FieldVolume
-82.089641,-122.525846,4215.500000,-0.694637,-1.036805,6.298326,pi-,374.391350,Solenoid_1_FieldVolume
44.555889,48.229906,-470.000000,1.193479,1.291892,20.469558,pi+,442.606354,Solenoid_1_FieldVolume
-23.274741,23.481077,2930.000000,-0.335698,0.338674,11.022070,mu+,364.760065,Solenoid_1_FieldVolume
-274.209581,-68.936250,6763.315227,0.000000,0.000000,3.149163,mu+,362.140026,Solenoid_1_FieldVolume
-295.937102,-77.636055,10210.000000,-1.219540,-0.319934,3.149163,mu+,280.489250,Solenoid_1_FieldVolume
167.275281,373.152202,2100.000000,-2.692759,-6.006918,11.022070,pi+,252.582235,Solenoid_1_FieldVolume
14.183739,21.547053,380.000000,0.379927,0.577162,20.469558,pi-,450.360014,Solenoid_1_FieldVolume
58.169398,-94.600101,4215.500000,0.492225,-0.800500,6.298326,pi-,449.221059,Solenoid_1_FieldVolume
-124.517184,-85.113711,380.000000,-3.335332,-2.279866,20.469558,pi+,279.665867,Solenoid_1_FieldVolume
-83.561678,2.619654,4215.500000,-0.707093,0.022167,6.298326,pi+,167.530454,Solenoid_1_FieldVolume
6.247790,25.941051,2930.000000,0.090114,0.374155,11.022070,pi+,405.757779,Solenoid_1_FieldVolume
-34.981028,155.383143,12390.000000,-0.072077,0.320162,1.574581,pi+,1694.015154,Solenoid_1_FieldVolume
416.383897,73.083386,16640.000000,0.857947,0.150586,1.574581,pi+,1584.558662,Solenoid_1_FieldVolume
-46.465222,-259.329201,8530.000000,0.213710,1.192749,3.149163,pi-,207.783106,Solenoid_1_FieldVolume
-67.590459,-114.309045,2080.000000,-1.114145,-1.884244,12.596651,pi-,504.620440,Solenoid_1_FieldVolume
43.922727,50.155191,380.000000,1.176519,1.343463,20.469558,pi+,217.404143,Solenoid_1_FieldVolume
33.489757,77.802870,4215.500000,0.283388,0.658363,6.298326,pi+,215.707315,Solenoid_1_FieldVolume
-81.768159,86.993680,380.000000,-2.190252,2.330223,20.469558,pi+,630.210146,Solenoid_1_FieldVolume
-152.841866,145.885083,4215.500000,-1.293337,1.234469,6.298326,pi+,629.364027,Solenoid_1_FieldVolume
42.778890,148.427854,2080.000000,0.705157,2.446650,12.596651,mu-,332.393287,Solenoid_1_FieldVolume
-66.120231,16.899690,1230.000000,-1.771105,0.452677,20.469558,mu+,127.845852,Solenoid_1_FieldVolume
55.894617,-24.409231,-470.000000,1.497200,-0.653829,20.469558,pi+,597.518379,Solenoid_1_FieldVolume
-15.875384,38.793280,3780.000000,-0.196265,0.479595,9.447488,pi+,596.385691,Solenoid_1_FieldVolume
19.340059,-60.529290,-470.000000,0.518045,-1.621345,20.469558,pi-,1615.261528,Solenoid_1_FieldVolume
-26.534641,-65.021239,3780.000000,-0.328043,-0.803846,9.447488,pi-,1614.357003,Solenoid_1_FieldVolume
172.660925,67.385244,7660.000000,0.711526,0.277691,3.149163,pi-,1613.149790,Solenoid_1_FieldVolume
-103.827265,133.023040,11540.500000,-0.219645,0.281408,1.574581,pi-,1612.092854,Solenoid_1_FieldVolume
-250.884402,-180.412830,15790.000000,-0.516940,-0.371735,1.574581,pi-,1610.786272,Solenoid_1_FieldVolume
-74.628348,323.139784,-470.000000,-1.999004,8.655661,20.469558,pi-,2070.205362,Solenoid_1_FieldVolume
5.047808,401.696524,4215.500000,0.042714,3.399128,6.298326,pi-,451.234643,Solenoid_1_FieldVolume
-8.257731,-40.176765,2930.000000,-0.119104,-0.579481,11.022070,pi+,221.822624,Solenoid_1_FieldVolume
-47.095056,-131.538762,6810.000000,-0.194076,-0.542064,3.149163,pi+,219.897001,Solenoid_1_FieldVolume
26.611469,-154.671509,10645.500000,0.112592,-0.654410,3.149163,pi+,218.813711,Solenoid_1_FieldVolume
2.296385,10.707513,1230.000000,0.061511,0.286813,20.469558,pi+,2182.191513,Solenoid_1_FieldVolume
-27.072114,-162.112602,5110.500000,-0.229082,-1.371786,6.298326,pi+,2180.627597,Solenoid_1_FieldVolume
-309.501913,237.872179,9360.000000,-1.275439,0.980257,3.149163,pi+,2076.071185,Solenoid_1_FieldVolume
-44.316913,46.209826,-470.000000,-1.187078,1.237782,20.469558,pi+,161.025752,Solenoid_1_FieldVolume
-63.328133,65.770374,3780.000000,-0.782915,0.813108,9.447488,mu+,122.170843,Solenoid_1_FieldVolume
-30.902208,44.117610,1230.000000,-0.827750,1.181740,20.469558,pi-,1056.659526,Solenoid_1_FieldVolume
-19.649057,-19.819481,1230.000000,-0.526322,-0.530887,20.469558,pi+,579.776314,Solenoid_1_FieldVolume
143.288519,-222.099156,5110.500000,1.212498,-1.879388,6.298326,pi+,578.533742,Solenoid_1_FieldVolume
86.940591,-341.682960,9239.097767,-0.000000,0.000000,3.149163,pi+,143.848376,Solenoid_1_FieldVolume
325.745721,-87.856968,380.000000,8.725464,-2.353347,20.469558,pi+,224.542871,Solenoid_1_FieldVolume
-62.549713,-174.558713,380.000000,-1.675464,-4.675751,20.469558,mu-,363.369983,Solenoid_1_FieldVolume
-38.153071,-187.009536,4215.500000,-0.322849,-1.582462,6.298326,mu-,185.665837,Solenoid_1_FieldVolume
343.617111,77.736526,1230.000000,9.204170,2.082260,20.469558,pi-,728.647863,Solenoid_1_FieldVolume
111.067821,-122.603896,2080.000000,1.830816,-2.020974,12.596651,pi+,405.401967,Solenoid_1_FieldVolume
162.245753,164.848313,1230.000000,4.345934,4.415647,20.469558,mu+,756.012556,Solenoid_1_FieldVolume
40.332587,205.314556,-470.000000,1.080354,5.499581,20.469558,pi-,474.480414,Solenoid_1_FieldVolume
59.055935,-130.532529,2930.000000,0.851781,-1.882709,11.022070,pi-,1012.075890,Solenoid_1_FieldVolume
93.565132,129.016388,1230.000000,2.506247,3.455849,20.469558,pi-,502.176798,Solenoid_1_FieldVolume
-594.361667,-54.223239,2930.000000,-8.572653,-0.782078,11.022070,pi-,349.521268,Solenoid_1_FieldVolume
276.205871,117.775648,2930.000000,3.983799,1.698713,11.022070,pi+,484.552836,Solenoid_1_FieldVolume
-246.036553,107.038189,400.000000,7.355474,-3.199999,20.469558,mu+,195.843507,Solenoid_1_FieldVolume
-80.490737,25.114832,280.103189,0.000000,-0.000000,20.469558,pi-,440.946060,Solenoid_1_FieldVolume
-120.954217,15.422974,3780.000000,-1.495336,0.190672,9.447488,pi-,437.768297,Solenoid_1_FieldVolume
34.756351,83.861517,-470.000000,0.930988,2.246325,20.469558,pi+,291.112862,Solenoid_1_FieldVolume
-8.225486,87.184755,2930.000000,-0.118639,1.257491,11.022070,mu+,199.937864,Solenoid_1_FieldVolume
38.546481,61.223556,2080.000000,0.635391,1.009195,12.596651,pi+,773.976699,Solenoid_1_FieldVolume
257.216985,-203.756806,-470.000000,6.889845,-5.457855,20.469558,pi+,239.035088,Solenoid_1_FieldVolume
-204.678126,-148.092451,380.000000,-5.482533,-3.966822,20.469558,pi-,1143.636853,Solenoid_1_FieldVolume
-96.949327,-39.587578,1230.000000,-2.596896,-1.060398,20.469558,pi-,468.285384,Solenoid_1_FieldVolume
-93.246802,-128.362169,1230.000000,-2.497720,-3.438325,20.469558,pi-,568.788377,Solenoid_1_FieldVolume
193.180982,-24.821740,5110.500000,1.634684,-0.210040,6.298326,pi-,501.434900,Solenoid_1_FieldVolume
462.507740,-25.694405,1230.000000,12.388788,-0.688253,20.469558,pi-,214.745173,Solenoid_1_FieldVolume
-38.496231,-50.388722,380.000000,-1.031165,-1.349718,20.469558,pi-,811.367533,Solenoid_1_FieldVolume
-78.116867,-7.427742,4215.500000,-0.661020,-0.062853,6.298326,pi-,810.617069,Solenoid_1_FieldVolume
68.699104,21.383746,2930.000000,0.990867,0.308424,11.022070,pi-,903.907892,Solenoid_1_FieldVolume
-19.317963,61.180639,5960.000000,-0.119412,0.378183,4.723744,mu-,565.728546,Solenoid_1_FieldVolume
131.986072,-4.476049,10210.000000,0.543907,-0.018446,3.149163,mu-,491.797874,Solenoid_1_FieldVolume
-13.763478,7.314625,-470.000000,-0.368670,0.195930,20.469558,pi-,335.520362,Solenoid_1_FieldVolume
-16.553347,-24.729126,3780.000000,-0.204646,-0.305722,9.447488,pi-,334.513654,Solenoid_1_FieldVolume
-24.780996,113.857114,7660.000000,-0.102121,0.469198,3.149163,pi-,333.142889,Solenoid_1_FieldVolume
-33.024087,-168.018706,11540.500000,-0.069862,-0.355441,1.574581,pi-,331.616420,Solenoid_1_FieldVolume
46.250349,-183.190642,15790.000000,0.095297,-0.377459,1.574581,pi-,330.894184,Solenoid_1_FieldVolume
30.895580,68.800208,1230.000000,0.827573,1.842891,20.469558,mu+,748.476775,Solenoid_1_FieldVolume
2.751958,1.445765,2080.000000,0.045363,0.023832,12.596651,pi-,1395.192953,Solenoid_1_FieldVolume
15.751054,-5.689679,5960.000000,0.097364,-0.035170,4.723744,pi-,1393.986243,Solenoid_1_FieldVolume
-10.105164,19.334187,10210.000000,-0.041643,0.079675,3.149163,pi-,1393.145584,Solenoid_1_FieldVolume
-25.693617,-26.326538,14090.000000,-0.052941,-0.054245,1.574581,pi-,1392.154299,Solenoid_1_FieldVolume
8.897406,-6.657838,380.000000,0.238327,-0.178338,20.469558,pi+,232.842995,Solenoid_1_FieldVolume
-290.044398,439.277415,380.000000,-7.769164,11.766538,20.469558,pi-,276.942521,Solenoid_1_FieldVolume
-272.927496,416.217541,1873.305256,0.000000,-0.000000,12.596651,mu-,108.613939,Solenoid_1_FieldVolume
-0.285628,-72.361218,380.000000,-0.007651,-1.938276,20.469558,pi+,685.713964,Solenoid_1_FieldVolume
146.262825,-156.696886,4215.500000,1.237666,-1.325958,6.298326,pi+,684.628884,Solenoid_1_FieldVolume
-60.857723,-75.469540,-1207.233936,0.000000,0.000000,20.469558,pi-,215.139063,Solenoid_1_FieldVolume
-10.480684,-79.811592,2930.000000,-0.151166,-1.151146,11.022070,mu-,134.891177,Solenoid_1_FieldVolume
334.980480,-8.346996,2930.000000,4.831522,-0.120391,11.022070,pi+,272.308050,Solenoid_1_FieldVolume
-46.216848,22.763910,380.000000,-1.237970,0.609757,20.469558,mu+,851.518515,Solenoid_1_FieldVolume
108.829934,-164.144934,4215.500000,0.920911,-1.388983,6.298326,mu+,806.928764,Solenoid_1_FieldVolume
-8.520280,280.109965,8510.000000,-0.035112,1.154317,3.149163,mu+,622.709063,Solenoid_1_FieldVolume
-13.125771,-90.956724,-470.000000,-0.351589,-2.436378,20.469558,pi-,261.886018,Solenoid_1_FieldVolume
-46.420905,45.207074,3780.000000,-0.573894,0.558887,9.447488,pi-,260.611708,Solenoid_1_FieldVolume
-76.946389,30.357670,1230.000000,-2.061095,0.813164,20.469558,pi-,351.009461,Solenoid_1_FieldVolume
-3.826109,96.446016,-470.000000,-0.102487,2.583415,20.469558,pi-,342.897616,Solenoid_1_FieldVolume
20.683705,99.186035,2930.000000,0.298327,1.430589,11.022070,mu-,331.075842,Solenoid_1_FieldVolume
-194.902771,-59.702837,-470.000000,-5.220689,-1.599207,20.469558,pi-,171.451966,Solenoid_1_FieldVolume
-309.995723,22.780784,-470.000000,-8.303583,0.610209,20.469558,pi+,309.741276,Solenoid_1_FieldVolume
9.620888,4.160550,380.000000,0.257706,0.111445,20.469558,pi+,772.192921,Solenoid_1_FieldVolume
98.229136,-194.554428,4215.500000,0.831208,-1.646306,6.298326,pi+,771.400691,Solenoid_1_FieldVolume
31.756550,86.121369,2930.000000,0.458034,1.242154,11.022070,pi-,331.672473,Solenoid_1_FieldVolume
-183.285743,162.428812,5960.000000,-1.132965,1.004039,4.723744,mu-,303.180184,Solenoid_1_FieldVolume
-67.203790,166.789349,10210.000000,-0.276943,0.687329,3.149163,mu-,262.114321,Solenoid_1_FieldVolume
-3.971358,-43.139606,2080.000000,-0.065463,-0.711103,12.596651,pi-,518.122202,Solenoid_1_FieldVolume
174.593109,39.676622,5960.000000,1.079232,0.245258,4.723744,pi-,484.898827,Solenoid_1_FieldVolume
117.493468,-248.107665,10210.000000,0.484184,-1.022437,3.149163,pi-,446.800803,Solenoid_1_FieldVolume
-94.322131,-298.857456,2930.000000,-1.360436,-4.310509,11.022070,pi+,699.575351,Solenoid_1_FieldVolume
-64.922899,-301.660919,2100.000000,1.045114,4.856068,11.022070,pi+,332.758516,Solenoid_1_FieldVolume
-159.872280,-2.524273,1230.000000,-4.282358,-0.067615,20.469558,pi-,303.097538,Solenoid_1_FieldVolume
84.510324,-7.632778,380.000000,2.263704,-0.204453,20.469558,pi-,342.847246,Solenoid_1_FieldVolume
-67.992873,1.981771,4215.500000,-0.575351,0.016770,6.298326,mu-,275.928234,Solenoid_1_FieldVolume
19.477061,-9.559951,2080.000000,0.321055,-0.157584,12.596651,mu+,342.994018,Solenoid_1_FieldVolume
95.070036,140.520195,5960.000000,0.587667,0.868613,4.723744,mu+,307.686808,Solenoid_1_FieldVolume
232.967881,-44.894498,10210.000000,0.960047,-0.185008,3.149163,mu+,270.636307,Solenoid_1_FieldVolume
227.237743,76.266957,14090.000000,0.468217,0.157146,1.574581,mu+,177.981401,Solenoid_1_FieldVolume
60.140586,-37.937549,2930.000000,0.867425,-0.547184,11.022070,pi-,202.344319,Solenoid_1_FieldVolume
-496.747895,493.195224,8961.241196,0.000000,-0.000000,3.149163,pi+,1303.516129,Solenoid_1_FieldVolume
18.064388,-18.389705,-470.000000,0.483875,-0.492589,20.469558,pi+,585.081825,Solenoid_1_FieldVolume
277.985138,-231.397989,380.000000,7.446144,-6.198255,20.469558,pi+,279.208269,Solenoid_1_FieldVolume
-133.605509,35.266266,2930.000000,-1.927032,0.508656,11.022070,pi+,685.380005,Solenoid_1_FieldVolume
-388.596650,-44.816801,6810.000000,-1.601384,-0.184687,3.149163,pi+,590.249394,Solenoid_1_FieldVolume
-8.133707,-534.917628,10645.500000,-0.034413,-2.263218,3.149163,mu+,365.874173,Solenoid_1_FieldVolume
220.124022,63.246997,1230.000000,5.896269,1.694142,20.469558,pi+,358.454855,Solenoid_1_FieldVolume
-203.931664,-53.083451,-470.000000,-5.462538,-1.421900,20.469558,pi-,814.872620,Solenoid_1_FieldVolume
-40.971437,20.639808,-470.000000,-1.097466,0.552860,20.469558,pi-,401.143784,Solenoid_1_FieldVolume
-116.660205,80.331882,3780.000000,-1.442250,0.993129,9.447488,pi-,400.278705,Solenoid_1_FieldVolume
-125.589721,-144.452452,2876.643642,0.000000,0.000000,11.022070,pi-,305.360979,Solenoid_1_FieldVolume
48.262671,-44.682127,2930.000000,0.696107,-0.644463,11.022070,pi+,668.042141,Solenoid_1_FieldVolume
26.504425,-79.416379,-470.000000,0.709951,-2.127257,20.469558,pi+,689.585161,Solenoid_1_FieldVolume
-37.203355,9.477942,3780.000000,-0.459939,0.117174,9.447488,pi+,688.798906,Solenoid_1_FieldVolume
267.110330,-152.298774,7660.000000,1.100746,-0.627614,3.149163,pi+,603.982944,Solenoid_1_FieldVolume
129.041312,-177.045407,-470.000000,3.456516,-4.742360,20.469558,pi+,2082.199377,Solenoid_1_FieldVolume
-145.877175,85.540686,2080.000000,-2.404605,1.410033,12.596651,mu-,159.525285,Solenoid_1_FieldVolume
-36.212127,-16.537226,380.000000,-0.969982,-0.442968,20.469558,pi-,1691.538061,Solenoid_1_FieldVolume
-197.191341,-210.861097,4215.500000,-1.668619,-1.784292,6.298326,pi-,1590.234961,Solenoid_1_FieldVolume
89.436753,21.024506,380.000000,2.395664,0.563165,20.469558,pi+,3060.065395,Solenoid_1_FieldVolume
105.820335,122.521136,4215.500000,0.895444,1.036765,6.298326,pi+,3059.318305,Solenoid_1_FieldVolume
215.599713,198.813789,10210.000000,0.888474,0.819300,3.149163,pi-,506.807659,Solenoid_1_FieldVolume
143.210457,226.369411,380.000000,3.836053,6.063558,20.469558,pi+,582.681552,Solenoid_1_FieldVolume
-51.625853,66.756431,1230.000000,-1.382856,1.788146,20.469558,mu-,700.841737,Solenoid_1_FieldVolume
-56.867156,-110.744991,5110.500000,-0.481206,-0.937117,6.298326,mu-,699.234962,Solenoid_1_FieldVolume
-111.603966,-139.475319,9360.000000,-0.459913,-0.574770,3.149163,mu-,698.598563,Solenoid_1_FieldVolume
-67.151277,329.682541,13240.000000,-0.138363,0.679301,1.574581,mu-,697.526050,Solenoid_1_FieldVolume
-428.147625,-331.972843,17490.000000,-0.882186,-0.684020,1.574581,mu-,513.412586,Solenoid_1_FieldVolume
-25.562268,-127.044836,2080.000000,-0.421362,-2.094177,12.596651,pi+,475.597690,Solenoid_1_FieldVolume
-138.426661,-96.705365,2950.000000,1.910023,1.334349,9.447488,pi+,350.445274,Solenoid_1_FieldVolume
164.628068,-89.859750,400.000000,-4.921698,2.686434,20.469558,mu+,287.414445,Solenoid_1_FieldVolume
67.833377,-39.523357,380.000000,1.816993,-1.058677,20.469558,pi-,1085.904764,Solenoid_1_FieldVolume
106.654848,10.971199,4215.500000,0.902506,0.092838,6.298326,pi-,1085.209380,Solenoid_1_FieldVolume
-24.900308,-139.731325,8510.000000,-0.102613,-0.575825,3.149163,pi-,1083.961984,Solenoid_1_FieldVolume
163.507215,187.878481,12390.000000,0.336902,0.387118,1.574581,pi-,1082.574092,Solenoid_1_FieldVolume
-686.892138,-134.830229,13789.561436,0.000000,0.000000,1.574581,pi-,700.546025,Solenoid_1_FieldVolume
123.800800,-155.514496,1230.000000,3.316143,-4.165630,20.469558,pi-,1597.418600,Solenoid_1_FieldVolume
8.184674,33.730887,2080.000000,0.134914,0.556012,12.596651,pi+,407.316759,Solenoid_1_FieldVolume
61.705760,5.348287,5960.000000,0.381429,0.033060,4.723744,pi+,406.025199,Solenoid_1_FieldVolume
-22.146223,-68.455973,10210.000000,-0.091263,-0.282103,3.149163,pi+,405.274137,Solenoid_1_FieldVolume
169.289918,-172.558869,14090.000000,0.348817,-0.355553,1.574581,pi+,403.766960,Solenoid_1_FieldVolume
43.776816,-17.958750,-1300.000000,-1.308746,0.536892,20.469558,pi-,211.504772,Solenoid_1_FieldVolume
53.273175,36.658643,380.000000,1.426982,0.981943,20.469558,pi+,243.064521,Solenoid_1_FieldVolume
64.234431,41.580392,4215.500000,0.543547,0.351850,6.298326,pi+,241.315675,Solenoid_1_FieldVolume
90.881880,171.959138,8021.493066,-0.000000,-0.000000,3.149163,pi+,239.823153,Solenoid_1_FieldVolume
-360.395982,-428.165339,-470.000000,-9.653610,-11.468889,20.469558,pi+,491.796312,Solenoid_1_FieldVolume
-17.759894,39.387032,2930.000000,-0.256156,0.568091,11.022070,pi-,609.977299,Solenoid_1_FieldVolume
-17.795028,77.512509,6810.000000,-0.073332,0.319425,3.149163,pi-,607.624236,Solenoid_1_FieldVolume
52.453735,49.755830,10210.000000,0.216159,0.205041,3.149163,mu-,448.998326,Solenoid_1_FieldVolume
42.085774,-287.915297,14090.000000,0.086717,-0.593241,1.574581,mu-,411.100170,Solenoid_1_FieldVolume
-70.965514,-205.335973,2930.000000,-1.023557,-2.961621,11.022070,pi+,638.003461,Solenoid_1_FieldVolume
18.637693,16.722861,2080.000000,0.307219,0.275656,12.596651,pi-,1071.754229,Solenoid_1_FieldVolume
313.982291,58.106138,5960.000000,1.940854,0.359178,4.723744,pi-,1069.529529,Solenoid_1_FieldVolume
111.133903,14.631215,10210.000000,0.457976,0.060294,3.149163,pi-,871.400393,Solenoid_1_FieldVolume
104.893585,124.127659,-470.000000,2.809692,3.324899,20.469558,pi-,234.036173,Solenoid_1_FieldVolume
117.982409,18.229663,-470.000000,3.160291,0.488302,20.469558,pi-,422.786590,Solenoid_1_FieldVolume
72.004506,40.978418,3780.000000,0.890179,0.506609,9.447488,pi-,421.995177,Solenoid_1_FieldVolume
260.271480,-106.776112,7660.000000,1.072563,-0.440018,3.149163,pi-,315.409314,Solenoid_1_FieldVolume
-46.088990,0.176086,-1110.443547,0.000000,-0.000000,20.469558,pi+,202.078308,Solenoid_1_FieldVolume
-8.755640,44.302861,-470.000000,-0.234530,1.186702,20.469558,pi+,196.815436,Solenoid_1_FieldVolume
-12.969504,36.189908,3780.000000,-0.160340,0.447410,9.447488,pi+,195.389463,Solenoid_1_FieldVolume
105.531300,9.403763,7660.000000,0.434888,0.038752,3.149163,pi+,193.060142,Solenoid_1_FieldVolume
71.154445,-3.981269,10645.500000,0.301052,-0.016845,3.149163,mu+,165.243298,Solenoid_1_FieldVolume
180.418730,-10.836330,14940.000000,0.371748,-0.022328,1.574581,mu+,163.447750,Solenoid_1_FieldVolume
15.245081,164.830393,-470.000000,0.408357,4.415167,20.469558,pi-,1052.193363,Solenoid_1_FieldVolume
70.727754,-54.554106,3780.000000,0.874395,-0.674443,9.447488,pi-,885.385595,Solenoid_1_FieldVolume
-19.369670,36.093934,1230.000000,-0.518838,0.966816,20.469558,pi-,210.470838,Solenoid_1_FieldVolume
-57.536591,29.352110,5110.500000,-0.486871,0.248376,6.298326,pi-,208.332961,Solenoid_1_FieldVolume
-31.470227,-11.273780,8510.000000,-0.129687,-0.046459,3.149163,mu-,140.929221,Solenoid_1_FieldVolume
-154.047142,-80.803281,12390.000000,-0.317410,-0.166493,1.574581,mu-,138.834375,Solenoid_1_FieldVolume
-77.758111,-88.560301,16640.000000,-0.160218,-0.182476,1.574581,mu-,137.181836,Solenoid_1_FieldVolume
-39.812504,129.393776,2080.000000,-0.656260,2.132897,12.596651,pi+,572.951213,Solenoid_1_FieldVolume
-51.374653,61.804778,380.000000,-1.376128,1.655510,20.469558,pi+,2409.801362,Solenoid_1_FieldVolume
-53.971126,135.262379,4215.500000,-0.456700,1.144581,6.298326,pi+,2408.541825,Solenoid_1_FieldVolume
181.606941,-125.735135,8510.000000,0.748392,-0.518147,3.149163,pi+,2396.606836,Solenoid_1_FieldVolume
-224.301676,-348.684889,10645.500000,-0.949013,-1.475274,3.149163,pi+,657.828199,Solenoid_1_FieldVolume
-115.132899,-9.649112,2080.000000,-1.897824,-0.159054,12.596651,pi+,205.683434,Solenoid_1_FieldVolume
20.174905,-108.585699,5443.631815,-0.000000,0.000000,4.723744,pi+,203.371332,Solenoid_1_FieldVolume
66.365286,3.573790,9360.000000,0.273487,0.014727,3.149163,mu+,162.582892,Solenoid_1_FieldVolume
81.173750,183.034657,1230.000000,2.174330,4.902789,20.469558,pi-,731.550722,Solenoid_1_FieldVolume
380.841445,23.105984,9360.000000,1.569425,0.095218,3.149163,pi+,693.307992,Solenoid_1_FieldVolume
169.089941,-50.880124,1230.000000,4.529264,-1.362881,20.469558,pi+,719.326033,Solenoid_1_FieldVolume
130.972911,178.777361,5110.500000,1.108284,1.512802,6.298326,pi+,637.506406,Solenoid_1_FieldVolume
236.441558,171.997168,9360.000000,0.974362,0.708790,3.149163,pi+,567.824356,Solenoid_1_FieldVolume
-74.216414,-465.371056,-965.597051,0.000000,0.000000,20.469558,pi-,243.809639,Solenoid_1_FieldVolume
64.022829,-98.198302,2930.000000,0.923420,-1.416343,11.022070,pi-,701.812943,Solenoid_1_FieldVolume
571.482500,-404.237248,-748.835214,-0.000000,0.000000,20.469558,pi-,498.074104,Solenoid_1_FieldVolume
42.483652,41.585477,-470.000000,1.137972,1.113914,20.469558,pi+,2456.152124,Solenoid_1_FieldVolume
156.337911,30.765661,3780.000000,1.932778,0.380350,9.447488,pi+,2455.459699,Solenoid_1_FieldVolume
-39.885219,-244.517637,7660.000000,-0.164365,-1.007643,3.149163,pi+,2415.611131,Solenoid_1_FieldVolume
172.882096,-239.143270,-633.712452,-0.000000,0.000000,20.469558,pi-,306.696515,Solenoid_1_FieldVolume
191.049483,-261.179282,25.990219,-0.000000,0.000000,20.469558,mu-,108.188527,Solenoid_1_FieldVolume
191.125922,-263.034165,253.566497,-0.000000,0.000000,20.469558,mu-,106.997859,Solenoid_1_FieldVolume
190.228851,-266.327848,318.433745,-0.000000,0.000000,20.469558,mu-,106.340517,Solenoid_1_FieldVolume
189.854296,-265.421826,337.111055,-0.000000,0.000000,20.469558,mu-,105.987828,Solenoid_1_FieldVolume
191.459411,-264.827859,342.307517,-0.000000,0.000000,20.469558,mu-,105.803949,Solenoid_1_FieldVolume
190.302341,-264.730355,343.815087,-0.000000,0.000000,20.469558,mu-,105.693226,Solenoid_1_FieldVolume
-44.324588,14.112952,-470.000000,-1.187284,0.378031,20.469558,pi+,182.798180,Solenoid_1_FieldVolume
-1.561909,-22.584007,2930.000000,-0.022528,-0.325736,11.022070,mu+,148.907539,Solenoid_1_FieldVolume
-12.153995,-78.721225,339.681619,0.000000,0.000000,20.469558,pi+,348.172734,Solenoid_1_FieldVolume
-40.974904,55.415692,3780.000000,-0.506566,0.685095,9.447488,mu+,213.311903,Solenoid_1_FieldVolume
71.711064,16.239610,-869.058662,-0.000000,-0.000000,20.469558,mu+,370.562380,Solenoid_1_FieldVolume
90.248453,-91.005617,-656.941926,-0.000000,0.000000,20.469558,mu+,365.424453,Solenoid_1_FieldVolume
147.036766,-2.677113,-487.410257,-0.000000,0.000000,20.469558,mu+,360.358239,Solenoid_1_FieldVolume
76.110808,15.820436,-538.768056,-0.000000,-0.000000,20.469558,mu+,354.903184,Solenoid_1_FieldVolume
-54.039055,-40.622460,380.000000,-1.447497,-1.088118,20.469558,mu+,380.633216,Solenoid_1_FieldVolume
-236.809726,-45.465614,2950.000000,3.267522,0.627339,9.447488,mu+,146.743455,Solenoid_1_FieldVolume
14.313944,23.476812,-470.000000,0.383415,0.628853,20.469558,mu+,242.616291,Solenoid_1_FieldVolume
30.491308,22.730145,3780.000000,0.376959,0.281009,9.447488,mu+,241.721720,Solenoid_1_FieldVolume
-30.837731,51.398809,7660.000000,-0.127080,0.211811,3.149163,mu+,238.980331,Solenoid_1_FieldVolume
266.821738,-187.851712,-470.000000,7.147119,-5.031819,20.469558,pi+,1014.038754,Solenoid_1_FieldVolume
222.627429,-118.228547,2930.000000,3.211021,-1.705245,11.022070,mu+,716.931048,Solenoid_1_FieldVolume
-380.962413,338.565841,2080.000000,-6.279696,5.580840,12.596651,pi-,633.448573,Solenoid_1_FieldVolume
-84.420629,-42.088165,380.000000,-2.261301,-1.127379,20.469558,pi+,464.376064,Solenoid_1_FieldVolume
-155.950693,-142.982588,4215.500000,-1.319644,-1.209909,6.298326,pi+,463.584668,Solenoid_1_FieldVolume
-32.923250,50.131775,1230.000000,-0.881886,1.342836,20.469558,pi+,479.309090,Solenoid_1_FieldVolume
-0.092322,-70.209100,4215.500000,-0.000781,-0.594105,6.298326,mu+,428.888702,Solenoid_1_FieldVolume
38.257439,-42.509447,-470.000000,1.024768,-1.138663,20.469558,pi-,789.457644,Solenoid_1_FieldVolume
75.540644,-60.726847,3780.000000,0.933896,-0.750755,9.447488,pi-,788.665229,Solenoid_1_FieldVolume
198.596782,62.866549,7660.000000,0.818406,0.259069,3.149163,pi-,671.114401,Solenoid_1_FieldVolume
-42.327980,3.759867,380.000000,-1.133802,0.100712,20.469558,pi+,483.304602,Solenoid_1_FieldVolume
-129.971217,148.037502,4215.500000,-1.099807,1.252683,6.298326,pi+,482.465727,Solenoid_1_FieldVolume
-321.087299,112.418385,8510.000000,-1.323182,0.463270,3.149163,pi+,445.111275,Solenoid_1_FieldVolume
25.926245,-103.780081,2080.000000,0.427362,-1.710687,12.596651,mu-,608.905228,Solenoid_1_FieldVolume
-96.793310,82.945672,380.000000,-2.592717,2.221793,20.469558,pi+,1157.088632,Solenoid_1_FieldVolume
-79.122442,218.219604,4215.500000,-0.669529,1.846559,6.298326,pi+,1096.935828,Solenoid_1_FieldVolume
-20.341570,27.241629,380.000000,-0.544872,0.729698,20.469558,pi-,261.391805,Solenoid_1_FieldVolume
126.622466,36.802262,4084.200676,-0.000000,-0.000000,6.298326,pi-,259.987543,Solenoid_1_FieldVolume
-54.240904,-77.772145,2930.000000,-0.782333,-1.121731,11.022070,pi-,756.561700,Solenoid_1_FieldVolume
9.005105,-139.752164,6810.000000,0.037110,-0.575910,3.149163,pi-,755.508972,Solenoid_1_FieldVolume
-162.516240,-144.215288,10645.500000,-0.687601,-0.610170,3.149163,pi-,754.706103,Solenoid_1_FieldVolume
202.452037,77.537169,7680.000000,-0.931150,-0.356622,3.149163,pi-,205.318470,Solenoid_1_FieldVolume
33.662586,-29.854783,2080.000000,0.554886,-0.492119,12.596651,mu+,171.679473,Solenoid_1_FieldVolume
38.229942,112.869111,380.000000,1.024032,3.023326,20.469558,pi+,437.853289,Solenoid_1_FieldVolume
-222.209904,238.420579,2950.000000,3.066072,-3.289748,9.447488,pi+,213.718823,Solenoid_1_FieldVolume
88.226604,-108.311983,1230.000000,2.363249,-2.901258,20.469558,mu-,193.865128,Solenoid_1_FieldVolume
44.032718,-104.138389,2930.000000,0.635097,-1.502019,11.022070,pi+,632.907558,Solenoid_1_FieldVolume
-62.048724,-42.545185,380.000000,-1.662045,-1.139620,20.469558,pi+,1076.751836,Solenoid_1_FieldVolume
-65.550874,33.416409,4215.500000,-0.554687,0.282767,6.298326,pi+,1075.845400,Solenoid_1_FieldVolume
326.403714,489.713526,6810.000000,1.345091,2.018081,3.149163,pi+,390.033443,Solenoid_1_FieldVolume
-89.408712,324.890669,4695.500000,0.799249,-2.904286,6.298326,pi-,395.063648,Solenoid_1_FieldVolume
411.281558,335.219648,-470.000000,11.016638,8.979234,20.469558,pi+,214.034993,Solenoid_1_FieldVolume
345.956386,192.746804,2595.877960,-0.000000,-0.000000,11.022070,pi+,199.551827,Solenoid_1_FieldVolume
153.388332,-45.290485,380.000000,4.108678,-1.213156,20.469558,pi+,406.026729,Solenoid_1_FieldVolume
155.122457,-144.237864,4215.500000,1.312635,-1.220531,6.298326,pi+,373.881017,Solenoid_1_FieldVolume
472.058447,20.422730,-470.000000,12.644615,0.547046,20.469558,pi-,269.351264,Solenoid_1_FieldVolume
60.291150,15.417073,380.000000,1.614966,0.412964,20.469558,pi+,958.271855,Solenoid_1_FieldVolume
233.002207,56.349088,4215.500000,1.971649,0.476822,6.298326,pi+,866.547264,Solenoid_1_FieldVolume
-9.670363,21.315573,1230.000000,-0.259032,0.570962,20.469558,pi+,545.519361,Solenoid_1_FieldVolume
44.633896,175.050415,5110.500000,0.377689,1.481265,6.298326,pi+,544.261403,Solenoid_1_FieldVolume
88.809446,215.182007,8510.000000,0.365979,0.886753,3.149163,pi+,543.770535,Solenoid_1_FieldVolume
-106.143306,-153.950851,12390.000000,-0.218705,-0.317211,1.574581,pi+,252.960703,Solenoid_1_FieldVolume
-213.577811,-57.797412,16629.090744,0.000000,0.000000,1.574581,pi+,204.037422,Solenoid_1_FieldVolume
28.679693,-76.182717,-470.000000,0.768218,-2.040639,20.469558,pi-,1114.897720,Solenoid_1_FieldVolume
-11.953310,-178.713842,3780.000000,-0.147777,-2.209408,9.447488,pi-,1114.040526,Solenoid_1_FieldVolume
-37.584320,-101.183248,2930.000000,-0.542090,-1.459396,11.022070,pi-,1185.563210,Solenoid_1_FieldVolume
16.761805,170.023123,-470.000000,0.448984,4.554260,20.469558,pi+,1397.832462,Solenoid_1_FieldVolume
-258.886703,118.003863,2930.000000,-3.733999,1.702004,11.022070,pi+,312.291757,Solenoid_1_FieldVolume
292.802155,-71.760273,2930.000000,4.223172,-1.035020,11.022070,mu-,124.679604,Solenoid_1_FieldVolume
654.628326,200.257646,3800.500000,-5.851900,-1.790157,6.298326,pi+,206.935652,Solenoid_1_FieldVolume
8.748584,156.594336,380.000000,0.234341,4.194555,20.469558,pi+,346.390193,Solenoid_1_FieldVolume
-62.046046,180.456245,4215.500000,-0.525029,1.527008,6.298326,pi+,343.803351,Solenoid_1_FieldVolume
126.755114,208.296879,-470.000000,3.395278,5.579465,20.469558,pi+,636.894076,Solenoid_1_FieldVolume
136.339193,338.037971,3780.000000,1.685538,4.179104,9.447488,pi+,418.809867,Solenoid_1_FieldVolume
36.705167,-20.858142,2930.000000,0.529409,-0.300843,11.022070,pi+,850.875408,Solenoid_1_FieldVolume
12.169109,67.241862,5960.000000,0.075222,0.415650,4.723744,mu+,768.338343,Solenoid_1_FieldVolume
-74.655992,4.978621,10210.000000,-0.307653,0.020517,3.149163,mu+,767.480692,Solenoid_1_FieldVolume
323.035786,-2.536317,14090.000000,0.665606,-0.005226,1.574581,mu+,766.334954,Solenoid_1_FieldVolume
189.523452,-673.855223,9341.391997,-0.000000,0.000000,3.149163,pi-,616.875803,Solenoid_1_FieldVolume
-78.686053,-214.218077,380.000000,-2.107694,-5.738071,20.469558,pi+,1284.662839,Solenoid_1_FieldVolume
69.994209,-62.284255,2080.000000,1.153768,-1.026679,12.596651,pi-,175.860862,Solenoid_1_FieldVolume
37.197465,24.549222,2930.000000,0.536510,0.354081,11.022070,pi-,503.735312,Solenoid_1_FieldVolume
89.434479,-72.506111,2080.000000,1.474217,-1.195174,12.596651,pi+,701.588135,Solenoid_1_FieldVolume
-58.722021,6.277208,380.000000,-1.572935,0.168142,20.469558,pi+,217.541227,Solenoid_1_FieldVolume
-47.604377,136.518796,4215.500000,-0.402825,1.155213,6.298326,pi+,215.645472,Solenoid_1_FieldVolume
79.000531,104.902552,-470.000000,2.116118,2.809932,20.469558,pi-,342.073358,Solenoid_1_FieldVolume
24.486693,133.673391,3780.000000,0.302725,1.652581,9.447488,pi-,308.042011,Solenoid_1_FieldVolume
-118.684500,94.626792,1230.000000,-3.179097,2.534685,20.469558,pi+,813.237597,Solenoid_1_FieldVolume
-132.844368,-96.849160,1230.000000,-3.558385,-2.594213,20.469558,pi+,1178.014859,Solenoid_1_FieldVolume
-178.257055,490.358816,380.000000,-4.774815,13.134811,20.469558,pi-,191.412965,Solenoid_1_FieldVolume
1.191301,154.515740,380.000000,0.031910,4.138877,20.469558,pi+,231.977898,Solenoid_1_FieldVolume
-95.620438,-163.400846,3780.000000,-1.182139,-2.020096,9.447488,mu+,202.469332,Solenoid_1_FieldVolume
-38.694233,-193.871404,380.000000,-1.036468,-5.193063,20.469558,mu+,150.574277,Solenoid_1_FieldVolume
93.379762,46.935279,2930.000000,1.346844,0.676961,11.022070,pi-,576.868178,Solenoid_1_FieldVolume
-30.934300,-55.788192,-470.000000,-0.828610,-1.494349,20.469558,pi-,224.628455,Solenoid_1_FieldVolume
-41.010340,-38.813200,2930.000000,-0.591504,-0.559814,11.022070,mu-,179.862553,Solenoid_1_FieldVolume
142.117963,116.302433,380.000000,3.806789,3.115291,20.469558,pi+,1694.840423,Solenoid_1_FieldVolume
239.572620,-132.928529,4215.500000,2.027247,-1.124832,6.298326,pi+,1522.532237,Solenoid_1_FieldVolume
-160.928061,-121.235757,380.000000,-4.310639,-3.247436,20.469558,pi-,1033.571319,Solenoid_1_FieldVolume
-45.324110,211.489444,2930.000000,-0.653723,3.050375,11.022070,pi-,1436.583582,Solenoid_1_FieldVolume
5.103515,57.024609,-767.797606,-0.000000,-0.000000,20.469558,pi+,153.083873,Solenoid_1_FieldVolume
-8.303039,-52.019006,2930.000000,-0.119757,-0.750285,11.022070,mu+,121.144280,Solenoid_1_FieldVolume
382.102883,-286.381621,380.000000,10.235054,-7.671053,20.469558,pi+,412.751141,Solenoid_1_FieldVolume
-51.152134,-103.585916,380.000000,-1.370167,-2.774665,20.469558,pi-,802.114886,Solenoid_1_FieldVolume
-91.842183,-91.527525,4215.500000,-0.777162,-0.774500,6.298326,pi-,801.208866,Solenoid_1_FieldVolume
206.748979,36.873889,2080.000000,3.408002,0.607821,12.596651,pi+,481.124638,Solenoid_1_FieldVolume
-163.321315,82.803327,380.000000,-4.374745,2.217980,20.469558,pi+,202.232745,Solenoid_1_FieldVolume
-54.314690,-18.602963,380.000000,-1.454880,-0.498301,20.469558,pi-,299.478865,Solenoid_1_FieldVolume
-45.689793,-80.990167,3780.000000,-0.564855,-1.001267,9.447488,mu-,277.859747,Solenoid_1_FieldVolume
35.401218,-98.814522,-470.000000,0.948261,-2.646858,20.469558,pi+,374.568883,Solenoid_1_FieldVolume
-55.833173,-22.969431,2930.000000,-0.805298,-0.331295,11.022070,mu+,286.187573,Solenoid_1_FieldVolume
-27.805873,-43.109294,2080.000000,-0.458346,-0.710604,12.596651,mu-,228.335653,Solenoid_1_FieldVolume
-47.104055,91.718154,5960.000000,-0.291170,0.566948,4.723744,mu-,226.717296,Solenoid_1_FieldVolume
72.259182,124.079585,10210.000000,0.297776,0.511325,3.149163,mu-,225.890715,Solenoid_1_FieldVolume
623.652853,307.587445,13240.000000,1.285019,0.633775,1.574581,pi+,867.045406,Solenoid_1_FieldVolume
5.503262,71.045406,2930.000000,0.079375,1.024709,11.022070,pi+,3167.706887,Solenoid_1_FieldVolume
-3.239189,252.598716,2080.000000,-0.053394,4.163778,12.596651,pi+,1232.491352,Solenoid_1_FieldVolume
147.685267,-52.339564,1230.000000,3.955915,-1.401974,20.469558,pi+,495.491982,Solenoid_1_FieldVolume
-123.461390,-49.297689,5110.500000,-1.044722,-0.417154,6.298326,pi+,494.022745,Solenoid_1_FieldVolume
64.844227,-86.798418,9360.000000,0.267219,-0.357691,3.149163,pi+,493.303443,Solenoid_1_FieldVolume
71.673168,-311.247253,892.554519,-0.000000,0.000000,20.469558,pi-,727.452847,Solenoid_1_FieldVolume
68.411112,-266.319863,1230.000000,1.832468,-7.133676,20.469558,mu-,213.219233,Solenoid_1_FieldVolume
336.474559,-183.760731,1230.000000,9.012848,-4.922237,20.469558,pi-,771.115032,Solenoid_1_FieldVolume
-49.663600,-32.099829,-470.000000,-1.330295,-0.859830,20.469558,pi-,984.650347,Solenoid_1_FieldVolume
-73.214967,41.709655,3780.000000,-0.905144,0.515649,9.447488,pi-,983.845899,Solenoid_1_FieldVolume
-243.764009,164.474841,-470.000000,-6.529492,4.405643,20.469558,pi+,436.193576,Solenoid_1_FieldVolume
-22.186104,-269.207192,-518.815273,0.000000,0.000000,20.469558,pi-,190.811094,Solenoid_1_FieldVolume
-148.837199,-46.512200,1230.000000,-3.986771,-1.245881,20.469558,pi+,1037.264755,Solenoid_1_FieldVolume
-42.578721,92.403080,2080.000000,-0.701858,1.523151,12.596651,pi-,575.863365,Solenoid_1_FieldVolume
-30.055548,29.179576,5960.000000,-0.185786,0.180371,4.723744,pi-,574.116963,Solenoid_1_FieldVolume
71.781203,193.508661,10210.000000,0.295806,0.797438,3.149163,pi-,500.912300,Solenoid_1_FieldVolume
-3.839273,-17.726786,-470.000000,-0.102839,-0.474832,20.469558,pi+,271.101308,Solenoid_1_FieldVolume
60.587060,-110.312053,3780.000000,0.749027,-1.363769,9.447488,mu+,257.398224,Solenoid_1_FieldVolume
-46.708183,170.547864,2930.000000,-0.673686,2.459862,11.022070,pi+,201.214588,Solenoid_1_FieldVolume
-285.859761,201.406173,1230.000000,-7.657074,5.394890,20.469558,pi+,544.233842,Solenoid_1_FieldVolume
-114.587272,-47.452487,2930.000000,-1.652726,-0.684421,11.022070,pi-,784.982579,Solenoid_1_FieldVolume
378.664120,-220.038128,380.000000,10.142943,-5.893968,20.469558,pi+,207.032953,Solenoid_1_FieldVolume
160.590504,-671.510261,8510.000000,0.661784,-2.767255,3.149163,mu+,227.090811,Solenoid_1_FieldVolume
-73.680153,-54.384778,2930.000000,-1.062711,-0.784408,11.022070,pi+,369.666745,Solenoid_1_FieldVolume
-70.335760,63.307859,1230.000000,-1.884022,1.695772,20.469558,pi-,1420.815156,Solenoid_1_FieldVolume
-83.132404,6.737516,4215.500000,-0.703461,0.057012,6.298326,mu-,1062.316413,Solenoid_1_FieldVolume
56.069608,197.868013,8510.000000,0.231060,0.815403,3.149163,mu-,980.693596,Solenoid_1_FieldVolume
-56.868431,-267.585013,12390.000000,-0.117176,-0.551351,1.574581,mu-,588.521577,Solenoid_1_FieldVolume
-0.620324,-164.970951,16640.000000,-0.001278,-0.339918,1.574581,mu-,392.872802,Solenoid_1_FieldVolume
141.359997,-94.349193,2930.000000,2.038877,-1.360826,11.022070,pi+,775.233549,Solenoid_1_FieldVolume
-187.866659,281.202936,6810.000000,-0.774187,1.158821,3.149163,pi+,735.246386,Solenoid_1_FieldVolume
-73.987835,-60.767513,10645.500000,-0.313040,-0.257105,3.149163,pi+,520.392646,Solenoid_1_FieldVolume
9.002841,-9.816584,-555.244789,-0.000000,0.000000,20.469558,pi-,146.645711,Solenoid_1_FieldVolume
-31.052591,16.089190,901.256725,0.000000,-0.000000,20.469558,mu-,114.989509,Solenoid_1_FieldVolume
-76.988270,6.553041,2080.000000,-1.269057,0.108019,12.596651,mu-,110.818087,Solenoid_1_FieldVolume
-102.675065,-36.354205,2664.822167,0.000000,0.000000,11.022070,mu-,108.690080,Solenoid_1_FieldVolume
-91.453296,-29.168735,2874.973989,0.000000,0.000000,11.022070,mu-,107.334315,Solenoid_1_FieldVolume
-72.733256,-63.692921,2954.815580,0.000000,0.000000,9.447488,mu-,106.321533,Solenoid_1_FieldVolume
-78.373107,-62.071069,2969.334006,0.000000,0.000000,9.447488,mu-,106.007109,Solenoid_1_FieldVolume
-74.768258,-63.063044,2973.544339,0.000000,0.000000,9.447488,mu-,105.826476,Solenoid_1_FieldVolume
-77.235961,-63.289974,2974.918899,0.000000,0.000000,9.447488,mu-,105.713419,Solenoid_1_FieldVolume
0.371121,230.033896,1230.000000,0.009941,6.161716,20.469558,pi-,342.649673,Solenoid_1_FieldVolume
-9.418453,-34.043060,1230.000000,-0.252284,-0.911882,20.469558,pi+,171.526219,Solenoid_1_FieldVolume
-18.492612,18.570244,4215.500000,-0.156483,0.157140,6.298326,mu+,145.225335,Solenoid_1_FieldVolume
67.785369,-13.672671,-470.000000,1.815707,-0.366238,20.469558,pi+,684.124652,Solenoid_1_FieldVolume
84.015453,58.546095,3780.000000,1.038668,0.723795,9.447488,pi+,683.310329,Solenoid_1_FieldVolume
206.968812,35.301750,1230.000000,5.543892,0.945597,20.469558,pi+,1069.184181,Solenoid_1_FieldVolume
279.184440,309.495056,5110.500000,2.362440,2.618926,6.298326,pi+,420.735290,Solenoid_1_FieldVolume
-54.462781,41.999427,-1300.000000,1.628212,-1.255609,20.469558,pi+,159.867977,Solenoid_1_FieldVolume
-47.339653,-52.467220,-470.000000,-1.268046,-1.405393,20.469558,pi-,474.038468,Solenoid_1_FieldVolume
-90.582824,47.400671,3780.000000,-1.119860,0.586006,9.447488,pi-,473.069307,Solenoid_1_FieldVolume
-78.195197,-83.276251,7660.000000,-0.322238,-0.343177,3.149163,pi-,379.601990,Solenoid_1_FieldVolume
113.085988,-220.884004,10645.500000,0.478463,-0.934553,3.149163,pi-,378.896708,Solenoid_1_FieldVolume
-83.600609,-63.905051,2080.000000,-1.378053,-1.053396,12.596651,pi+,214.532573,Solenoid_1_FieldVolume
-355.215078,-184.781669,9360.000000,-1.463821,-0.761474,3.149163,pi-,506.930749,Solenoid_1_FieldVolume
-145.302829,-364.339739,5980.000000,0.668300,1.675731,3.149163,pi+,179.044804,Solenoid_1_FieldVolume
-280.278593,5.583974,380.000000,-7.507576,0.149573,20.469558,mu+,189.216885,Solenoid_1_FieldVolume
-39.112505,-12.134719,-470.000000,-1.047672,-0.325042,20.469558,pi-,1347.590564,Solenoid_1_FieldVolume
36.007291,-9.103324,3780.000000,0.445152,-0.112543,9.447488,pi-,1346.861791,Solenoid_1_FieldVolume
-255.628087,147.137319,7660.000000,-1.053428,0.606344,3.149163,pi-,1237.625069,Solenoid_1_FieldVolume
-40.855652,26.294785,2930.000000,-0.589273,0.379257,11.022070,pi-,408.893614,Solenoid_1_FieldVolume
-89.056946,-0.145610,5960.000000,-0.550498,-0.000900,4.723744,mu-,344.716863,Solenoid_1_FieldVolume
-83.410575,12.030630,10210.000000,-0.343730,0.049578,3.149163,mu-,343.850466,Solenoid_1_FieldVolume
-32.463208,34.956948,14090.000000,-0.066889,0.072028,1.574581,mu-,342.764137,Solenoid_1_FieldVolume
-117.155944,-38.295941,2080.000000,-1.931171,-0.631261,12.596651,pi+,732.775014,Solenoid_1_FieldVolume
83.438181,-73.188050,5960.000000,0.515766,-0.452405,4.723744,pi+,731.664461,Solenoid_1_FieldVolume
136.383966,21.294207,10210.000000,0.562030,0.087752,3.149163,pi+,730.895265,Solenoid_1_FieldVolume
-645.292550,-54.520759,14090.000000,-1.329606,-0.112338,1.574581,pi+,661.230647,Solenoid_1_FieldVolume
-311.998835,-147.666844,17490.000000,-0.642865,-0.304263,1.574581,pi+,479.489111,Solenoid_1_FieldVolume
293.045643,-213.446935,1230.000000,7.849556,-5.717415,20.469558,pi-,596.538712,Solenoid_1_FieldVolume
245.061792,-234.861740,3780.000000,3.029656,-2.903555,9.447488,mu-,170.549137,Solenoid_1_FieldVolume
248.411830,-131.585764,2930.000000,3.582917,-1.897900,11.022070,pi+,1079.948733,Solenoid_1_FieldVolume
-25.327601,-172.311614,-470.000000,-0.678428,-4.615560,20.469558,pi+,2031.066761,Solenoid_1_FieldVolume
-28.942922,106.767716,3780.000000,-0.357816,1.319951,9.447488,pi+,1913.686330,Solenoid_1_FieldVolume
157.295110,268.525497,2930.000000,2.268714,3.873022,11.022070,pi+,512.114907,Solenoid_1_FieldVolume
-135.445402,5.486540,2930.000000,-1.953569,0.079134,11.022070,pi+,453.105834,Solenoid_1_FieldVolume
104.926948,-55.093680,2930.000000,1.513392,-0.794632,11.022070,pi+,2257.641569,Solenoid_1_FieldVolume
-170.842231,-4.497928,6810.000000,-0.704031,-0.018536,3.149163,pi+,2256.405284,Solenoid_1_FieldVolume
-6.091396,-14.710800,2930.000000,-0.087858,-0.212178,11.022070,pi-,1083.724063,Solenoid_1_FieldVolume
-37.649443,43.883876,1230.000000,-1.008483,1.175479,20.469558,pi+,422.260319,Solenoid_1_FieldVolume
66.974638,-37.917019,-470.000000,1.793991,-1.015650,20.469558,pi+,438.634556,Solenoid_1_FieldVolume
-4.617916,28.223013,2930.000000,-0.066606,0.407069,11.022070,mu+,390.772906,Solenoid_1_FieldVolume
48.512058,28.759140,-476.900698,-0.000000,-0.000000,20.469558,pi-,149.817566,Solenoid_1_FieldVolume
-117.597587,6.321555,639.658778,0.000000,-0.000000,20.469558,mu-,120.050919,Solenoid_1_FieldVolume
-112.361529,17.465230,827.705539,0.000000,-0.000000,20.469558,mu-,113.312566,Solenoid_1_FieldVolume
-112.944164,7.025894,855.308494,0.000000,-0.000000,20.469558,mu-,109.755482,Solenoid_1_FieldVolume
-113.571908,9.399063,863.974079,0.000000,-0.000000,20.469558,mu-,107.815240,Solenoid_1_FieldVolume
-108.754453,8.898609,903.681722,0.000000,-0.000000,20.469558,mu-,106.797912,Solenoid_1_FieldVolume
-112.539236,10.902001,915.104580,0.000000,-0.000000,20.469558,mu-,106.250107,Solenoid_1_FieldVolume
-109.707713,10.360294,915.260531,0.000000,-0.000000,20.469558,mu-,105.957743,Solenoid_1_FieldVolume
-111.180917,11.324492,914.860341,0.000000,-0.000000,20.469558,mu-,105.800889,Solenoid_1_FieldVolume
-110.637047,10.505174,914.942125,0.000000,-0.000000,20.469558,mu-,105.694274,Solenoid_1_FieldVolume
-30.340306,112.094510,-470.000000,-0.812699,3.002577,20.469558,pi-,528.189616,Solenoid_1_FieldVolume
-34.755383,89.271336,2080.000000,-0.572900,1.471528,12.596651,mu-,351.840255,Solenoid_1_FieldVolume
32.980545,125.398870,-470.000000,0.883421,3.358949,20.469558,pi+,1236.604356,Solenoid_1_FieldVolume
-93.395878,36.528651,3780.000000,-1.154637,0.451597,9.447488,pi+,1195.838359,Solenoid_1_FieldVolume
70.958334,-149.821719,380.000000,1.900699,-4.013143,20.469558,pi+,760.935367,Solenoid_1_FieldVolume
-172.384404,-259.740649,4215.500000,-1.458705,-2.197907,6.298326,pi+,609.348614,Solenoid_1_FieldVolume
-0.513913,-99.400871,2080.000000,-0.008471,-1.638501,12.596651,pi-,407.612528,Solenoid_1_FieldVolume
414.334244,-160.981540,8510.000000,1.707447,-0.663396,3.149163,pi+,553.079596,Solenoid_1_FieldVolume
-79.881427,125.355992,380.000000,-2.139714,3.357801,20.469558,pi+,561.658437,Solenoid_1_FieldVolume
-30.681805,134.659364,4215.500000,-0.259627,1.139478,6.298326,pi+,501.315175,Solenoid_1_FieldVolume
-187.919196,-18.004871,8510.000000,-0.774404,-0.074197,3.149163,pi+,500.200200,Solenoid_1_FieldVolume
-324.153418,-210.789657,12390.000000,-0.667909,-0.434326,1.574581,pi+,498.581544,Solenoid_1_FieldVolume
-87.929941,-371.907396,16640.000000,-0.181177,-0.766304,1.574581,pi+,419.371792,Solenoid_1_FieldVolume
-76.104680,133.442917,2448.648239,0.000000,-0.000000,11.022070,pi+,463.319732,Solenoid_1_FieldVolume
-52.318725,-143.805169,5110.500000,-0.442717,-1.216870,6.298326,mu+,175.482006,Solenoid_1_FieldVolume
-44.833229,-147.126470,9360.000000,-0.184755,-0.606300,3.149163,mu+,174.318912,Solenoid_1_FieldVolume
-157.613236,14.245011,13240.000000,-0.324757,0.029351,1.574581,mu+,172.920750,Solenoid_1_FieldVolume
-31.047243,-13.360072,17490.000000,-0.063972,-0.027528,1.574581,mu+,171.617429,Solenoid_1_FieldVolume
-54.681403,20.299051,2930.000000,-0.788686,0.292779,11.022070,pi-,293.533488,Solenoid_1_FieldVolume
160.479470,-72.654812,2847.615824,-0.000000,0.000000,11.022070,pi+,281.906504,Solenoid_1_FieldVolume
-176.222738,156.715113,2930.000000,-2.541712,2.260348,11.022070,pi+,684.656402,Solenoid_1_FieldVolume
-73.692268,96.026359,2080.000000,-1.214726,1.582876,12.596651,pi+,362.833301,Solenoid_1_FieldVolume
9.884700,-35.887529,2080.000000,0.162937,-0.591562,12.596651,mu+,526.034105,Solenoid_1_FieldVolume
-88.772484,-44.881157,5960.000000,-0.548739,-0.277429,4.723744,mu+,489.246630,Solenoid_1_FieldVolume
152.126447,-239.570484,10210.000000,0.626904,-0.987256,3.149163,mu+,418.068186,Solenoid_1_FieldVolume
-20.166919,-20.301582,380.000000,-0.540194,-0.543801,20.469558,mu-,723.584688,Solenoid_1_FieldVolume
-17.783457,-169.615508,4215.500000,-0.150482,-1.435275,6.298326,mu-,722.419206,Solenoid_1_FieldVolume
8.555845,61.581566,-470.000000,0.229178,1.649531,20.469558,mu+,126.375928,Solenoid_1_FieldVolume
-111.555761,51.303233,1230.000000,-2.988146,1.374215,20.469558,pi-,335.670592,Solenoid_1_FieldVolume
-5.841116,40.363762,4215.500000,-0.049427,0.341555,6.298326,mu-,229.235058,Solenoid_1_FieldVolume
27.361550,-89.872736,2930.000000,0.394644,-1.296261,11.022070,mu+,178.069357,Solenoid_1_FieldVolume
-68.879051,167.225334,1230.000000,-1.845003,4.479318,20.469558,pi-,848.797887,Solenoid_1_FieldVolume
63.287258,-28.316921,-483.163113,-0.000000,0.000000,20.469558,pi+,225.784714,Solenoid_1_FieldVolume
48.633142,-89.545018,2930.000000,0.701450,-1.291534,11.022070,mu+,196.786801,Solenoid_1_FieldVolume
-7.394272,98.501946,-470.000000,-0.198064,2.638485,20.469558,mu-,314.415766,Solenoid_1_FieldVolume
-90.534838,152.110211,3780.000000,-1.119266,1.880512,9.447488,mu-,183.865678,Solenoid_1_FieldVolume
31.947368,-3.691911,1039.374615,-0.000000,0.000000,20.469558,pi+,736.059971,Solenoid_1_FieldVolume
136.460074,-59.628370,4215.500000,1.154716,-0.504571,6.298326,mu+,711.055529,Solenoid_1_FieldVolume
155.187445,42.712036,2930.000000,2.238314,0.616048,11.022070,pi-,1415.642760,Solenoid_1_FieldVolume
-74.488492,-70.945543,380.000000,-1.995258,-1.900356,20.469558,pi+,1122.847040,Solenoid_1_FieldVolume
-127.734442,24.658392,4215.500000,-1.080880,0.208658,6.298326,pi+,1121.963335,Solenoid_1_FieldVolume
144.606259,-251.629812,8510.000000,0.595914,-1.036952,3.149163,pi+,985.498886,Solenoid_1_FieldVolume
21.945483,-123.851734,2014.388645,-0.000000,0.000000,12.596651,pi-,1187.955089,Solenoid_1_FieldVolume
188.020580,-132.702199,5110.500000,1.591017,-1.122917,6.298326,mu-,1107.711038,Solenoid_1_FieldVolume
-178.465223,-226.106877,9360.000000,-0.735445,-0.931773,3.149163,mu-,993.535073,Solenoid_1_FieldVolume
0.837474,5.739380,1230.000000,0.022433,0.153736,20.469558,pi+,636.077986,Solenoid_1_FieldVolume
-48.605467,-1.000451,5110.500000,-0.411296,-0.008466,6.298326,pi+,634.873946,Solenoid_1_FieldVolume
-54.245091,-29.975062,8510.000000,-0.223541,-0.123525,3.149163,pi+,628.752063,Solenoid_1_FieldVolume
27.297095,-67.567405,12390.000000,0.056245,-0.139221,1.574581,pi+,627.371810,Solenoid_1_FieldVolume
-104.598802,-19.537013,16640.000000,-0.215523,-0.040255,1.574581,pi+,626.316345,Solenoid_1_FieldVolume
-81.791676,24.399399,2080.000000,-1.348235,0.402194,12.596651,pi+,690.811577,Solenoid_1_FieldVolume
-73.771596,126.612175,2080.000000,-1.216034,2.087046,12.596651,pi-,466.010003,Solenoid_1_FieldVolume
36.348755,-53.460068,380.000000,0.973642,-1.431988,20.469558,mu+,140.672545,Solenoid_1_FieldVolume
34.328378,-50.437867,4215.500000,0.290484,-0.426802,6.298326,mu+,136.943777,Solenoid_1_FieldVolume
397.241157,-514.954856,5960.000000,2.455511,-3.183148,4.723744,pi+,561.156744,Solenoid_1_FieldVolume
265.137121,468.006604,380.000000,7.101995,12.536082,20.469558,mu-,496.792771,Solenoid_1_FieldVolume
269.029248,493.019483,4215.500000,2.276507,4.171897,6.298326,mu-,179.572188,Solenoid_1_FieldVolume
64.101074,-6.652146,2930.000000,0.924549,-0.095946,11.022070,pi+,1009.324982,Solenoid_1_FieldVolume
1.261727,32.133596,-470.000000,0.033797,0.860734,20.469558,pi-,839.633388,Solenoid_1_FieldVolume
-82.440474,-30.348104,3780.000000,-1.019197,-0.375188,9.447488,pi-,838.885626,Solenoid_1_FieldVolume
-212.078445,76.012838,7660.000000,-0.873963,0.313244,3.149163,pi-,752.950013,Solenoid_1_FieldVolume
-30.048257,-37.717861,159.112638,0.000000,0.000000,20.469558,pi+,184.452460,Solenoid_1_FieldVolume
-64.860570,-20.761867,3780.000000,-0.801860,-0.256675,9.447488,mu+,150.392174,Solenoid_1_FieldVolume
-53.654685,-33.402597,-470.000000,-1.437201,-0.894726,20.469558,pi-,181.788423,Solenoid_1_FieldVolume
-37.068955,6.114641,2930.000000,-0.534656,0.088193,11.022070,mu-,153.262684,Solenoid_1_FieldVolume
-17.423542,-34.369697,1230.000000,-0.466709,-0.920631,20.469558,pi-,633.359912,Solenoid_1_FieldVolume
-64.412442,51.659097,5110.500000,-0.545054,0.437136,6.298326,pi-,631.965527,Solenoid_1_FieldVolume
-89.820752,58.183958,9360.000000,-0.370146,0.239773,3.149163,pi-,631.295110,Solenoid_1_FieldVolume
148.847916,61.498859,13240.000000,0.306697,0.126717,1.574581,pi-,630.124662,Solenoid_1_FieldVolume
-108.414859,94.445281,17490.000000,-0.223386,0.194602,1.574581,pi-,629.413460,Solenoid_1_FieldVolume
91.651769,76.959107,2930.000000,1.321920,1.110004,11.022070,pi+,624.555054,Solenoid_1_FieldVolume
-8.111896,-0.492461,-470.000000,-0.217286,-0.013191,20.469558,pi+,752.982309,Solenoid_1_FieldVolume
-8.010031,5.453913,3780.000000,-0.099027,0.067426,9.447488,pi+,752.242215,Solenoid_1_FieldVolume
-9.081048,12.319765,7660.000000,-0.037422,0.050769,3.149163,pi+,750.869607,Solenoid_1_FieldVolume
-22.094506,-48.971056,10645.500000,-0.093481,-0.207195,3.149163,mu+,665.531004,Solenoid_1_FieldVolume
-107.654847,24.793632,14940.000000,-0.221820,0.051087,1.574581,mu+,664.472816,Solenoid_1_FieldVolume
15.701104,15.939952,1230.000000,0.420572,0.426969,20.469558,pi-,837.200182,Solenoid_1_FieldVolume
-77.923874,-216.581152,5110.500000,-0.659386,-1.832695,6.298326,pi-,835.749171,Solenoid_1_FieldVolume
-171.593098,-152.418963,9360.000000,-0.707125,-0.628110,3.149163,pi-,722.110577,Solenoid_1_FieldVolume
339.653145,-383.005773,-470.000000,9.097990,-10.259239,20.469558,pi+,294.540987,Solenoid_1_FieldVolume
-84.349481,-15.786060,2930.000000,-1.216597,-0.227687,11.022070,pi+,473.193969,Solenoid_1_FieldVolume
36.321989,114.979404,5960.000000,0.224521,0.710735,4.723744,mu+,416.127078,Solenoid_1_FieldVolume
117.927391,4.600492,10210.000000,0.485972,0.018958,3.149163,mu+,300.970196,Solenoid_1_FieldVolume
-24.401138,-110.306807,2080.000000,-0.402223,-1.818272,12.596651,pi-,672.124912,Solenoid_1_FieldVolume
-104.341750,-165.283851,13240.000000,-0.214993,-0.340563,1.574581,pi-,235.187118,Solenoid_1_FieldVolume
-202.663582,-70.152576,17490.000000,-0.417582,-0.144547,1.574581,pi-,234.229517,Solenoid_1_FieldVolume
204.692630,212.889695,13240.000000,0.421763,0.438653,1.574581,pi+,1716.940442,Solenoid_1_FieldVolume
-12.514030,57.208974,2080.000000,-0.206278,0.943019,12.596651,pi-,853.941699,Solenoid_1_FieldVolume
-56.195667,-31.935744,5960.000000,-0.347369,-0.197408,4.723744,pi-,852.771424,Solenoid_1_FieldVolume
-100.439947,55.501733,10210.000000,-0.413907,0.228719,3.149163,pi-,852.063032,Solenoid_1_FieldVolume
59.702481,-126.664884,14090.000000,0.123015,-0.260989,1.574581,pi-,851.028904,Solenoid_1_FieldVolume
319.079055,-277.452391,-470.000000,8.546890,-7.431873,20.469558,pi+,382.022178,Solenoid_1_FieldVolume
-544.559329,-195.940997,4215.500000,-4.608023,-1.658039,6.298326,pi+,515.470667,Solenoid_1_FieldVolume
67.219392,-13.104839,380.000000,1.800547,-0.351028,20.469558,pi+,2507.290994,Solenoid_1_FieldVolume
112.306890,-25.671896,4215.500000,0.950333,-0.217234,6.298326,pi+,2506.380694,Solenoid_1_FieldVolume
-77.733290,-104.282520,8510.000000,-0.320334,-0.429742,3.149163,pi+,2505.118030,Solenoid_1_FieldVolume
-174.881609,75.915934,12390.000000,-0.360338,0.156423,1.574581,pi+,2503.852051,Solenoid_1_FieldVolume
-103.256696,293.443886,16640.000000,-0.212757,0.604633,1.574581,pi+,2502.913565,Solenoid_1_FieldVolume
56.052993,185.326600,1230.000000,1.501442,4.964181,20.469558,pi+,1665.679326,Solenoid_1_FieldVolume
13.539892,-173.429117,2080.000000,0.223188,-2.858765,12.596651,pi-,1858.406418,Solenoid_1_FieldVolume
113.153869,65.811873,-470.000000,3.030953,1.762845,20.469558,pi-,1558.098681,Solenoid_1_FieldVolume
173.803422,98.756603,3780.000000,2.148701,1.220911,9.447488,pi-,1502.558870,Solenoid_1_FieldVolume
-210.483857,-391.409218,7660.000000,-0.867392,-1.612974,3.149163,pi-,1425.197284,Solenoid_1_FieldVolume
-1.646521,66.792932,2930.000000,-0.023748,0.963374,11.022070,pi+,316.387119,Solenoid_1_FieldVolume
-176.319621,-125.221768,4695.500000,1.576169,1.119391,6.298326,pi+,156.206336,Solenoid_1_FieldVolume
1.285249,24.379076,2080.000000,0.021186,0.401859,12.596651,pi+,514.852260,Solenoid_1_FieldVolume
-7.357545,6.126961,5960.000000,-0.045480,0.037873,4.723744,pi+,513.452490,Solenoid_1_FieldVolume
25.583473,30.640968,10210.000000,0.105428,0.126270,3.149163,pi+,512.616366,Solenoid_1_FieldVolume
-25.495960,-77.592130,14090.000000,-0.052534,-0.159876,1.574581,pi+,511.488268,Solenoid_1_FieldVolume
74.455624,-42.779032,2080.000000,1.227309,-0.705160,12.596651,mu-,135.693543,Solenoid_1_FieldVolume
97.783271,-1.657185,380.000000,2.619235,-0.044390,20.469558,pi+,481.664223,Solenoid_1_FieldVolume
-45.004956,158.050555,4215.500000,-0.380829,1.337413,6.298326,pi+,480.816656,Solenoid_1_FieldVolume
-161.132220,-47.773290,2080.000000,-2.656066,-0.787484,12.596651,pi-,1869.668145,Solenoid_1_FieldVolume
-145.735987,282.995693,5960.000000,-0.900854,1.749313,4.723744,pi-,1868.403423,Solenoid_1_FieldVolume
19.513180,-113.257820,1230.000000,0.522682,-3.033738,20.469558,pi+,1440.475281,Solenoid_1_FieldVolume
-182.088885,-28.063377,5110.500000,-1.540824,-0.237470,6.298326,pi+,1439.033527,Solenoid_1_FieldVolume
-12.243265,-118.243535,1087.753495,0.000000,0.000000,20.469558,mu+,263.141458,Solenoid_1_FieldVolume
36.673192,1.484611,2080.000000,0.604512,0.024472,12.596651,pi+,261.346786,Solenoid_1_FieldVolume
44.990311,96.280312,5110.500000,0.380705,0.814717,6.298326,mu+,236.396188,Solenoid_1_FieldVolume
-66.288656,123.975899,9360.000000,-0.273172,0.510897,3.149163,mu+,235.653456,Solenoid_1_FieldVolume
79.030330,-33.734669,-470.000000,2.116916,-0.903621,20.469558,pi-,438.771565,Solenoid_1_FieldVolume
78.293992,-12.156877,2930.000000,1.129257,-0.175342,11.022070,mu-,272.762577,Solenoid_1_FieldVolume
-9.762167,43.341882,2080.000000,-0.160917,0.714437,12.596651,pi-,278.282767,Solenoid_1_FieldVolume
-92.869688,1.696105,2930.000000,-1.339487,0.024463,11.022070,pi-,327.670443,Solenoid_1_FieldVolume
119.151333,-30.045112,2930.000000,1.718555,-0.433350,11.022070,pi-,344.388204,Solenoid_1_FieldVolume
49.557252,108.076782,380.000000,1.327447,2.894958,20.469558,pi-,646.578972,Solenoid_1_FieldVolume
-125.219490,52.493137,4215.500000,-1.059599,0.444193,6.298326,pi-,573.303363,Solenoid_1_FieldVolume
-450.705157,49.151138,8510.000000,-1.857330,0.202549,3.149163,pi-,528.914609,Solenoid_1_FieldVolume
-103.900171,155.723390,380.000000,-2.783083,4.171226,20.469558,pi+,1188.363394,Solenoid_1_FieldVolume
155.947570,86.917790,2080.000000,2.570603,1.432733,12.596651,pi+,1001.358098,Solenoid_1_FieldVolume
-125.377285,-91.971402,5960.000000,-0.775009,-0.568513,4.723744,pi+,502.674660,Solenoid_1_FieldVolume
-36.828208,89.505279,2930.000000,-0.531184,1.290961,11.022070,pi-,998.186787,Solenoid_1_FieldVolume
56.497629,22.330525,7660.000000,0.232823,0.092023,3.149163,pi+,288.117739,Solenoid_1_FieldVolume
-323.129735,249.456469,10645.500000,-1.367151,1.055442,3.149163,mu+,252.735428,Solenoid_1_FieldVolume
79.337792,72.873110,1230.000000,2.125152,1.951988,20.469558,pi+,247.009147,Solenoid_1_FieldVolume
-43.721406,102.586485,2080.000000,-0.720693,1.691012,12.596651,pi-,267.272569,Solenoid_1_FieldVolume
-80.149718,-15.292922,2930.000000,-1.156023,-0.220574,11.022070,pi-,4435.377251,Solenoid_1_FieldVolume
270.377492,-180.294963,6810.000000,1.114210,-0.742985,3.149163,pi-,4395.902754,Solenoid_1_FieldVolume
-125.113965,-80.997946,-470.000000,-3.351318,-2.169621,20.469558,pi+,444.760178,Solenoid_1_FieldVolume
-132.939980,-66.453368,3780.000000,-1.643514,-0.821551,9.447488,pi+,370.329691,Solenoid_1_FieldVolume
70.815721,59.212391,2080.000000,1.167310,0.976043,12.596651,pi+,485.429579,Solenoid_1_FieldVolume
-62.715989,138.902384,2080.000000,-1.033796,2.289635,12.596651,pi+,419.745324,Solenoid_1_FieldVolume
-67.079276,29.005874,-470.000000,-1.796794,0.776955,20.469558,pi+,483.093867,Solenoid_1_FieldVolume
-142.554032,112.425650,2930.000000,-2.056099,1.621548,11.022070,pi+,479.845915,Solenoid_1_FieldVolume
117.201242,8.716301,380.000000,3.139367,0.233476,20.469558,pi-,1040.988712,Solenoid_1_FieldVolume
-158.890496,-56.028594,4215.500000,-1.344520,-0.474110,6.298326,pi-,1040.090838,Solenoid_1_FieldVolume
26.296118,-70.976027,380.000000,0.704371,-1.901172,20.469558,pi-,275.199054,Solenoid_1_FieldVolume
172.825369,-16.311739,4215.500000,1.462436,-0.138029,6.298326,pi-,185.908094,Solenoid_1_FieldVolume
-5.314620,73.008366,-470.000000,-0.142358,1.955611,20.469558,pi+,1061.010782,Solenoid_1_FieldVolume
-45.634715,124.785301,3780.000000,-0.564174,1.542699,9.447488,pi+,1060.360937,Solenoid_1_FieldVolume
-44.717512,-8.420080,6810.000000,-0.184278,-0.034699,3.149163,mu+,643.680199,Solenoid_1_FieldVolume
-44.213183,-91.853694,10645.500000,-0.187064,-0.388630,3.149163,mu+,552.249391,Solenoid_1_FieldVolume
36.862860,354.794079,14940.000000,0.075955,0.731043,1.574581,mu+,388.770821,Solenoid_1_FieldVolume
-16.333688,3.256899,1230.000000,-0.437516,0.087240,20.469558,mu-,313.677386,Solenoid_1_FieldVolume
-118.252828,56.595991,5110.500000,-1.000647,0.478911,6.298326,mu-,312.381069,Solenoid_1_FieldVolume
-28.935339,24.001020,9360.000000,-0.119241,0.098907,3.149163,mu-,311.626263,Solenoid_1_FieldVolume
110.999269,92.529671,13240.000000,0.228711,0.190655,1.574581,mu-,310.599428,Solenoid_1_FieldVolume
43.320843,121.650878,17490.000000,0.089261,0.250658,1.574581,mu-,309.705679,Solenoid_1_FieldVolume
-163.649768,507.461850,2080.000000,-2.697565,8.364883,12.596651,pi-,201.778048,Solenoid_1_FieldVolume
-2.053961,360.993235,1230.000000,-0.055018,9.669609,20.469558,pi-,223.673941,Solenoid_1_FieldVolume
-690.159535,116.960746,-1228.456684,0.000000,-0.000000,20.469558,pi+,207.582292,Solenoid_1_FieldVolume
-121.377090,-204.738848,2930.000000,-1.750658,-2.953009,11.022070,pi+,477.264005,Solenoid_1_FieldVolume
-57.105720,116.172242,2930.000000,-0.823653,1.675586,11.022070,pi-,425.496512,Solenoid_1_FieldVolume
-38.623213,22.241713,-470.000000,-1.034566,0.595769,20.469558,pi+,1028.897387,Solenoid_1_FieldVolume
-73.080860,13.655298,3780.000000,-0.903486,0.168818,9.447488,pi+,1028.014469,Solenoid_1_FieldVolume
86.561609,-63.918824,7660.000000,0.356715,-0.263406,3.149163,pi+,1026.892447,Solenoid_1_FieldVolume
-89.471498,189.741479,11540.500000,-0.189275,0.401395,1.574581,pi+,1025.743301,Solenoid_1_FieldVolume
313.338721,252.614496,15790.000000,0.645625,0.520505,1.574581,pi+,922.957570,Solenoid_1_FieldVolume
-169.153318,-22.590672,380.000000,-4.530961,-0.605116,20.469558,pi+,324.679688,Solenoid_1_FieldVolume
-52.331420,50.869292,380.000000,-1.401756,1.362591,20.469558,pi-,570.069010,Solenoid_1_FieldVolume
-63.809429,36.568633,4215.500000,-0.539951,0.309441,6.298326,pi-,569.301048,Solenoid_1_FieldVolume
-7.332420,36.879476,7660.000000,-0.030216,0.151978,3.149163,mu-,437.710326,Solenoid_1_FieldVolume
-3.225208,33.491300,11540.500000,-0.006823,0.070850,1.574581,mu-,435.672467,Solenoid_1_FieldVolume
-22.396373,45.344875,15790.000000,-0.046147,0.093432,1.574581,mu-,434.995590,Solenoid_1_FieldVolume
-18.101642,-27.461104,2080.000000,-0.298383,-0.452662,12.596651,pi-,1721.827509,Solenoid_1_FieldVolume
63.432798,53.754651,380.000000,1.699119,1.439879,20.469558,mu+,124.157861,Solenoid_1_FieldVolume
73.462760,33.505458,4215.500000,0.621637,0.283521,6.298326,mu+,121.509713,Solenoid_1_FieldVolume
-105.089788,65.600811,1230.000000,-2.814948,1.757191,20.469558,pi+,286.947311,Solenoid_1_FieldVolume
-42.797539,12.151312,-470.000000,-1.146380,0.325487,20.469558,pi-,564.252362,Solenoid_1_FieldVolume
-35.655611,-87.509640,3780.000000,-0.440804,-1.081866,9.447488,pi-,563.553041,Solenoid_1_FieldVolume
-242.781061,219.683117,7660.000000,-1.000487,0.905301,3.149163,pi-,496.159458,Solenoid_1_FieldVolume
-254.830127,190.697650,10645.500000,-1.078177,0.806835,3.149163,mu-,264.504975,Solenoid_1_FieldVolume
60.434841,-86.856455,380.000000,1.618815,-2.326548,20.469558,pi+,374.054996,Solenoid_1_FieldVolume
2.218045,-29.785916,3780.000000,0.027421,-0.368238,9.447488,mu+,263.824228,Solenoid_1_FieldVolume
25.607552,-31.369230,380.000000,0.685927,-0.840260,20.469558,pi+,295.209920,Solenoid_1_FieldVolume
45.680116,-114.061923,4215.500000,0.386542,-0.965184,6.298326,pi+,293.617912,Solenoid_1_FieldVolume
61.474929,-216.672151,1250.000000,-1.130982,3.986216,12.596651,pi-,453.627180,Solenoid_1_FieldVolume
64.006665,-215.615775,1230.000000,1.714490,-5.775510,20.469558,pi-,236.516330,Solenoid_1_FieldVolume
14.246748,75.559378,1230.000000,0.381615,2.023943,20.469558,pi+,1205.839774,Solenoid_1_FieldVolume
-111.234788,-326.252467,5960.000000,-0.687588,-2.016701,4.723744,pi+,312.391989,Solenoid_1_FieldVolume
392.236795,-397.682891,3780.000000,4.849155,-4.916484,9.447488,pi-,1405.664480,Solenoid_1_FieldVolume
203.187380,-99.854928,3780.000000,2.511970,-1.234489,9.447488,pi-,620.213785,Solenoid_1_FieldVolume
101.328774,314.205061,1230.000000,2.714205,8.416335,20.469558,pi+,2377.296547,Solenoid_1_FieldVolume
-225.387746,-96.709495,-513.848024,0.000000,0.000000,20.469558,pi+,390.134232,Solenoid_1_FieldVolume
93.528994,85.525951,1230.000000,2.505279,2.290908,20.469558,pi+,3434.916527,Solenoid_1_FieldVolume
58.987898,-76.439265,380.000000,1.580057,-2.047511,20.469558,pi+,481.403861,Solenoid_1_FieldVolume
9.461091,-56.888019,3780.000000,0.116966,-0.703297,9.447488,mu+,426.429092,Solenoid_1_FieldVolume
-22.564412,39.495444,7660.000000,-0.092987,0.162758,3.149163,mu+,334.917988,Solenoid_1_FieldVolume
-637.096822,222.432822,-520.600552,0.000000,-0.000000,20.469558,pi-,174.597354,Solenoid_1_FieldVolume
-158.083750,171.710850,-470.000000,-4.234450,4.599468,20.469558,pi-,641.444552,Solenoid_1_FieldVolume
-185.779875,183.365720,-450.000000,5.554049,-5.481876,20.469558,pi-,214.849528,Solenoid_1_FieldVolume
33.267309,71.989384,743.042320,-0.000000,-0.000000,20.469558,pi-,1015.712191,Solenoid_1_FieldVolume
82.676137,109.427461,4215.500000,0.699600,0.925968,6.298326,mu-,634.806612,Solenoid_1_FieldVolume
152.212844,85.126436,8510.000000,0.627260,0.350801,3.149163,mu-,253.233307,Solenoid_1_FieldVolume
192.480573,-83.857324,12390.000000,0.396601,-0.172786,1.574581,mu-,224.127199,Solenoid_1_FieldVolume
-47.551322,-110.281305,16640.000000,-0.097978,-0.227231,1.574581,mu-,223.277604,Solenoid_1_FieldVolume
46.921870,-43.285340,-470.000000,1.256855,-1.159446,20.469558,pi+,692.414989,Solenoid_1_FieldVolume
-14.019666,-22.661582,3780.000000,-0.173323,-0.280161,9.447488,pi+,691.717431,Solenoid_1_FieldVolume
-23.840978,67.135214,7660.000000,-0.098247,0.276660,3.149163,pi+,690.622242,Solenoid_1_FieldVolume
46.012561,25.776410,10645.500000,0.194678,0.109059,3.149163,mu+,484.232265,Solenoid_1_FieldVolume
224.441955,308.706346,14940.000000,0.462456,0.636080,1.574581,mu+,374.160853,Solenoid_1_FieldVolume
103.617269,53.035031,2080.000000,1.708003,0.874217,12.596651,pi+,461.926393,Solenoid_1_FieldVolume
-62.724456,-327.547997,380.000000,-1.680145,-8.773740,20.469558,mu+,416.097873,Solenoid_1_FieldVolume
-118.900467,-323.326392,4215.500000,-1.006128,-2.735966,6.298326,mu+,177.267446,Solenoid_1_FieldVolume
-17.188546,-87.412664,1230.000000,-0.460414,-2.341446,20.469558,pi-,584.529262,Solenoid_1_FieldVolume
-146.783967,-144.311643,5110.500000,-1.242076,-1.221155,6.298326,pi-,583.103658,Solenoid_1_FieldVolume
-219.221914,-167.084090,8510.000000,-0.903401,-0.688544,3.149163,mu-,507.266072,Solenoid_1_FieldVolume
60.459817,58.558913,2930.000000,0.872030,0.844612,11.022070,pi+,745.689834,Solenoid_1_FieldVolume
117.005477,4.881364,6810.000000,0.482173,0.020116,3.149163,pi+,744.563331,Solenoid_1_FieldVolume
118.626672,150.877352,10645.500000,0.501905,0.638357,3.149163,pi+,743.833512,Solenoid_1_FieldVolume
-48.218683,-264.434822,14940.000000,-0.099353,-0.544860,1.574581,pi+,742.799856,Solenoid_1_FieldVolume
-402.658173,-572.596189,-1184.084769,0.000000,0.000000,20.469558,pi+,726.880727,Solenoid_1_FieldVolume
126.698378,-97.635669,1230.000000,3.393758,-2.615281,20.469558,pi+,1064.676986,Solenoid_1_FieldVolume
302.904868,374.735257,-470.000000,8.113647,10.037704,20.469558,pi+,258.998811,Solenoid_1_FieldVolume
224.213194,-65.541946,1230.000000,6.005802,-1.755615,20.469558,pi+,777.956749,Solenoid_1_FieldVolume
80.930317,-49.183439,4215.500000,0.684827,-0.416187,6.298326,mu+,326.237527,Solenoid_1_FieldVolume
95.996525,16.150031,8510.000000,0.395596,0.066553,3.149163,mu+,236.589910,Solenoid_1_FieldVolume
-4.697795,-10.976716,2080.000000,-0.077437,-0.180938,12.596651,pi-,1005.170375,Solenoid_1_FieldVolume
-149.487597,-64.886610,5960.000000,-0.924044,-0.401091,4.723744,pi-,1003.976993,Solenoid_1_FieldVolume
52.935593,56.370559,10210.000000,0.218144,0.232300,3.149163,pi-,1003.226440,Solenoid_1_FieldVolume
-61.350982,556.801707,380.000000,-1.643355,14.914558,20.469558,pi+,270.605055,Solenoid_1_FieldVolume
9.315981,-61.341933,-470.000000,0.249539,-1.643112,20.469558,pi+,241.892571,Solenoid_1_FieldVolume
-72.326995,-81.502070,2930.000000,-1.043194,-1.175528,11.022070,mu+,158.988093,Solenoid_1_FieldVolume
-95.239188,61.076195,1230.000000,-2.551088,1.635994,20.469558,mu-,192.007590,Solenoid_1_FieldVolume
-61.333593,50.709090,-470.000000,-1.642889,1.358300,20.469558,pi+,392.322783,Solenoid_1_FieldVolume
44.955522,81.285987,3780.000000,0.555777,1.004924,9.447488,pi+,391.385037,Solenoid_1_FieldVolume
-88.930467,7.573094,1230.000000,-2.382102,0.202854,20.469558,mu-,231.498137,Solenoid_1_FieldVolume
24.582493,47.216391,380.000000,0.658470,1.264744,20.469558,pi+,368.863188,Solenoid_1_FieldVolume
176.372545,119.201849,4215.500000,1.492452,1.008678,6.298326,pi+,314.284520,Solenoid_1_FieldVolume
-78.494530,-52.789627,2080.000000,-1.293886,-0.870172,12.596651,mu+,125.007979,Solenoid_1_FieldVolume
-27.155371,-19.811540,1230.000000,-0.727387,-0.530674,20.469558,pi-,458.361991,Solenoid_1_FieldVolume
100.601999,31.924840,380.000000,2.694737,0.855143,20.469558,mu-,185.366120,Solenoid_1_FieldVolume
-15.537764,47.265883,1230.000000,-0.416196,1.266070,20.469558,pi-,423.938080,Solenoid_1_FieldVolume
-39.392068,56.048428,380.000000,-1.055161,1.501320,20.469558,pi+,188.959413,Solenoid_1_FieldVolume
-61.471555,71.516693,3780.000000,-0.759962,0.884148,9.447488,mu+,146.416180,Solenoid_1_FieldVolume
-22.146256,-80.436335,7660.000000,-0.091263,-0.331473,3.149163,mu+,144.439351,Solenoid_1_FieldVolume
96.035302,-233.393651,11540.500000,0.203161,-0.493740,1.574581,mu+,141.864811,Solenoid_1_FieldVolume
50.642949,-124.810240,15790.000000,0.104348,-0.257168,1.574581,mu+,140.267079,Solenoid_1_FieldVolume
9.188223,131.527494,2080.000000,0.151457,2.168069,12.596651,pi-,185.100713,Solenoid_1_FieldVolume
-12.861973,-59.061355,2930.000000,-0.185512,-0.851859,11.022070,pi+,274.648104,Solenoid_1_FieldVolume
-55.472631,-51.501674,-470.000000,-1.485897,-1.379530,20.469558,pi+,274.557932,Solenoid_1_FieldVolume
-70.738923,49.711456,3780.000000,-0.874533,0.614574,9.447488,pi+,273.514380,Solenoid_1_FieldVolume
-77.628933,38.973860,1230.000000,-2.079378,1.043959,20.469558,mu+,242.160748,Solenoid_1_FieldVolume
-179.221986,-139.756948,2080.000000,-2.954253,-2.303721,12.596651,pi-,701.791621,Solenoid_1_FieldVolume
-462.198164,-155.305275,5960.000000,-2.857037,-0.960006,4.723744,pi-,372.921556,Solenoid_1_FieldVolume
43.370648,41.944453,2930.000000,0.625548,0.604977,11.022070,pi+,869.016630,Solenoid_1_FieldVolume
27.507124,17.010919,380.000000,0.736809,0.455657,20.469558,pi-,327.573565,Solenoid_1_FieldVolume
133.931741,50.493171,4215.500000,1.133321,0.427270,6.298326,pi-,326.217818,Solenoid_1_FieldVolume
-18.413626,137.762099,1230.000000,-0.493230,3.690112,20.469558,pi-,1794.939132,Solenoid_1_FieldVolume
227.377959,-181.989601,6810.000000,0.937011,-0.749968,3.149163,pi-,418.425410,Solenoid_1_FieldVolume
246.268032,-119.092727,10210.000000,1.014856,-0.490774,3.149163,mu-,165.866364,Solenoid_1_FieldVolume
-239.617201,-408.429512,-470.000000,-6.418415,-10.940242,20.469558,pi+,202.790980,Solenoid_1_FieldVolume
64.651480,-150.974275,380.000000,1.731762,-4.044015,20.469558,pi-,3802.199187,Solenoid_1_FieldVolume
-119.012485,-62.856072,4215.500000,-1.007075,-0.531884,6.298326,pi-,3765.652122,Solenoid_1_FieldVolume
-191.686343,-467.075149,8510.000000,-0.789928,-1.924789,3.149163,pi-,3595.403883,Solenoid_1_FieldVolume
11.890223,18.743254,23.247911,-0.000000,-0.000000,20.469558,pi+,149.119957,Solenoid_1_FieldVolume
65.774547,12.019130,2080.000000,1.084212,0.198121,12.596651,mu+,112.820417,Solenoid_1_FieldVolume
75.940677,-4.621520,3780.000000,0.938841,-0.057135,9.447488,mu+,110.003128,Solenoid_1_FieldVolume
-8.154960,-136.233970,380.000000,-0.218440,-3.649180,20.469558,mu-,366.171056,Solenoid_1_FieldVolume
102.444158,-58.856336,2080.000000,1.688666,-0.970174,12.596651,pi-,487.297965,Solenoid_1_FieldVolume
46.165910,-70.527094,380.000000,1.236606,-1.889147,20.469558,pi-,405.320001,Solenoid_1_FieldVolume
-55.357954,-158.232916,4215.500000,-0.468435,-1.338956,6.298326,pi-,404.326842,Solenoid_1_FieldVolume
39.363233,56.305694,-879.865241,-0.000000,-0.000000,20.469558,pi+,281.456945,Solenoid_1_FieldVolume
61.051186,30.671835,2930.000000,0.880559,0.442389,11.022070,mu+,238.005592,Solenoid_1_FieldVolume
112.550958,234.838714,6810.000000,0.463816,0.967757,3.149163,mu+,236.701014,Solenoid_1_FieldVolume
90.924042,181.943688,10645.500000,0.384696,0.769797,3.149163,mu+,190.147741,Solenoid_1_FieldVolume
43.170824,-27.022764,1230.000000,1.156379,-0.723835,20.469558,pi+,273.365835,Solenoid_1_FieldVolume
-78.827663,8.726285,1230.000000,-2.111487,0.233743,20.469558,pi-,628.301540,Solenoid_1_FieldVolume
179.677113,236.610807,5110.500000,1.520415,2.002184,6.298326,pi-,626.517822,Solenoid_1_FieldVolume
-63.534648,37.464308,2080.000000,-1.047290,0.617553,12.596651,mu-,120.428839,Solenoid_1_FieldVolume
75.786594,109.256892,2080.000000,1.249249,1.800965,12.596651,pi+,297.482921,Solenoid_1_FieldVolume
-35.885693,-142.582702,2080.000000,-0.591531,-2.350300,12.596651,pi+,183.458892,Solenoid_1_FieldVolume
-34.262761,50.142311,-1300.000000,1.024315,-1.499047,20.469558,pi+,167.520993,Solenoid_1_FieldVolume
-121.589884,-1.031351,-470.000000,-3.256921,-0.027626,20.469558,pi-,366.817850,Solenoid_1_FieldVolume
-182.184743,-149.917610,1230.000000,-4.880023,-4.015711,20.469558,pi+,408.861622,Solenoid_1_FieldVolume
-112.747077,234.537031,380.000000,-3.020057,6.282337,20.469558,pi-,499.938146,Solenoid_1_FieldVolume
28.418063,-33.743777,-470.000000,0.761210,-0.903865,20.469558,pi+,182.623517,Solenoid_1_FieldVolume
159.023843,96.402328,2799.978487,-0.000000,-0.000000,11.022070,mu+,136.140492,Solenoid_1_FieldVolume
150.650882,89.585039,2877.275935,-0.000000,-0.000000,11.022070,mu+,121.612661,Solenoid_1_FieldVolume
154.035231,84.289691,2373.897233,-0.000000,-0.000000,11.022070,mu+,113.992040,Solenoid_1_FieldVolume
69.878063,65.050907,1880.253969,-0.000000,-0.000000,12.596651,mu+,110.189396,Solenoid_1_FieldVolume
69.904386,62.758904,1605.611177,-0.000000,-0.000000,12.596651,mu+,108.170512,Solenoid_1_FieldVolume
75.965846,61.446533,1517.221849,-0.000000,-0.000000,12.596651,mu+,107.012063,Solenoid_1_FieldVolume
76.252023,56.079075,1492.920886,-0.000000,-0.000000,12.596651,mu+,106.363195,Solenoid_1_FieldVolume
75.417253,57.926796,1484.558604,-0.000000,-0.000000,12.596651,mu+,106.023394,Solenoid_1_FieldVolume
73.967339,59.156971,1481.157226,-0.000000,-0.000000,12.596651,mu+,105.840353,Solenoid_1_FieldVolume
73.006588,57.105100,1480.078376,-0.000000,-0.000000,12.596651,mu+,105.738303,Solenoid_1_FieldVolume
72.498900,57.890168,1479.883699,-0.000000,-0.000000,12.596651,mu+,105.658372,Solenoid_1_FieldVolume
55.206549,30.286209,2080.000000,0.910012,0.499231,12.596651,pi-,1787.863073,Solenoid_1_FieldVolume
241.363785,-108.641875,5960.000000,1.491969,-0.671560,4.723744,pi-,1786.663847,Solenoid_1_FieldVolume
-65.236134,-64.974657,2080.000000,-1.075337,-1.071027,12.596651,mu+,384.020838,Solenoid_1_FieldVolume
15.642886,10.408395,5960.000000,0.096695,0.064339,4.723744,mu+,382.643627,Solenoid_1_FieldVolume
-44.613591,-118.575869,10210.000000,-0.183850,-0.488644,3.149163,mu+,381.434764,Solenoid_1_FieldVolume
62.739828,-199.210601,14090.000000,0.129274,-0.410468,1.574581,mu+,312.072309,Solenoid_1_FieldVolume
32.927540,102.332872,-470.000000,0.882001,2.741101,20.469558,pi+,509.197068,Solenoid_1_FieldVolume
19.210964,152.878491,3780.000000,0.237502,1.890010,9.447488,pi+,508.105703,Solenoid_1_FieldVolume
-277.719151,-329.385435,7660.000000,-1.144464,-1.357378,3.149163,pi+,427.300288,Solenoid_1_FieldVolume
184.393148,61.942186,1230.000000,4.939177,1.659191,20.469558,pi+,1729.407196,Solenoid_1_FieldVolume
350.054165,-210.151191,-470.000000,9.376593,-5.629135,20.469558,mu+,275.189488,Solenoid_1_FieldVolume
68.031691,39.759713,380.000000,1.822305,1.065008,20.469558,pi-,780.285583,Solenoid_1_FieldVolume
136.310732,54.981633,4215.500000,1.153452,0.465251,6.298326,pi-,779.551828,Solenoid_1_FieldVolume
-8.368697,74.945720,-470.000000,-0.224165,2.007505,20.469558,pi-,182.970891,Solenoid_1_FieldVolume
7.219437,24.437869,3780.000000,0.089253,0.302121,9.447488,pi-,180.811852,Solenoid_1_FieldVolume
5.030494,17.145520,2080.000000,0.082921,0.282623,12.596651,pi-,1641.360975,Solenoid_1_FieldVolume
-15.034869,31.039605,5110.500000,-0.127224,0.262655,6.298326,mu-,1061.146828,Solenoid_1_FieldVolume
23.324113,-17.741778,9360.000000,0.096117,-0.073113,3.149163,mu-,1060.300606,Solenoid_1_FieldVolume
-32.238994,70.938316,13240.000000,-0.066428,0.146166,1.574581,mu-,1058.528169,Solenoid_1_FieldVolume
-108.507497,-6.935175,17490.000000,-0.223577,-0.014290,1.574581,mu-,1057.841757,Solenoid_1_FieldVolume
-28.524857,0.767752,-470.000000,-0.764070,0.020565,20.469558,pi+,875.096727,Solenoid_1_FieldVolume
-162.774105,-15.858815,3780.000000,-2.012348,-0.196060,9.447488,pi+,874.217509,Solenoid_1_FieldVolume
-143.599589,-180.444974,7660.000000,-0.591765,-0.743603,3.149163,pi+,873.029404,Solenoid_1_FieldVolume
65.161502,-328.248517,10210.000000,0.268527,-1.352693,3.149163,pi-,398.652711,Solenoid_1_FieldVolume
48.601918,13.835818,-734.099503,-0.000000,-0.000000,20.469558,pi+,301.497620,Solenoid_1_FieldVolume
55.931387,33.972316,2930.000000,0.806715,0.489993,11.022070,mu+,259.332428,Solenoid_1_FieldVolume
161.277395,73.691309,6810.000000,0.664615,0.303678,3.149163,mu+,258.054197,Solenoid_1_FieldVolume
196.205313,-42.219976,10645.500000,0.830138,-0.178631,3.149163,mu+,257.197532,Solenoid_1_FieldVolume
-70.877011,-28.790905,14940.000000,-0.146040,-0.059323,1.574581,mu+,255.867601,Solenoid_1_FieldVolume
-173.873874,-61.986650,5960.000000,-1.074786,-0.383165,4.723744,pi-,409.846325,Solenoid_1_FieldVolume
-159.619436,-169.367854,10210.000000,-0.657782,-0.697955,3.149163,mu-,197.154023,Solenoid_1_FieldVolume
-48.098409,-274.770376,1230.000000,-1.288370,-7.360033,20.469558,mu-,786.937849,Solenoid_1_FieldVolume
8.296463,68.480248,1230.000000,0.222230,1.834320,20.469558,pi+,282.435619,Solenoid_1_FieldVolume
239.886312,-37.674594,1230.000000,6.425624,-1.009156,20.469558,pi-,1220.216012,Solenoid_1_FieldVolume
230.207455,65.791898,3780.000000,2.846015,0.813374,9.447488,pi-,1072.352123,Solenoid_1_FieldVolume
-89.563549,-574.190085,-470.000000,-2.399060,-15.380325,20.469558,pi+,589.917020,Solenoid_1_FieldVolume
36.200214,-83.178975,2930.000000,0.522126,-1.199715,11.022070,pi+,2099.610096,Solenoid_1_FieldVolume
51.124401,121.597362,6810.000000,0.210681,0.501096,3.149163,pi+,2098.469256,Solenoid_1_FieldVolume
279.978386,11.600293,10645.500000,1.184579,0.049080,3.149163,pi+,2046.051230,Solenoid_1_FieldVolume
-93.169718,-21.154438,380.000000,-2.495655,-0.566645,20.469558,pi-,351.855474,Solenoid_1_FieldVolume
-88.150683,-92.617346,4215.500000,-0.745925,-0.783722,6.298326,pi-,350.903819,Solenoid_1_FieldVolume
145.277825,-43.149084,8510.000000,0.598681,-0.177815,3.149163,pi-,349.605187,Solenoid_1_FieldVolume
-101.629271,310.021811,12390.000000,-0.209404,0.638791,1.574581,pi-,348.371590,Solenoid_1_FieldVolume
-172.796313,305.103164,15790.000000,-0.356042,0.628656,1.574581,pi-,262.820393,Solenoid_1_FieldVolume
30.565944,74.748916,-142.302706,-0.000000,-0.000000,20.469558,pi-,463.635976,Solenoid_1_FieldVolume
101.249043,84.243387,3780.000000,1.251724,1.041486,9.447488,mu-,435.663164,Solenoid_1_FieldVolume
-137.660008,-118.338717,7660.000000,-0.567289,-0.487667,3.149163,mu-,385.530184,Solenoid_1_FieldVolume
164.486443,71.480264,2930.000000,2.372436,1.030981,11.022070,pi+,239.003750,Solenoid_1_FieldVolume
41.548782,-48.585630,2930.000000,0.599270,-0.700765,11.022070,pi+,1412.351124,Solenoid_1_FieldVolume
-19.021191,157.103250,6810.000000,-0.078385,0.647413,3.149163,pi+,1410.811915,Solenoid_1_FieldVolume
160.216815,-109.291311,10645.500000,0.677872,-0.462408,3.149163,pi+,1410.088084,Solenoid_1_FieldVolume
-184.512273,-243.392676,14940.000000,-0.380182,-0.501504,1.574581,pi+,1333.019885,Solenoid_1_FieldVolume
49.886819,111.786449,380.000000,1.336274,2.994325,20.469558,pi-,1097.389557,Solenoid_1_FieldVolume
4.354769,241.750737,3780.000000,0.053837,2.988722,9.447488,pi-,1096.188689,Solenoid_1_FieldVolume
-44.044984,148.157997,380.000000,-1.179794,3.968578,20.469558,pi-,2363.790850,Solenoid_1_FieldVolume
-277.387577,-41.788253,380.000000,-7.430137,-1.119345,20.469558,pi-,1500.607568,Solenoid_1_FieldVolume
296.808553,-494.389621,6810.000000,1.223131,-2.037351,3.149163,pi-,1250.615088,Solenoid_1_FieldVolume
-2.681345,-3.087250,380.000000,-0.071823,-0.082695,20.469558,pi+,734.339855,Solenoid_1_FieldVolume
-72.983314,99.322570,4215.500000,-0.617580,0.840461,6.298326,pi+,733.462328,Solenoid_1_FieldVolume
-34.266640,25.883454,-470.000000,-0.917870,0.693317,20.469558,mu-,277.293004,Solenoid_1_FieldVolume
-31.601659,27.205888,3780.000000,-0.390686,0.336342,9.447488,mu-,276.125905,Solenoid_1_FieldVolume
62.986785,74.295915,2080.000000,1.038259,1.224677,12.596651,pi-,385.754598,Solenoid_1_FieldVolume
39.335338,1.644240,380.000000,1.053641,0.044043,20.469558,pi+,967.679675,Solenoid_1_FieldVolume
-41.017016,-251.997185,4215.500000,-0.347083,-2.132383,6.298326,pi+,866.111057,Solenoid_1_FieldVolume
-6.969257,60.942833,1230.000000,-0.186679,1.632422,20.469558,pi+,613.779411,Solenoid_1_FieldVolume
-54.593392,-184.183874,5110.500000,-0.461966,-1.558551,6.298326,pi+,612.404238,Solenoid_1_FieldVolume
-77.273625,-311.614542,8510.000000,-0.318440,-1.284145,3.149163,mu+,541.999074,Solenoid_1_FieldVolume
-120.562019,158.805827,380.000000,-3.229389,4.253792,20.469558,mu+,151.345890,Solenoid_1_FieldVolume
-1.770294,-98.544577,-476.803158,0.000000,0.000000,20.469558,pi-,259.068546,Solenoid_1_FieldVolume
51.346855,-101.571323,2930.000000,0.740591,-1.464993,11.022070,mu-,189.218705,Solenoid_1_FieldVolume
162.870917,68.895733,380.000000,4.362680,1.845449,20.469558,pi+,755.671371,Solenoid_1_FieldVolume
143.397062,264.642229,4215.500000,1.213416,2.239384,6.298326,pi+,694.856231,Solenoid_1_FieldVolume
-55.739670,109.907069,1230.000000,-1.493050,2.943984,20.469558,pi+,1135.820127,Solenoid_1_FieldVolume
183.014205,-64.382447,5110.500000,1.548654,-0.544800,6.298326,pi+,1134.632280,Solenoid_1_FieldVolume
197.295502,-44.977802,4771.313418,-0.000000,0.000000,6.298326,pi+,144.537041,Solenoid_1_FieldVolume
192.471216,-44.172551,5039.463467,-0.000000,0.000000,6.298326,mu+,113.267248,Solenoid_1_FieldVolume
19.204160,512.127537,-470.000000,0.514405,13.717910,20.469558,pi+,389.975492,Solenoid_1_FieldVolume
67.339122,-37.662244,2080.000000,1.110002,-0.620816,12.596651,mu+,225.572400,Solenoid_1_FieldVolume
-32.786092,-19.455261,2930.000000,-0.472883,-0.280609,11.022070,pi-,275.146246,Solenoid_1_FieldVolume
84.586036,110.957636,1230.000000,2.265732,2.972125,20.469558,pi+,982.493846,Solenoid_1_FieldVolume
-88.255617,11.649188,5110.500000,-0.746813,0.098575,6.298326,pi+,980.456364,Solenoid_1_FieldVolume
103.275805,85.953873,2930.000000,1.489577,1.239738,11.022070,pi-,625.843683,Solenoid_1_FieldVolume
-133.752332,-2.926662,2080.000000,-2.204742,-0.048242,12.596651,pi+,1091.235676,Solenoid_1_FieldVolume
-6.733629,-63.518497,-470.000000,-0.180368,-1.701414,20.469558,pi+,879.825711,Solenoid_1_FieldVolume
74.142462,-5.489114,3780.000000,0.916610,-0.067861,9.447488,pi+,878.996401,Solenoid_1_FieldVolume
-79.563755,74.489938,7660.000000,-0.327878,0.306969,3.149163,pi+,808.264608,Solenoid_1_FieldVolume
22.637137,-65.070506,1230.000000,0.606361,-1.742986,20.469558,mu+,193.146830,Solenoid_1_FieldVolume
7.640172,-41.127859,-470.000000,0.204651,-1.101656,20.469558,pi+,325.677477,Solenoid_1_FieldVolume
-13.099416,9.954382,3780.000000,-0.161946,0.123064,9.447488,pi+,324.343850,Solenoid_1_FieldVolume
-23.648593,69.431357,1230.000000,-0.633454,1.859797,20.469558,pi+,382.937412,Solenoid_1_FieldVolume
-47.595807,-185.540927,5110.500000,-0.402752,-1.570035,6.298326,pi+,381.604317,Solenoid_1_FieldVolume
-40.883636,-291.807716,5980.000000,0.188039,1.342129,3.149163,pi-,218.429775,Solenoid_1_FieldVolume
-15.937222,70.957403,380.000000,-0.426896,1.900674,20.469558,pi-,344.682012,Solenoid_1_FieldVolume
-1.694775,135.375568,4215.500000,-0.014341,1.145539,6.298326,pi-,343.666579,Solenoid_1_FieldVolume
-131.816140,120.242084,292.700907,0.000000,-0.000000,20.469558,pi-,198.564021,Solenoid_1_FieldVolume
-6.574490,58.627302,-1300.000000,0.196550,-1.752714,20.469558,pi-,185.466237,Solenoid_1_FieldVolume
-53.658765,12.359397,1230.000000,-1.437310,0.331060,20.469558,pi+,2184.639953,Solenoid_1_FieldVolume
34.692480,-4.044028,1230.000000,0.929277,-0.108324,20.469558,pi-,239.254079,Solenoid_1_FieldVolume
-6.535337,-33.928845,-470.000000,-0.175056,-0.908822,20.469558,pi+,971.547979,Solenoid_1_FieldVolume
-37.969004,-33.856981,3780.000000,-0.469404,-0.418568,9.447488,pi+,970.586295,Solenoid_1_FieldVolume
59.207101,-88.772371,7660.000000,0.243989,-0.365826,3.149163,pi+,969.103691,Solenoid_1_FieldVolume
-9.466100,116.093512,11540.500000,-0.020025,0.245594,1.574581,pi+,967.366265,Solenoid_1_FieldVolume
300.844806,-14.087721,15790.000000,0.619882,-0.029027,1.574581,pi+,966.660959,Solenoid_1_FieldVolume
-28.365976,-112.555909,2080.000000,-0.467578,-1.855345,12.596651,mu-,357.603237,Solenoid_1_FieldVolume
111.688751,-22.972279,-470.000000,2.991708,-0.615338,20.469558,pi+,517.783787,Solenoid_1_FieldVolume
118.462764,-33.241734,3780.000000,1.464534,-0.410962,9.447488,pi+,516.226475,Solenoid_1_FieldVolume
18.723783,6.749612,380.000000,0.501538,0.180796,20.469558,pi-,1132.295046,Solenoid_1_FieldVolume
18.068407,37.623959,4215.500000,0.152894,0.318371,6.298326,pi-,1131.522729,Solenoid_1_FieldVolume
-43.895653,-96.324665,7660.000000,-0.180891,-0.396948,3.149163,mu-,1027.533918,Solenoid_1_FieldVolume
49.328090,130.416636,11540.500000,0.104353,0.275894,1.574581,mu-,1026.037321,Solenoid_1_FieldVolume
-309.305992,17.536987,15790.000000,-0.637316,0.036134,1.574581,mu-,950.818589,Solenoid_1_FieldVolume
73.631316,-29.491078,380.000000,1.972297,-0.789952,20.469558,pi+,844.332831,Solenoid_1_FieldVolume
162.686532,-44.661530,3780.000000,2.011265,-0.552143,9.447488,pi+,840.847960,Solenoid_1_FieldVolume
-130.712215,-214.841253,380.000000,-3.501273,-5.754764,20.469558,pi-,605.900158,Solenoid_1_FieldVolume
49.494577,33.392477,380.000000,1.325768,0.894455,20.469558,pi+,1799.286968,Solenoid_1_FieldVolume
-139.349968,32.112880,4215.500000,-1.179170,0.271737,6.298326,pi+,1755.106532,Solenoid_1_FieldVolume
694.836264,88.897782,4159.476979,-0.000000,-0.000000,6.298326,pi+,367.824250,Solenoid_1_FieldVolume
41.884035,5.619436,-470.000000,1.121911,0.150523,20.469558,pi+,546.987053,Solenoid_1_FieldVolume
-70.715741,36.183871,3780.000000,-0.874246,0.447335,9.447488,pi+,481.323631,Solenoid_1_FieldVolume
-47.593588,-285.733593,-470.000000,-1.274848,-7.653695,20.469558,pi+,1973.231805,Solenoid_1_FieldVolume
-55.845259,-6.900966,380.000000,-1.495878,-0.184850,20.469558,pi-,361.663778,Solenoid_1_FieldVolume
-22.112363,71.035762,3780.000000,-0.273371,0.878203,9.447488,mu-,162.180298,Solenoid_1_FieldVolume
0.923420,-147.717727,2080.000000,0.015221,-2.434945,12.596651,pi+,875.407964,Solenoid_1_FieldVolume
-130.119980,342.556026,5960.000000,-0.804325,2.117480,4.723744,pi+,833.947019,Solenoid_1_FieldVolume
102.995369,87.750824,-470.000000,2.758846,2.350504,20.469558,pi+,372.692809,Solenoid_1_FieldVolume
30.030903,57.536225,1230.000000,0.804411,1.541172,20.469558,pi-,473.218223,Solenoid_1_FieldVolume
-98.018128,359.487481,6810.000000,-0.403927,1.481427,3.149163,pi-,302.334364,Solenoid_1_FieldVolume
-109.212615,-39.614052,380.000000,-2.925382,-1.061107,20.469558,pi-,1030.760955,Solenoid_1_FieldVolume
107.556159,-14.094739,4215.500000,0.910133,-0.119269,6.298326,pi-,1029.924860,Solenoid_1_FieldVolume
-162.058091,-244.198839,8510.000000,-0.667832,-1.006329,3.149163,pi-,876.181781,Solenoid_1_FieldVolume
-161.594452,201.661813,2080.000000,-2.663685,3.324146,12.596651,pi-,376.481020,Solenoid_1_FieldVolume
5.414160,353.980724,380.000000,0.145024,9.481771,20.469558,pi+,593.348585,Solenoid_1_FieldVolume
455.970198,-265.285540,233.423432,-0.000000,0.000000,20.469558,pi-,169.251952,Solenoid_1_FieldVolume
119.146429,113.055902,380.000000,3.191471,3.028329,20.469558,pi+,619.981127,Solenoid_1_FieldVolume
-38.833850,72.776478,4215.500000,-0.328609,0.615830,6.298326,pi+,477.710726,Solenoid_1_FieldVolume
-212.217878,-181.269104,380.000000,-5.684494,-4.855496,20.469558,pi+,266.386896,Solenoid_1_FieldVolume
-138.220508,-142.049163,-1295.106207,0.000000,0.000000,20.469558,pi-,1095.732821,Solenoid_1_FieldVolume
-45.376010,-177.422658,2930.000000,-0.654472,-2.559019,11.022070,mu-,577.910380,Solenoid_1_FieldVolume
35.759453,-164.152146,6810.000000,0.147363,-0.676461,3.149163,mu-,482.409842,Solenoid_1_FieldVolume
12.234677,47.553968,10645.500000,0.051764,0.201199,3.149163,mu-,481.262857,Solenoid_1_FieldVolume
-101.828007,61.449906,14940.000000,-0.209814,0.126616,1.574581,mu-,369.524335,Solenoid_1_FieldVolume
130.183879,-57.510026,2930.000000,1.877680,-0.829484,11.022070,pi+,480.395733,Solenoid_1_FieldVolume
-199.082665,12.948934,6810.000000,-0.820408,0.053362,3.149163,pi+,437.716400,Solenoid_1_FieldVolume
144.370779,-110.054417,10645.500000,0.610828,-0.465636,3.149163,pi+,436.949659,Solenoid_1_FieldVolume
16.871825,-25.412606,1230.000000,0.451931,-0.680705,20.469558,pi-,1130.314610,Solenoid_1_FieldVolume
-20.503878,21.017470,380.000000,-0.549219,0.562976,20.469558,pi+,2023.460035,Solenoid_1_FieldVolume
201.101398,-104.229101,4215.500000,1.701706,-0.881979,6.298326,pi+,1985.294259,Solenoid_1_FieldVolume
387.878799,186.988295,-470.000000,10.389769,5.008691,20.469558,pi+,249.708643,Solenoid_1_FieldVolume
-30.853578,-45.266232,1230.000000,-0.826448,-1.212507,20.469558,pi-,478.605089,Solenoid_1_FieldVolume
175.155518,-115.105641,4215.500000,1.482154,-0.974016,6.298326,mu-,321.131715,Solenoid_1_FieldVolume
-51.975018,-154.585345,5110.500000,-0.439809,-1.308091,6.298326,pi+,202.749558,Solenoid_1_FieldVolume
-33.902800,-245.792810,5960.000000,-0.209567,-1.519347,4.723744,pi-,501.634899,Solenoid_1_FieldVolume
130.222979,107.075696,2080.000000,2.146565,1.765011,12.596651,pi+,1166.305794,Solenoid_1_FieldVolume
13.528935,164.037921,1230.000000,0.362388,4.393940,20.469558,pi+,2087.682988,Solenoid_1_FieldVolume
-169.384426,66.751148,4215.500000,-1.433319,0.564844,6.298326,pi+,198.170794,Solenoid_1_FieldVolume
107.829480,-32.163707,20.959436,-0.000000,0.000000,20.469558,mu+,113.526532,Solenoid_1_FieldVolume
113.671671,-40.940285,296.048390,-0.000000,0.000000,20.469558,mu+,110.013386,Solenoid_1_FieldVolume
-8.013400,3.309653,440.079611,0.000000,-0.000000,20.469558,mu+,107.885443,Solenoid_1_FieldVolume
-6.283310,1.570341,486.581414,0.000000,-0.000000,20.469558,mu+,106.816982,Solenoid_1_FieldVolume
-11.779280,0.100370,506.303241,0.000000,-0.000000,20.469558,mu+,106.278806,Solenoid_1_FieldVolume
-9.663507,-1.520325,512.716628,0.000000,0.000000,20.469558,mu+,105.986900,Solenoid_1_FieldVolume
-10.816784,-0.633585,515.642512,0.000000,0.000000,20.469558,mu+,105.817783,Solenoid_1_FieldVolume
-9.343028,-0.629961,516.115889,0.000000,0.000000,20.469558,mu+,105.721289,Solenoid_1_FieldVolume
-9.934294,-0.795378,516.219610,0.000000,0.000000,20.469558,mu+,105.658372,Solenoid_1_FieldVolume
-126.871313,638.826955,-470.000000,-3.398390,17.111696,20.469558,pi-,438.832206,Solenoid_1_FieldVolume
38.016237,-81.156425,-470.000000,1.018308,-2.173866,20.469558,pi+,313.197496,Solenoid_1_FieldVolume
62.785993,-110.720384,3780.000000,0.776212,-1.368817,9.447488,pi+,312.135203,Solenoid_1_FieldVolume
-154.540478,-20.487326,1230.000000,-4.139540,-0.548776,20.469558,mu-,422.702370,Solenoid_1_FieldVolume
-82.923321,16.003790,1230.000000,-2.221194,0.428679,20.469558,pi+,708.552665,Solenoid_1_FieldVolume
57.905537,-70.796218,-470.000000,1.551065,-1.896356,20.469558,pi-,437.155312,Solenoid_1_FieldVolume
-5.317400,-42.067601,2930.000000,-0.076694,-0.606753,11.022070,mu-,265.129685,Solenoid_1_FieldVolume
-115.915499,197.295803,6810.000000,-0.477681,0.813044,3.149163,mu-,263.620982,Solenoid_1_FieldVolume
28.554111,-142.815805,10645.500000,0.120811,-0.604249,3.149163,mu-,261.921404,Solenoid_1_FieldVolume
-25.544345,-102.934148,380.000000,-0.684234,-2.757207,20.469558,mu+,221.091777,Solenoid_1_FieldVolume
171.379141,350.851297,2930.000000,2.471852,5.060432,11.022070,pi-,334.600710,Solenoid_1_FieldVolume
22.623098,45.248831,2930.000000,0.326300,0.652637,11.022070,pi-,629.759309,Solenoid_1_FieldVolume
-73.806973,6.325640,2930.000000,-1.064540,0.091237,11.022070,pi+,871.688926,Solenoid_1_FieldVolume
23.035200,-21.356207,2930.000000,0.332243,-0.308027,11.022070,pi-,984.370025,Solenoid_1_FieldVolume
2.116316,-104.403277,6810.000000,0.008721,-0.430240,3.149163,pi-,983.117393,Solenoid_1_FieldVolume
-47.852948,91.864317,10645.500000,-0.202464,0.388675,3.149163,pi-,982.363739,Solenoid_1_FieldVolume
-139.738906,-256.421684,14940.000000,-0.287928,-0.528349,1.574581,pi-,981.280622,Solenoid_1_FieldVolume
-30.858192,-50.637416,2080.000000,-0.508659,-0.834695,12.596651,mu-,236.147693,Solenoid_1_FieldVolume
-386.811270,390.499213,10645.500000,-1.636585,1.652189,3.149163,pi+,693.266898,Solenoid_1_FieldVolume
14.076550,124.634020,-470.000000,0.377056,3.338462,20.469558,pi+,691.199990,Solenoid_1_FieldVolume
230.666803,256.311063,3780.000000,2.851693,3.168729,9.447488,pi+,540.034603,Solenoid_1_FieldVolume
214.158851,65.744853,1230.000000,5.736485,1.761050,20.469558,pi-,1551.437562,Solenoid_1_FieldVolume
-70.482764,120.719266,2080.000000,-1.161821,1.989908,12.596651,pi-,1620.724926,Solenoid_1_FieldVolume
149.678402,582.356766,2080.000000,2.467264,9.599433,12.596651,mu+,231.815014,Solenoid_1_FieldVolume
72.025290,37.107492,2930.000000,1.038842,0.535212,11.022070,pi+,709.216341,Solenoid_1_FieldVolume
153.410618,-46.392426,6810.000000,0.632196,-0.191180,3.149163,pi+,672.835744,Solenoid_1_FieldVolume
218.336981,14.302869,10645.500000,0.923776,0.060515,3.149163,pi+,636.922165,Solenoid_1_FieldVolume
-37.375911,95.992871,-470.000000,-1.001156,2.571277,20.469558,pi+,1148.120092,Solenoid_1_FieldVolume
-107.255915,-96.525365,-470.000000,-2.872970,-2.585540,20.469558,pi+,605.230946,Solenoid_1_FieldVolume
49.337774,-111.705175,2930.000000,0.711613,-1.611157,11.022070,mu+,435.883478,Solenoid_1_FieldVolume
-19.221759,-65.464895,380.000000,-0.514876,-1.753551,20.469558,pi+,442.085554,Solenoid_1_FieldVolume
-33.505040,-103.279438,3780.000000,-0.414217,-1.276826,9.447488,mu+,319.233145,Solenoid_1_FieldVolume
-31.910087,-56.792591,7660.000000,-0.131500,-0.234039,3.149163,mu+,317.994542,Solenoid_1_FieldVolume
21.587571,-151.866946,11540.500000,0.045668,-0.321272,1.574581,mu+,316.443889,Solenoid_1_FieldVolume
3.042494,-160.013705,15790.000000,0.006269,-0.329704,1.574581,mu+,315.684866,Solenoid_1_FieldVolume
-54.102523,98.748919,-470.000000,-1.449197,2.645101,20.469558,pi+,581.516273,Solenoid_1_FieldVolume
-74.694387,110.838285,2930.000000,-1.077339,1.598653,11.022070,mu+,399.181104,Solenoid_1_FieldVolume
-203.616295,-40.952640,6810.000000,-0.839091,-0.168763,3.149163,mu+,310.875521,Solenoid_1_FieldVolume
-54.399033,18.965506,10645.500000,-0.230160,0.080242,3.149163,mu+,310.028942,Solenoid_1_FieldVolume
143.226427,-408.254593,14940.000000,0.295114,-0.841197,1.574581,mu+,125.274749,Solenoid_1_FieldVolume
-22.702133,41.396173,380.000000,-0.608102,1.108843,20.469558,pi+,368.053372,Solenoid_1_FieldVolume
-94.888928,-46.570307,4215.500000,-0.802944,-0.394075,6.298326,pi+,367.198826,Solenoid_1_FieldVolume
-359.748549,-57.975516,8510.000000,-1.482503,-0.238914,3.149163,pi+,277.224274,Solenoid_1_FieldVolume
-109.528314,26.772440,-470.000000,-2.933839,0.717130,20.469558,pi+,540.283278,Solenoid_1_FieldVolume
-41.330483,6.873842,3780.000000,-0.510962,0.084980,9.447488,pi+,539.320631,Solenoid_1_FieldVolume
16.047950,-39.202842,2930.000000,0.231464,-0.565434,11.022070,pi+,1130.665501,Solenoid_1_FieldVolume
303.241065,-97.440733,5110.500000,2.566005,-0.824537,6.298326,pi-,288.834711,Solenoid_1_FieldVolume
178.958392,365.090271,8510.000000,0.737477,1.504516,3.149163,pi-,416.449719,Solenoid_1_FieldVolume
-3.806879,20.664964,380.000000,-0.101972,0.553534,20.469558,pi+,992.375426,Solenoid_1_FieldVolume
25.680981,-1.757103,4215.500000,0.217311,-0.014868,6.298326,pi+,991.558242,Solenoid_1_FieldVolume
-12.841177,61.879442,8510.000000,-0.052918,0.255002,3.149163,pi+,990.075605,Solenoid_1_FieldVolume
5.445039,-100.323964,12390.000000,0.011219,-0.206715,1.574581,pi+,986.486728,Solenoid_1_FieldVolume
-191.402561,-28.805546,16640.000000,-0.394379,-0.059353,1.574581,pi+,985.672056,Solenoid_1_FieldVolume
90.732862,-72.150950,2080.000000,1.495619,-1.189319,12.596651,pi-,377.094383,Solenoid_1_FieldVolume
-65.895539,12.378564,1230.000000,-1.765086,0.331574,20.469558,mu+,194.950624,Solenoid_1_FieldVolume
75.357268,-50.379618,2930.000000,1.086900,-0.726640,11.022070,pi+,511.752409,Solenoid_1_FieldVolume
-170.447979,51.981133,380.000000,-4.565640,1.392373,20.469558,pi-,1254.970401,Solenoid_1_FieldVolume
-368.461560,-15.203829,4215.500000,-3.117896,-0.128654,6.298326,pi-,1109.882723,Solenoid_1_FieldVolume
-77.765908,140.158842,380.000000,-2.083047,3.754312,20.469558,mu+,223.609860,Solenoid_1_FieldVolume
-18.590530,18.433730,-470.000000,-0.497968,0.493768,20.469558,pi-,509.419658,Solenoid_1_FieldVolume
-13.135135,36.211284,3780.000000,-0.162387,0.447674,9.447488,pi-,508.744946,Solenoid_1_FieldVolume
-1.464259,-219.541731,7660.000000,-0.006034,-0.904719,3.149163,pi-,506.947093,Solenoid_1_FieldVolume
3.538486,12.481996,2930.000000,0.051037,0.180032,11.022070,pi+,653.291478,Solenoid_1_FieldVolume
46.209271,-0.891415,6810.000000,0.190426,-0.003673,3.149163,pi+,652.144796,Solenoid_1_FieldVolume
50.096930,50.462802,10645.500000,0.211958,0.213506,3.149163,pi+,651.466576,Solenoid_1_FieldVolume
-208.434561,-151.237657,14940.000000,-0.429473,-0.311621,1.574581,pi+,650.424028,Solenoid_1_FieldVolume
47.698943,151.520472,380.000000,1.277670,4.058646,20.469558,pi+,639.251670,Solenoid_1_FieldVolume
-39.072938,107.825485,4215.500000,-0.330632,0.912412,6.298326,pi+,573.612292,Solenoid_1_FieldVolume
-278.493744,111.077096,5110.500000,-2.356595,0.939927,6.298326,pi+,293.195403,Solenoid_1_FieldVolume
-293.635578,5.023976,8510.000000,-1.210055,0.020704,3.149163,mu+,152.210800,Solenoid_1_FieldVolume
-39.344006,126.998255,380.000000,-1.053873,3.401791,20.469558,pi-,1185.793750,Solenoid_1_FieldVolume
-105.865164,172.665372,4215.500000,-0.895824,1.461082,6.298326,pi-,1185.009320,Solenoid_1_FieldVolume
175.998997,-2.603234,380.000000,4.714330,-0.069731,20.469558,pi+,423.931474,Solenoid_1_FieldVolume
47.529764,103.593630,380.000000,1.273138,2.774872,20.469558,pi-,830.988191,Solenoid_1_FieldVolume
44.473622,39.477615,4215.500000,0.376333,0.334057,6.298326,pi-,830.084461,Solenoid_1_FieldVolume
-25.375777,24.124042,8510.000000,-0.104572,0.099414,3.149163,pi-,685.139463,Solenoid_1_FieldVolume
-53.430101,18.006053,-470.000000,-1.431185,0.482312,20.469558,mu+,236.670622,Solenoid_1_FieldVolume
-72.362107,-8.349640,3780.000000,-0.894600,-0.103225,9.447488,mu+,235.469425,Solenoid_1_FieldVolume
-88.784621,-13.684937,2080.000000,-1.463505,-0.225579,12.596651,pi-,467.881726,Solenoid_1_FieldVolume
-175.670659,-54.879448,5960.000000,-1.085893,-0.339232,4.723744,pi-,466.764153,Solenoid_1_FieldVolume
-118.750413,-478.391008,4215.500000,-1.004858,-4.048112,6.298326,pi+,311.604514,Solenoid_1_FieldVolume
445.559372,-7.047743,2930.000000,6.426434,-0.101652,11.022070,pi+,609.633147,Solenoid_1_FieldVolume
430.527825,-70.184214,400.000000,-12.870999,2.098217,20.469558,pi+,235.618096,Solenoid_1_FieldVolume
29.566050,32.113005,-470.000000,0.791960,0.860183,20.469558,pi+,1042.579811,Solenoid_1_FieldVolume
44.712875,65.239475,3780.000000,0.552777,0.806544,9.447488,pi+,1041.563777,Solenoid_1_FieldVolume
-114.766668,-2.890366,7660.000000,-0.472947,-0.011911,3.149163,pi+,1040.271599,Solenoid_1_FieldVolume
179.265919,-19.151747,11540.500000,0.379234,-0.040515,1.574581,pi+,1039.109899,Solenoid_1_FieldVolume
94.917419,-312.061066,15230.554825,-0.000000,0.000000,1.574581,pi+,929.415763,Solenoid_1_FieldVolume
1.851410,-72.393869,-470.000000,0.049592,-1.939151,20.469558,pi+,246.106198,Solenoid_1_FieldVolume
-0.410021,-74.989259,3780.000000,-0.005069,-0.927079,9.447488,pi+,245.055225,Solenoid_1_FieldVolume
15.728019,14.748123,7660.000000,0.064814,0.060776,3.149163,pi+,243.406930,Solenoid_1_FieldVolume
246.205482,-19.297240,11540.500000,0.520843,-0.040823,1.574581,pi+,241.594418,Solenoid_1_FieldVolume
75.756145,-21.299382,15790.000000,0.156093,-0.043887,1.574581,pi+,240.688426,Solenoid_1_FieldVolume
-172.863668,305.846016,2950.000000,2.385188,-4.220091,9.447488,mu-,182.912609,Solenoid_1_FieldVolume
109.016145,41.655148,2080.000000,1.796997,0.686634,12.596651,mu-,126.645401,Solenoid_1_FieldVolume
13.938827,30.321349,5960.000000,0.086162,0.187429,4.723744,mu-,122.880849,Solenoid_1_FieldVolume
36.285972,8.684650,10210.000000,0.149532,0.035789,3.149163,mu-,120.213819,Solenoid_1_FieldVolume
-55.672787,54.471573,14090.000000,-0.114712,0.112237,1.574581,mu-,115.816517,Solenoid_1_FieldVolume
-60.465025,70.784259,17322.772933,0.000000,-0.000000,1.574581,mu-,112.588639,Solenoid_1_FieldVolume
-251.408053,221.891119,1230.000000,-6.734247,5.943602,20.469558,pi+,820.501197,Solenoid_1_FieldVolume
64.536029,138.627104,2080.000000,1.063797,2.285097,12.596651,mu-,603.177482,Solenoid_1_FieldVolume
173.224557,30.880320,2930.000000,2.498469,0.445396,11.022070,pi-,640.178600,Solenoid_1_FieldVolume
-263.788656,-99.884495,2930.000000,-3.804702,-1.440664,11.022070,pi+,913.864873,Solenoid_1_FieldVolume
564.815474,-414.347355,6439.413042,-0.000000,0.000000,3.149163,pi+,829.960287,Solenoid_1_FieldVolume
649.298343,-262.891445,6369.664194,-0.000000,0.000000,3.149163,pi+,186.687013,Solenoid_1_FieldVolume
39.752723,85.826259,1230.000000,1.064821,2.298953,20.469558,pi-,526.744072,Solenoid_1_FieldVolume
21.046900,-33.265702,2930.000000,0.303566,-0.479801,11.022070,pi-,1731.079788,Solenoid_1_FieldVolume
-236.374398,-42.184935,6810.000000,-0.974085,-0.173842,3.149163,pi-,1729.895985,Solenoid_1_FieldVolume
-569.114616,407.564171,7820.535569,0.000000,-0.000000,3.149163,pi-,346.878672,Solenoid_1_FieldVolume
95.877891,125.200654,2930.000000,1.382875,1.805806,11.022070,pi+,297.874492,Solenoid_1_FieldVolume
2.094844,-61.996222,-470.000000,0.056113,-1.660638,20.469558,pi-,622.566228,Solenoid_1_FieldVolume
-22.735603,-96.022189,3780.000000,-0.281076,-1.187106,9.447488,pi-,621.865122,Solenoid_1_FieldVolume
215.161260,-241.687574,7660.000000,0.886667,-0.995980,3.149163,pi-,620.615354,Solenoid_1_FieldVolume
104.367433,33.972353,1230.000000,2.795599,0.909988,20.469558,pi-,1114.453104,Solenoid_1_FieldVolume
-113.781576,24.795510,5110.500000,-0.962812,0.209818,6.298326,pi-,1112.379310,Solenoid_1_FieldVolume
43.106484,-187.333514,2080.000000,0.710557,-3.087962,12.596651,pi+,891.716904,Solenoid_1_FieldVolume
12.877569,96.529065,2930.000000,0.185737,1.392267,11.022070,pi+,520.776822,Solenoid_1_FieldVolume
-105.451393,201.690537,-470.000000,-2.824634,5.402507,20.469558,pi+,359.556763,Solenoid_1_FieldVolume
-168.132886,-220.250467,2930.000000,-2.425030,-3.176737,11.022070,pi-,220.724387,Solenoid_1_FieldVolume
-102.508791,-74.594935,-470.000000,-2.745813,-1.998109,20.469558,pi+,545.980035,Solenoid_1_FieldVolume
-66.391350,-83.580753,3780.000000,-0.820785,-1.033294,9.447488,pi+,507.724056,Solenoid_1_FieldVolume
23.902890,-84.513657,380.000000,0.640266,-2.263793,20.469558,pi+,659.513160,Solenoid_1_FieldVolume
118.791845,-103.027623,4215.500000,1.005208,-0.871813,6.298326,pi+,658.746807,Solenoid_1_FieldVolume
76.761362,35.229938,1230.000000,2.056139,0.943673,20.469558,mu-,522.758583,Solenoid_1_FieldVolume
-215.061622,41.334814,5110.500000,-1.819837,0.349772,6.298326,mu-,519.756066,Solenoid_1_FieldVolume
-45.735236,-50.509002,8510.000000,-0.188472,-0.208145,3.149163,mu-,394.944726,Solenoid_1_FieldVolume
146.962309,-84.977234,1230.000000,3.936550,-2.276210,20.469558,pi-,626.227504,Solenoid_1_FieldVolume
-29.225121,29.530926,2930.000000,-0.421523,0.425933,11.022070,pi-,436.878889,Solenoid_1_FieldVolume
164.302687,-104.875784,5960.000000,1.015623,-0.648280,4.723744,mu-,308.296273,Solenoid_1_FieldVolume
211.505500,-58.076180,10210.000000,0.871602,-0.239329,3.149163,mu-,307.542778,Solenoid_1_FieldVolume
157.570178,-103.105855,14090.000000,0.324669,-0.212447,1.574581,mu-,306.123399,Solenoid_1_FieldVolume
-4.749026,-2.433643,1230.000000,-0.127208,-0.065188,20.469558,pi-,1140.393902,Solenoid_1_FieldVolume
107.320408,62.163002,5110.500000,0.908138,0.526019,6.298326,pi-,1139.035658,Solenoid_1_FieldVolume
-89.524619,-36.146750,9360.000000,-0.368926,-0.148959,3.149163,pi-,1138.182818,Solenoid_1_FieldVolume
232.596144,19.981279,13240.000000,0.479258,0.041171,1.574581,pi-,1136.754155,Solenoid_1_FieldVolume
-205.879114,57.552108,2080.000000,-3.393663,0.948676,12.596651,pi+,556.355171,Solenoid_1_FieldVolume
53.861865,-80.114420,380.000000,1.442750,-2.145955,20.469558,pi+,2538.088091,Solenoid_1_FieldVolume
80.930975,-207.001841,4215.500000,0.684832,-1.751635,6.298326,pi+,2429.508374,Solenoid_1_FieldVolume
86.210384,-73.493855,2100.000000,-1.387795,1.183087,11.022070,pi+,173.476495,Solenoid_1_FieldVolume
114.715806,112.925115,2080.000000,1.890949,1.861431,12.596651,pi+,666.460000,Solenoid_1_FieldVolume
-35.036409,-219.163209,2930.000000,-0.505340,-3.161056,11.022070,pi-,421.079293,Solenoid_1_FieldVolume
102.150455,-136.331490,2930.000000,1.473346,-1.966349,11.022070,pi+,354.566857,Solenoid_1_FieldVolume
10.837943,54.107947,-470.000000,0.290306,1.449342,20.469558,pi-,420.781545,Solenoid_1_FieldVolume
35.080841,43.101169,3780.000000,0.433698,0.532852,9.447488,pi-,420.066318,Solenoid_1_FieldVolume
-70.883879,34.110744,7660.000000,-0.292108,0.140568,3.149163,pi-,418.824239,Solenoid_1_FieldVolume
56.107739,29.236980,11540.500000,0.118695,0.061850,1.574581,pi-,417.615625,Solenoid_1_FieldVolume
-58.522922,46.314372,15790.000000,-0.120585,0.095429,1.574581,pi-,416.960305,Solenoid_1_FieldVolume
-233.477298,-151.423573,380.000000,-6.253951,-4.056050,20.469558,pi-,1357.339331,Solenoid_1_FieldVolume
-75.982965,44.859115,-724.141598,0.000000,-0.000000,20.469558,pi+,301.357517,Solenoid_1_FieldVolume
25.324315,-186.422478,2930.000000,0.365260,-2.688826,11.022070,mu+,201.946929,Solenoid_1_FieldVolume
-49.705221,17.286426,1230.000000,-1.331410,0.463036,20.469558,pi-,631.599722,Solenoid_1_FieldVolume
-158.070566,200.073646,5110.500000,-1.337582,1.693010,6.298326,pi-,629.640696,Solenoid_1_FieldVolume
40.335154,-0.683224,-470.000000,1.080422,-0.018301,20.469558,pi+,492.238158,Solenoid_1_FieldVolume
110.720833,129.154927,3780.000000,1.368822,1.596720,9.447488,pi+,491.334861,Solenoid_1_FieldVolume
105.154650,45.265473,380.000000,2.816685,1.212486,20.469558,pi+,1083.411820,Solenoid_1_FieldVolume
135.509497,-111.586914,4215.500000,1.146672,-0.944241,6.298326,pi+,1082.447951,Solenoid_1_FieldVolume
149.417257,-582.621898,7660.000000,0.615740,-2.400951,3.149163,pi+,959.299864,Solenoid_1_FieldVolume
-69.589400,-95.074183,2930.000000,-1.003708,-1.371283,11.022070,pi-,389.854980,Solenoid_1_FieldVolume
-39.669421,-194.080771,380.000000,-1.062590,-5.198671,20.469558,pi+,631.249744,Solenoid_1_FieldVolume
-29.912192,-161.374439,3780.000000,-0.369799,-1.995044,9.447488,mu+,271.607696,Solenoid_1_FieldVolume
-51.363325,43.301584,380.000000,-1.375824,1.159881,20.469558,pi+,588.141574,Solenoid_1_FieldVolume
-74.320015,75.727220,3780.000000,-0.918805,0.936202,9.447488,mu+,381.401961,Solenoid_1_FieldVolume
-111.585431,-35.077081,7660.000000,-0.459837,-0.144551,3.149163,mu+,380.148189,Solenoid_1_FieldVolume
124.789410,9.489910,11540.500000,0.263990,0.020076,1.574581,mu+,378.816860,Solenoid_1_FieldVolume
17.896114,26.753047,15790.000000,0.036874,0.055124,1.574581,mu+,378.103533,Solenoid_1_FieldVolume
26.166508,1.753836,1230.000000,0.700899,0.046978,20.469558,mu-,160.439355,Solenoid_1_FieldVolume
11.992493,46.510720,1230.000000,0.321232,1.245842,20.469558,pi+,411.013028,Solenoid_1_FieldVolume
-395.141943,-222.397634,11540.500000,-0.835916,-0.470478,1.574581,pi+,407.112562,Solenoid_1_FieldVolume
-55.990382,-63.463501,380.000000,-1.499765,-1.699941,20.469558,pi+,917.199579,Solenoid_1_FieldVolume
296.585694,146.577061,4215.500000,2.509688,1.240325,6.298326,pi+,821.076428,Solenoid_1_FieldVolume
3.430155,-57.499019,2930.000000,0.049474,-0.829325,11.022070,mu+,199.728815,Solenoid_1_FieldVolume
107.423305,19.795874,380.000000,2.877454,0.530255,20.469558,pi-,245.572630,Solenoid_1_FieldVolume
35.434969,-34.203704,-1300.000000,-1.059359,1.022549,20.469558,mu-,168.357499,Solenoid_1_FieldVolume
-71.927499,75.643404,2080.000000,-1.185636,1.246888,12.596651,pi-,332.245054,Solenoid_1_FieldVolume
170.522849,53.667531,-470.000000,4.567646,1.437545,20.469558,pi+,539.942026,Solenoid_1_FieldVolume
-196.102253,-671.970168,3191.192799,0.000000,0.000000,9.447488,pi-,178.229501,Solenoid_1_FieldVolume
-27.702149,46.115241,2080.000000,-0.456636,0.760153,12.596651,pi-,504.553224,Solenoid_1_FieldVolume
-78.522184,79.912053,5960.000000,-0.485378,0.493969,4.723744,pi-,503.232358,Solenoid_1_FieldVolume
0.940001,44.331842,9360.000000,0.003874,0.182689,3.149163,mu-,452.424819,Solenoid_1_FieldVolume
-118.498831,221.596020,13240.000000,-0.244163,0.456592,1.574581,mu-,131.816898,Solenoid_1_FieldVolume
104.575115,143.875135,380.000000,2.801162,3.853857,20.469558,pi+,564.945783,Solenoid_1_FieldVolume
104.236506,124.879703,3780.000000,1.288658,1.543866,9.447488,mu+,260.384860,Solenoid_1_FieldVolume
87.444734,74.126614,7660.000000,0.360355,0.305471,3.149163,mu+,186.990836,Solenoid_1_FieldVolume
-37.313357,-105.024657,2080.000000,-0.615065,-1.731202,12.596651,pi-,761.017672,Solenoid_1_FieldVolume
36.659296,-77.965349,380.000000,0.981960,-2.088389,20.469558,pi+,620.505648,Solenoid_1_FieldVolume
109.251787,-86.250394,4215.500000,0.924481,-0.729845,6.298326,pi+,619.568459,Solenoid_1_FieldVolume
31.388201,-219.709548,7660.000000,0.129349,-0.905410,3.149163,mu+,549.759211,Solenoid_1_FieldVolume
28.097823,-10.789791,380.000000,0.752632,-0.289017,20.469558,pi+,217.120849,Solenoid_1_FieldVolume
-48.433061,102.106335,4215.500000,-0.409837,0.864017,6.298326,pi+,215.394976,Solenoid_1_FieldVolume
-4.966521,5.445534,380.000000,-0.133034,0.145865,20.469558,pi-,550.579744,Solenoid_1_FieldVolume
-6.080759,-0.828808,4215.500000,-0.051455,-0.007013,6.298326,pi-,549.805753,Solenoid_1_FieldVolume
18.095300,-6.880130,8510.000000,0.074570,-0.028353,3.149163,pi-,548.558954,Solenoid_1_FieldVolume
14.633328,-42.727440,12390.000000,0.030152,-0.088039,1.574581,pi-,547.579149,Solenoid_1_FieldVolume
11.931325,16.630042,16640.000000,0.024584,0.034266,1.574581,pi-,546.795496,Solenoid_1_FieldVolume
47.565623,74.633282,2080.000000,0.784061,1.230238,12.596651,pi-,441.617211,Solenoid_1_FieldVolume
-14.373831,57.841111,1230.000000,-0.385019,1.549339,20.469558,mu-,384.477718,Solenoid_1_FieldVolume
13.606369,-110.730289,5110.500000,0.115136,-0.936992,6.298326,mu-,383.544695,Solenoid_1_FieldVolume
-88.261710,-206.035617,9360.000000,-0.363721,-0.849061,3.149163,mu-,290.288225,Solenoid_1_FieldVolume
-7.728016,-41.217379,2080.000000,-0.127387,-0.679418,12.596651,pi+,518.236903,Solenoid_1_FieldVolume
-48.216367,-13.341174,5960.000000,-0.298045,-0.082467,4.723744,pi+,516.781309,Solenoid_1_FieldVolume
-7.158978,-97.643722,10210.000000,-0.029502,-0.402384,3.149163,pi+,515.896671,Solenoid_1_FieldVolume
-217.582300,61.212053,14090.000000,-0.448322,0.126126,1.574581,pi+,514.587228,Solenoid_1_FieldVolume
-12.352920,56.975546,1230.000000,-0.330887,1.526154,20.469558,pi-,297.012025,Solenoid_1_FieldVolume
-162.045932,24.165944,2080.000000,-2.671127,0.398346,12.596651,pi-,519.794129,Solenoid_1_FieldVolume
-76.228167,-19.643231,380.000000,-2.041857,-0.526166,20.469558,pi+,575.900077,Solenoid_1_FieldVolume
-63.023115,39.804924,4215.500000,-0.533297,0.336827,6.298326,pi+,575.102645,Solenoid_1_FieldVolume
201.556090,50.436508,8510.000000,0.830601,0.207846,3.149163,pi+,573.323825,Solenoid_1_FieldVolume
183.148319,353.294430,12390.000000,0.377372,0.727953,1.574581,pi+,538.577915,Solenoid_1_FieldVolume
-31.979288,45.176907,-1150.115733,0.000000,-0.000000,20.469558,mu+,107.904015,Solenoid_1_FieldVolume
-32.070368,47.761462,-1100.039902,0.000000,-0.000000,20.469558,mu+,106.870088,Solenoid_1_FieldVolume
-31.368722,46.159834,-1096.632007,0.000000,-0.000000,20.469558,mu+,106.305541,Solenoid_1_FieldVolume
-29.828659,45.652014,-1095.308480,0.000000,-0.000000,20.469558,mu+,106.018424,Solenoid_1_FieldVolume
-30.185823,47.788767,-1094.890731,0.000000,-0.000000,20.469558,mu+,105.832617,Solenoid_1_FieldVolume
-29.587549,46.497069,-1094.973463,0.000000,-0.000000,20.469558,mu+,105.723463,Solenoid_1_FieldVolume
-29.813514,47.046325,-1094.982796,0.000000,-0.000000,20.469558,mu+,105.658372,Solenoid_1_FieldVolume
47.634209,-75.812727,-470.000000,1.275936,-2.030729,20.469558,pi+,494.984290,Solenoid_1_FieldVolume
-43.719126,-179.137921,2930.000000,-0.630574,-2.583759,11.022070,mu+,381.077800,Solenoid_1_FieldVolume
74.004090,39.982326,-470.000000,1.982283,1.070971,20.469558,pi+,2979.852468,Solenoid_1_FieldVolume
111.414164,137.543474,3780.000000,1.377394,1.700426,9.447488,pi+,2979.144737,Solenoid_1_FieldVolume
56.762457,-168.035604,-470.000000,1.520446,-4.501022,20.469558,pi-,1114.879108,Solenoid_1_FieldVolume
234.913870,-133.721579,3780.000000,2.904199,-1.653177,9.447488,pi-,1029.175462,Solenoid_1_FieldVolume
4.756568,-3.790852,-470.000000,0.127410,-0.101542,20.469558,pi-,679.589336,Solenoid_1_FieldVolume
-84.974314,12.703993,3780.000000,-1.050523,0.157057,9.447488,pi-,678.718706,Solenoid_1_FieldVolume
-17.659159,-6.688279,-470.000000,-0.473020,-0.179153,20.469558,pi-,642.968310,Solenoid_1_FieldVolume
-6.298824,-53.990222,3780.000000,-0.077871,-0.667472,9.447488,pi-,642.115750,Solenoid_1_FieldVolume
96.819653,90.244619,-470.000000,2.593423,2.417303,20.469558,pi+,484.081636,Solenoid_1_FieldVolume
75.158325,-16.176277,-470.000000,2.013200,-0.433300,20.469558,pi+,306.901036,Solenoid_1_FieldVolume
47.674870,-47.085193,3780.000000,0.589396,-0.582106,9.447488,pi+,305.665207,Solenoid_1_FieldVolume
-45.718001,-128.892547,2080.000000,-0.753605,-2.124635,12.596651,pi-,859.214842,Solenoid_1_FieldVolume
128.066636,-455.648534,5960.000000,0.791633,-2.816551,4.723744,pi-,857.629308,Solenoid_1_FieldVolume
139.449627,-443.877201,5130.000000,-0.962069,3.062328,4.723744,pi-,158.318505,Solenoid_1_FieldVolume
-68.088812,-140.236420,-470.000000,-1.823835,-3.756390,20.469558,pi+,1113.687929,Solenoid_1_FieldVolume
-233.054516,-143.230303,3780.000000,-2.881212,-1.770731,9.447488,pi+,1061.715311,Solenoid_1_FieldVolume
-14.011906,-18.563743,380.000000,-0.375325,-0.497251,20.469558,pi+,1463.099274,Solenoid_1_FieldVolume
-164.221324,75.008310,4215.500000,-1.389629,0.634715,6.298326,pi+,1462.207528,Solenoid_1_FieldVolume
-53.772485,-4.003359,-1047.489816,0.000000,0.000000,20.469558,pi-,193.858123,Solenoid_1_FieldVolume
-162.353615,-14.155256,2930.000000,-2.341674,-0.204165,11.022070,mu-,123.685905,Solenoid_1_FieldVolume
-18.518446,185.530169,2080.000000,-0.305254,3.058236,12.596651,pi+,941.469197,Solenoid_1_FieldVolume
45.587470,-33.481864,380.000000,1.221111,-0.896849,20.469558,pi-,560.333534,Solenoid_1_FieldVolume
58.823445,40.753209,4215.500000,0.497760,0.344851,6.298326,pi-,559.281890,Solenoid_1_FieldVolume
-280.817797,-16.412106,8510.000000,-1.157234,-0.067633,3.149163,pi-,522.587950,Solenoid_1_FieldVolume
-303.433384,142.202776,10210.000000,-1.250431,0.586009,3.149163,pi-,343.618214,Solenoid_1_FieldVolume
-7.469055,44.414804,1230.000000,-0.200067,1.189700,20.469558,pi-,183.563980,Solenoid_1_FieldVolume
-6.513702,52.564310,4215.500000,-0.055118,0.444796,6.298326,mu-,142.239098,Solenoid_1_FieldVolume
-47.276410,148.136263,8510.000000,-0.194823,0.610461,3.149163,mu-,139.980141,Solenoid_1_FieldVolume
-13.600097,-145.799408,2080.000000,-0.224181,-2.403323,12.596651,pi+,709.562158,Solenoid_1_FieldVolume
165.689249,-267.766527,5960.000000,1.024194,-1.655175,4.723744,pi+,674.474063,Solenoid_1_FieldVolume
-450.480734,192.819294,9360.000000,-1.856405,0.794597,3.149163,pi+,486.369284,Solenoid_1_FieldVolume
236.103979,-46.223464,380.000000,6.324310,-1.238147,20.469558,pi+,292.357327,Solenoid_1_FieldVolume
37.309754,22.447202,1230.000000,0.999384,0.601273,20.469558,pi+,2310.035223,Solenoid_1_FieldVolume
-94.610691,-67.200862,5110.500000,-0.800589,-0.568649,6.298326,pi+,2308.645930,Solenoid_1_FieldVolume
479.782851,-160.234906,380.000000,12.851522,-4.292072,20.469558,pi+,755.178408,Solenoid_1_FieldVolume
585.679724,-203.777553,4215.500000,4.955981,-1.724352,6.298326,pi+,425.220714,Solenoid_1_FieldVolume
68.803484,162.553807,380.000000,1.842978,4.354186,20.469558,pi-,202.455947,Solenoid_1_FieldVolume
-87.359805,121.741524,1230.000000,-2.340030,3.260983,20.469558,pi-,1057.001178,Solenoid_1_FieldVolume
-61.082302,174.582742,3780.000000,-0.755150,2.158336,9.447488,pi-,882.489397,Solenoid_1_FieldVolume
-30.474370,-77.093595,1230.000000,-0.816290,-2.065038,20.469558,pi+,583.417572,Solenoid_1_FieldVolume
113.692095,-255.857400,5110.500000,0.962055,-2.165048,6.298326,pi+,582.142014,Solenoid_1_FieldVolume
-57.155528,-18.436651,2080.000000,-0.942138,-0.303905,12.596651,pi-,1838.699695,Solenoid_1_FieldVolume
-58.991286,115.453826,5960.000000,-0.364649,0.713668,4.723744,pi-,1836.683084,Solenoid_1_FieldVolume
-215.186247,-91.909030,10210.000000,-0.886770,-0.378752,3.149163,pi-,1835.400656,Solenoid_1_FieldVolume
-25.076652,38.347463,2930.000000,-0.361688,0.553097,11.022070,pi+,317.760694,Solenoid_1_FieldVolume
60.137283,349.773304,10210.000000,0.247822,1.441395,3.149163,mu+,368.610690,Solenoid_1_FieldVolume
-58.964772,-28.980897,380.000000,-1.579438,-0.776286,20.469558,pi-,532.526388,Solenoid_1_FieldVolume
2.998067,21.965497,4215.500000,0.025369,0.185871,6.298326,pi-,531.819655,Solenoid_1_FieldVolume
49.484229,-698.749999,10338.743684,-0.000000,0.000000,3.149163,pi+,371.696974,Solenoid_1_FieldVolume
242.503058,-176.577870,10645.500000,1.026022,-0.747095,3.149163,pi-,932.878693,Solenoid_1_FieldVolume
-28.401254,522.721206,1230.000000,-0.760759,14.001674,20.469558,pi+,205.514612,Solenoid_1_FieldVolume
234.174664,102.096112,-470.000000,6.272631,2.734759,20.469558,pi-,504.017707,Solenoid_1_FieldVolume
250.605825,182.453045,2930.000000,3.614562,2.631574,11.022070,mu-,170.858147,Solenoid_1_FieldVolume
-33.309247,-18.622307,2930.000000,-0.480429,-0.268595,11.022070,pi+,612.432420,Solenoid_1_FieldVolume
-2.358335,-9.288544,6810.000000,-0.009719,-0.038278,3.149163,pi+,611.071393,Solenoid_1_FieldVolume
-8.106342,9.612451,10645.500000,-0.034298,0.040670,3.149163,pi+,610.156253,Solenoid_1_FieldVolume
-186.038453,-209.191330,14940.000000,-0.383327,-0.431033,1.574581,pi+,575.854756,Solenoid_1_FieldVolume
28.733480,-52.863195,-1272.762621,-0.000000,0.000000,20.469558,mu+,111.675194,Solenoid_1_FieldVolume
19.652119,-55.572685,-1273.146638,-0.000000,0.000000,20.469558,mu+,108.978980,Solenoid_1_FieldVolume
19.899087,-59.387043,-1300.000000,-0.594900,1.775427,20.469558,mu+,107.398185,Solenoid_1_FieldVolume
654.458203,-39.123953,11540.500000,1.384495,-0.082766,1.574581,pi+,296.320237,Solenoid_1_FieldVolume
-40.888135,-51.162642,2080.000000,-0.673990,-0.843353,12.596651,pi-,904.913284,Solenoid_1_FieldVolume
0.300527,32.703020,380.000000,0.008050,0.875987,20.469558,mu+,415.777122,Solenoid_1_FieldVolume
-22.357817,167.189890,4215.500000,-0.189190,1.414749,6.298326,mu+,414.278693,Solenoid_1_FieldVolume
-280.197953,127.888510,4215.500000,-2.371016,1.082184,6.298326,mu+,139.300852,Solenoid_1_FieldVolume
-77.816800,-9.724303,-470.000000,-2.084410,-0.260476,20.469558,pi-,502.603573,Solenoid_1_FieldVolume
1.440283,-202.515431,3780.000000,0.017806,-2.503663,9.447488,pi-,501.200366,Solenoid_1_FieldVolume
18.197901,28.162523,1230.000000,0.487451,0.754365,20.469558,mu-,150.530938,Solenoid_1_FieldVolume
45.843239,-194.665461,5110.500000,0.387922,-1.647246,6.298326,mu-,148.403704,Solenoid_1_FieldVolume
35.323356,37.000456,1230.000000,0.946176,0.991099,20.469558,mu-,145.261086,Solenoid_1_FieldVolume
43.235772,77.815457,-470.000000,1.158119,2.084374,20.469558,pi+,958.401748,Solenoid_1_FieldVolume
119.401837,244.150388,3780.000000,1.476144,3.018389,9.447488,pi+,921.587675,Solenoid_1_FieldVolume
128.852620,295.729516,-470.000000,3.451462,7.921447,20.469558,pi-,504.091223,Solenoid_1_FieldVolume
105.486981,-96.027432,380.000000,2.825587,-2.572202,20.469558,pi+,1206.114656,Solenoid_1_FieldVolume
134.211472,-184.418049,3780.000000,1.659233,-2.279928,9.447488,mu+,1045.205962,Solenoid_1_FieldVolume
31.626167,119.309322,2080.000000,0.521318,1.966667,12.596651,pi-,684.374335,Solenoid_1_FieldVolume
214.376338,164.548553,5960.000000,1.325148,1.017142,4.723744,pi-,632.920059,Solenoid_1_FieldVolume
201.819111,157.748035,10210.000000,0.831685,0.650070,3.149163,pi-,528.933601,Solenoid_1_FieldVolume
411.736850,-247.637066,14090.000000,0.848372,-0.510249,1.574581,pi-,475.263956,Solenoid_1_FieldVolume
18.621976,11.197110,-470.000000,0.498811,0.299927,20.469558,pi-,782.868359,Solenoid_1_FieldVolume
64.248597,154.414405,2930.000000,0.926676,2.227164,11.022070,pi-,779.577909,Solenoid_1_FieldVolume
41.421382,126.797446,-470.000000,1.109518,3.396412,20.469558,pi-,1148.864530,Solenoid_1_FieldVolume
188.453361,124.584203,3780.000000,2.329816,1.540213,9.447488,pi-,1108.252068,Solenoid_1_FieldVolume
9.380975,-88.529409,2080.000000,0.154634,-1.459298,12.596651,pi-,1155.377288,Solenoid_1_FieldVolume
207.361183,-37.122488,5960.000000,1.281785,-0.229469,4.723744,pi-,1154.111317,Solenoid_1_FieldVolume
-219.026324,-68.243367,10210.000000,-0.902595,-0.281227,3.149163,pi-,1153.295417,Solenoid_1_FieldVolume
-120.745586,9.503261,2930.000000,-1.741549,0.137068,11.022070,pi+,271.110401,Solenoid_1_FieldVolume
69.937478,-136.903785,6810.000000,0.288208,-0.564172,3.149163,pi+,269.740176,Solenoid_1_FieldVolume
-90.054419,-109.491992,10645.500000,-0.381017,-0.463257,3.149163,pi+,268.901327,Solenoid_1_FieldVolume
140.161364,-179.259668,1230.000000,3.754379,-4.801671,20.469558,mu-,380.742759,Solenoid_1_FieldVolume
-35.221314,9.534712,5110.500000,-0.298040,0.080682,6.298326,mu-,122.688195,Solenoid_1_FieldVolume
-20.427051,32.546889,9360.000000,-0.084179,0.134124,3.149163,mu-,120.096619,Solenoid_1_FieldVolume
70.078206,-37.776303,2080.000000,1.155153,-0.622696,12.596651,pi+,847.154484,Solenoid_1_FieldVolume
6.909734,-39.178849,1230.000000,0.185085,-1.049449,20.469558,mu-,233.756455,Solenoid_1_FieldVolume
-75.866257,-60.112363,5110.500000,-0.641975,-0.508667,6.298326,mu-,232.273464,Solenoid_1_FieldVolume
-101.993141,24.098400,9360.000000,-0.420308,0.099308,3.149163,mu-,229.748784,Solenoid_1_FieldVolume
-115.722621,-43.351225,13240.000000,-0.238443,-0.089324,1.574581,mu-,228.542820,Solenoid_1_FieldVolume
-280.289805,-72.413063,17490.000000,-0.577529,-0.149205,1.574581,mu-,227.422171,Solenoid_1_FieldVolume
44.854281,41.304157,380.000000,1.201472,1.106378,20.469558,mu+,293.543821,Solenoid_1_FieldVolume
44.390623,-42.411333,4215.500000,0.375630,-0.358882,6.298326,mu+,292.743603,Solenoid_1_FieldVolume
-1.371624,67.613097,1230.000000,-0.036740,1.811093,20.469558,pi+,1347.696234,Solenoid_1_FieldVolume
46.767117,62.689404,-470.000000,1.252710,1.679206,20.469558,pi-,722.869928,Solenoid_1_FieldVolume
41.600073,195.941775,2930.000000,0.600010,2.826126,11.022070,mu-,539.682958,Solenoid_1_FieldVolume
160.081334,-311.649426,1230.000000,4.287958,-8.347879,20.469558,pi+,435.733773,Solenoid_1_FieldVolume
-87.801538,-78.680884,-470.000000,-2.351863,-2.107556,20.469558,pi-,1542.051917,Solenoid_1_FieldVolume
-122.263723,-115.770394,3780.000000,-1.511525,-1.431249,9.447488,pi-,1481.377694,Solenoid_1_FieldVolume
-11.196253,373.016794,7660.000000,-0.046139,1.537180,3.149163,pi-,1443.929097,Solenoid_1_FieldVolume
39.907385,-50.387435,-470.000000,1.068964,-1.349684,20.469558,pi-,539.044198,Solenoid_1_FieldVolume
45.484507,-22.397298,3780.000000,0.562317,-0.276894,9.447488,pi-,538.243081,Solenoid_1_FieldVolume
17.471865,-58.540525,6810.000000,0.072001,-0.241242,3.149163,mu-,529.026718,Solenoid_1_FieldVolume
11.256105,-81.782510,10645.500000,0.047624,-0.346019,3.149163,mu-,528.279708,Solenoid_1_FieldVolume
166.854541,-114.686229,14940.000000,0.343799,-0.236308,1.574581,mu-,527.225248,Solenoid_1_FieldVolume
194.203435,242.307476,1230.000000,5.201957,6.490477,20.469558,pi+,345.653237,Solenoid_1_FieldVolume
-67.438148,20.287975,2080.000000,-1.111635,0.334422,12.596651,pi-,390.690010,Solenoid_1_FieldVolume
20.997457,2.228498,-470.000000,0.562440,0.059693,20.469558,pi+,180.781129,Solenoid_1_FieldVolume
47.754415,17.339896,3780.000000,0.590379,0.214370,9.447488,pi+,178.654063,Solenoid_1_FieldVolume
-62.030919,21.678972,239.175261,0.000000,-0.000000,20.469558,pi-,264.825643,Solenoid_1_FieldVolume
-79.865663,32.551402,3780.000000,-0.987365,0.402427,9.447488,mu-,184.173603,Solenoid_1_FieldVolume
-36.106634,-7.510280,2080.000000,-0.595173,-0.123798,12.596651,pi+,1910.029667,Solenoid_1_FieldVolume
36.679075,-43.386622,5960.000000,0.226728,-0.268191,4.723744,pi+,1906.183038,Solenoid_1_FieldVolume
-108.188768,-85.187955,10210.000000,-0.445840,-0.351055,3.149163,pi+,1905.281358,Solenoid_1_FieldVolume
-159.415606,67.174743,14090.000000,-0.328471,0.138412,1.574581,pi+,1903.972018,Solenoid_1_FieldVolume
-85.173981,188.342907,17490.000000,-0.175499,0.388075,1.574581,pi+,1901.222457,Solenoid_1_FieldVolume
149.378147,146.618217,-470.000000,4.001261,3.927333,20.469558,pi-,1421.203063,Solenoid_1_FieldVolume
-108.091442,29.216179,3780.000000,-1.336316,0.361195,9.447488,pi-,1299.639502,Solenoid_1_FieldVolume
-679.606934,169.807731,6890.546290,0.000000,-0.000000,3.149163,pi-,1215.731695,Solenoid_1_FieldVolume
-108.468064,-80.053562,2080.000000,-1.787962,-1.319584,12.596651,pi+,683.314047,Solenoid_1_FieldVolume
309.230748,128.505221,5960.000000,1.911483,0.794344,4.723744,pi+,682.030551,Solenoid_1_FieldVolume
-92.187290,71.028909,2080.000000,-1.519594,1.170824,12.596651,mu+,156.161013,Solenoid_1_FieldVolume
-72.336487,-148.296530,2930.000000,-1.043330,-2.138925,11.022070,pi-,313.576306,Solenoid_1_FieldVolume
49.635831,-55.457460,-470.000000,1.329551,-1.485490,20.469558,pi+,355.259989,Solenoid_1_FieldVolume
102.947306,-108.686871,3780.000000,1.272720,-1.343677,9.447488,pi+,354.463678,Solenoid_1_FieldVolume
17.401808,136.727143,380.000000,0.466127,3.662390,20.469558,pi+,303.483277,Solenoid_1_FieldVolume
-81.528967,-18.071344,1230.000000,-2.183845,-0.484061,20.469558,mu+,119.003055,Solenoid_1_FieldVolume
-1.824874,24.718731,-470.000000,-0.048881,0.662119,20.469558,pi-,410.227410,Solenoid_1_FieldVolume
93.707085,162.269454,2930.000000,1.351565,2.340460,11.022070,mu-,384.938590,Solenoid_1_FieldVolume
-423.396203,-150.305479,6810.000000,-1.744791,-0.619400,3.149163,mu-,297.477617,Solenoid_1_FieldVolume
-1.343755,-8.161285,380.000000,-0.035994,-0.218609,20.469558,pi+,1514.567859,Solenoid_1_FieldVolume
29.546667,-46.406831,4215.500000,0.250022,-0.392691,6.298326,pi+,1513.688157,Solenoid_1_FieldVolume
-114.202172,60.454333,8510.000000,-0.470620,0.249129,3.149163,pi+,1512.416410,Solenoid_1_FieldVolume
105.490817,79.038505,12390.000000,0.217361,0.162857,1.574581,pi+,1511.110925,Solenoid_1_FieldVolume
184.163993,-155.972765,16640.000000,0.379465,-0.321377,1.574581,pi+,1510.259637,Solenoid_1_FieldVolume
61.903148,12.114185,-470.000000,1.658145,0.324492,20.469558,pi-,1259.927854,Solenoid_1_FieldVolume
-7.042752,22.607226,3780.000000,-0.087068,0.279489,9.447488,pi-,1258.958436,Solenoid_1_FieldVolume
-128.740864,54.767604,-1300.000000,3.848819,-1.637325,20.469558,pi-,318.660404,Solenoid_1_FieldVolume
1.405344,7.689439,-470.000000,0.037644,0.205970,20.469558,pi+,302.968073,Solenoid_1_FieldVolume
-7.164528,34.504234,2930.000000,-0.103336,0.497665,11.022070,mu+,239.344578,Solenoid_1_FieldVolume
48.874549,-116.049749,6810.000000,0.201409,-0.478234,3.149163,mu+,235.260603,Solenoid_1_FieldVolume
56.819951,-46.092908,10645.500000,0.240403,-0.195017,3.149163,mu+,234.552174,Solenoid_1_FieldVolume
8.806923,-260.908773,14940.000000,0.018146,-0.537595,1.574581,mu+,225.055408,Solenoid_1_FieldVolume
2.895242,-60.069823,380.000000,0.077552,-1.609038,20.469558,pi-,428.604780,Solenoid_1_FieldVolume
76.480813,-33.423151,4074.520861,-0.000000,0.000000,6.298326,pi-,427.697555,Solenoid_1_FieldVolume
-45.024898,37.152377,2080.000000,-0.742180,0.612411,12.596651,pi+,459.989949,Solenoid_1_FieldVolume
97.924846,-176.879042,5960.000000,0.605314,-1.093362,4.723744,pi+,244.894591,Solenoid_1_FieldVolume
146.901908,-306.508095,9360.000000,0.605374,-1.263102,3.149163,mu+,134.194872,Solenoid_1_FieldVolume
-117.711256,204.893188,5960.000000,-0.727622,1.266529,4.723744,pi+,516.247760,Solenoid_1_FieldVolume
-7.672319,138.781166,10210.000000,-0.031617,0.571909,3.149163,pi+,358.983107,Solenoid_1_FieldVolume
89.632834,-91.290819,-470.000000,2.400916,-2.445327,20.469558,pi+,2636.810923,Solenoid_1_FieldVolume
113.885218,-334.074106,3780.000000,1.407943,-4.130100,9.447488,pi+,2558.819750,Solenoid_1_FieldVolume
30.534747,67.927083,-470.000000,0.817907,1.819503,20.469558,pi+,289.094404,Solenoid_1_FieldVolume
69.655710,59.740278,2930.000000,1.004665,0.861652,11.022070,mu+,205.123807,Solenoid_1_FieldVolume
133.232529,-36.777092,2080.000000,2.196174,-0.606225,12.596651,pi+,1064.443800,Solenoid_1_FieldVolume
-45.244143,31.585616,1230.000000,-1.211915,0.846056,20.469558,pi-,282.249449,Solenoid_1_FieldVolume
-40.105477,-43.247153,4215.500000,-0.339370,-0.365954,6.298326,mu-,232.798635,Solenoid_1_FieldVolume
-185.319235,6.636749,2930.000000,-2.672914,0.095724,11.022070,pi+,767.186245,Solenoid_1_FieldVolume
-118.537143,3.892567,380.000000,-3.175150,0.104267,20.469558,pi+,985.262150,Solenoid_1_FieldVolume
-328.040274,-27.894719,4215.500000,-2.775854,-0.236043,6.298326,pi+,892.760540,Solenoid_1_FieldVolume
-85.265966,-153.947246,5110.500000,-0.721515,-1.302691,6.298326,pi+,414.766290,Solenoid_1_FieldVolume
24.355367,-235.531413,9360.000000,0.100367,-0.970611,3.149163,pi+,380.231145,Solenoid_1_FieldVolume
405.022993,-392.939054,13240.000000,0.834538,-0.809639,1.574581,pi+,340.931335,Solenoid_1_FieldVolume
-57.748067,-32.460738,380.000000,-1.546847,-0.869497,20.469558,pi+,787.220044,Solenoid_1_FieldVolume
-94.378968,-59.237781,4215.500000,-0.798628,-0.501266,6.298326,pi+,786.423271,Solenoid_1_FieldVolume
-248.219603,-262.473252,8510.000000,-1.022899,-1.081637,3.149163,pi+,707.925742,Solenoid_1_FieldVolume
-381.651441,-288.376340,11540.500000,-0.807377,-0.610055,1.574581,mu+,359.704771,Solenoid_1_FieldVolume
-231.632304,229.200958,-148.566468,0.000000,-0.000000,20.469558,pi-,283.280163,Solenoid_1_FieldVolume
243.431884,-145.393542,2930.000000,3.511090,-2.097054,11.022070,pi-,577.125867,Solenoid_1_FieldVolume
-20.752830,-322.762019,2080.000000,-0.342085,-5.320334,12.596651,pi+,1944.033999,Solenoid_1_FieldVolume
524.557657,-98.765920,5960.000000,3.242507,-0.610513,4.723744,pi+,1478.770550,Solenoid_1_FieldVolume
172.104553,126.200994,2930.000000,2.482315,1.820234,11.022070,pi-,880.083144,Solenoid_1_FieldVolume
-30.652583,36.817514,-470.000000,-0.821064,0.986198,20.469558,pi+,381.371527,Solenoid_1_FieldVolume
-85.863715,108.306891,3780.000000,-1.061518,1.338979,9.447488,pi+,380.054306,Solenoid_1_FieldVolume
-52.350397,-29.277811,380.000000,-1.402264,-0.784239,20.469558,pi-,364.927338,Solenoid_1_FieldVolume
19.054820,64.854811,4215.500000,0.161241,0.548797,6.298326,pi-,363.991386,Solenoid_1_FieldVolume
-67.222854,1.430494,1230.000000,-1.800640,0.038317,20.469558,pi+,1970.880365,Solenoid_1_FieldVolume
-6.391036,-83.697600,5110.500000,-0.054081,-0.708243,6.298326,pi+,1969.351440,Solenoid_1_FieldVolume
-389.336518,12.743316,9360.000000,-1.604433,0.052514,3.149163,pi+,1896.369707,Solenoid_1_FieldVolume
103.001984,-5.967137,-70.703970,-0.000000,0.000000,20.469558,pi+,256.477409,Solenoid_1_FieldVolume
96.853403,102.072209,3780.000000,1.197382,1.261901,9.447488,mu+,237.579760,Solenoid_1_FieldVolume
-5.100552,-122.206933,1230.000000,-0.136624,-3.273450,20.469558,pi-,416.989575,Solenoid_1_FieldVolume
-3.218266,19.731351,-470.000000,-0.086205,0.528526,20.469558,pi+,644.768533,Solenoid_1_FieldVolume
-35.192372,2.459633,2930.000000,-0.507590,0.035476,11.022070,pi+,642.137881,Solenoid_1_FieldVolume
21.223883,45.699036,6810.000000,0.087462,0.188323,3.149163,pi+,641.018565,Solenoid_1_FieldVolume
-29.237567,91.667589,10645.500000,-0.123703,0.387842,3.149163,pi+,640.124584,Solenoid_1_FieldVolume
-309.785438,134.362113,2100.000000,4.986854,-2.162930,11.022070,pi-,243.580023,Solenoid_1_FieldVolume
-251.473294,-332.442946,5739.842344,0.000000,0.000000,4.723744,pi-,185.338898,Solenoid_1_FieldVolume
-44.505384,-699.084774,6067.174355,0.000000,0.000000,3.149163,pi+,188.792684,Solenoid_1_FieldVolume
-126.717151,-399.186013,5960.000000,-0.783291,-2.467533,4.723744,pi-,176.830359,Solenoid_1_FieldVolume
-141.882126,-598.989708,6810.000000,-0.584688,-2.468401,3.149163,pi-,1041.458563,Solenoid_1_FieldVolume
-94.484768,-290.048775,5110.500000,-0.799524,-2.454373,6.298326,pi-,1115.873816,Solenoid_1_FieldVolume
-266.156773,46.169975,8510.000000,-1.096817,0.190264,3.149163,mu-,655.792084,Solenoid_1_FieldVolume
61.131167,-266.165190,1230.000000,1.637467,-7.129533,20.469558,pi-,610.014045,Solenoid_1_FieldVolume
-69.244612,-257.104037,-470.000000,-1.854795,-6.886820,20.469558,pi+,329.878368,Solenoid_1_FieldVolume
-37.918065,-110.124191,1230.000000,-1.015678,-2.949800,20.469558,pi-,966.874175,Solenoid_1_FieldVolume
-22.923797,-92.076021,1230.000000,-0.614040,-2.466359,20.469558,pi+,909.435847,Solenoid_1_FieldVolume
21.915166,-93.178221,-470.000000,0.587022,-2.495883,20.469558,pi-,552.537680,Solenoid_1_FieldVolume
-135.140947,61.375570,3780.000000,-1.670724,0.758775,9.447488,pi-,551.388815,Solenoid_1_FieldVolume
73.170513,-106.627245,2930.000000,1.055360,-1.537916,11.022070,pi-,271.290140,Solenoid_1_FieldVolume
57.536529,-250.787515,2930.000000,0.829866,-3.617182,11.022070,pi+,246.577495,Solenoid_1_FieldVolume
-250.437657,-48.486610,1230.000000,-6.708253,-1.298768,20.469558,pi-,1142.664290,Solenoid_1_FieldVolume
38.115686,349.675744,5110.500000,0.322532,2.958932,6.298326,pi-,1061.418624,Solenoid_1_FieldVolume
22.252492,-36.766236,1230.000000,0.596058,-0.984825,20.469558,pi+,1186.551390,Solenoid_1_FieldVolume
118.338545,-138.852461,5110.500000,1.001373,-1.174960,6.298326,pi+,1185.135663,Solenoid_1_FieldVolume
-88.066669,0.372466,9360.000000,-0.362918,0.001535,3.149163,pi+,1184.327041,Solenoid_1_FieldVolume
259.775477,-73.399544,13240.000000,0.535260,-0.151238,1.574581,pi+,1183.098380,Solenoid_1_FieldVolume
33.232229,-348.289083,1230.000000,0.890163,-9.329314,20.469558,pi-,390.795107,Solenoid_1_FieldVolume
-130.822934,94.511734,400.000000,3.911064,-2.825510,20.469558,pi-,151.017682,Solenoid_1_FieldVolume
-130.186115,84.620582,898.475663,0.000000,-0.000000,20.469558,pi-,144.466536,Solenoid_1_FieldVolume
-127.764642,92.026505,1066.403417,0.000000,-0.000000,20.469558,pi-,142.072592,Solenoid_1_FieldVolume
-123.018401,88.172553,1136.783775,0.000000,-0.000000,20.469558,pi-,140.941230,Solenoid_1_FieldVolume
-124.681676,87.265764,1162.007560,0.000000,-0.000000,20.469558,pi-,140.272466,Solenoid_1_FieldVolume
-124.485191,89.628330,1173.337934,0.000000,-0.000000,20.469558,pi-,139.914325,Solenoid_1_FieldVolume
-125.055356,89.532415,1176.092590,0.000000,-0.000000,20.469558,pi-,139.729770,Solenoid_1_FieldVolume
-126.230546,88.482099,1177.051532,0.000000,-0.000000,20.469558,pi-,139.604291,Solenoid_1_FieldVolume
-50.988446,-46.390777,1230.000000,-1.365783,-1.242629,20.469558,mu+,131.842901,Solenoid_1_FieldVolume
79.635037,-10.964971,-470.000000,2.133114,-0.293709,20.469558,pi-,298.577168,Solenoid_1_FieldVolume
63.442342,65.773425,2930.000000,0.915048,0.948669,11.022070,mu-,289.475705,Solenoid_1_FieldVolume
40.805793,-65.691898,-683.147129,-0.000000,0.000000,20.469558,pi-,333.825016,Solenoid_1_FieldVolume
-2.799914,-146.728159,2930.000000,-0.040384,-2.116303,11.022070,mu-,265.730631,Solenoid_1_FieldVolume
-76.604974,49.639540,380.000000,-2.051950,1.329651,20.469558,pi+,449.617342,Solenoid_1_FieldVolume
-78.096264,127.213421,3780.000000,-0.965490,1.572717,9.447488,mu+,415.174308,Solenoid_1_FieldVolume
-47.126189,38.164633,2930.000000,-0.679715,0.550460,11.022070,pi+,1732.912498,Solenoid_1_FieldVolume
38.001838,-46.231628,1230.000000,1.017922,-1.238366,20.469558,pi-,328.241479,Solenoid_1_FieldVolume
218.504683,-2.136031,-470.000000,5.852893,-0.057216,20.469558,pi-,530.758642,Solenoid_1_FieldVolume
249.423326,-57.946298,3780.000000,3.083577,-0.716380,9.447488,pi-,300.198849,Solenoid_1_FieldVolume
69.792479,2.023474,2080.000000,1.150443,0.033354,12.596651,mu-,421.873128,Solenoid_1_FieldVolume
40.021963,26.016525,5960.000000,0.247392,0.160819,4.723744,mu-,420.650574,Solenoid_1_FieldVolume
-44.372746,12.540795,10210.000000,-0.182858,0.051680,3.149163,mu-,419.881682,Solenoid_1_FieldVolume
45.806714,135.143812,14090.000000,0.094383,0.278460,1.574581,mu-,418.885379,Solenoid_1_FieldVolume
-51.069243,-25.236154,1230.000000,-1.367947,-0.675979,20.469558,pi+,348.091469,Solenoid_1_FieldVolume
-77.141348,99.657041,5110.500000,-0.652765,0.843291,6.298326,pi+,346.478251,Solenoid_1_FieldVolume
175.175496,-46.116185,9360.000000,0.721888,-0.190042,3.149163,pi+,233.772868,Solenoid_1_FieldVolume
-55.542689,-64.118698,2080.000000,-0.915553,-1.056918,12.596651,pi+,604.308694,Solenoid_1_FieldVolume
-145.350859,-45.281721,5960.000000,-0.898474,-0.279905,4.723744,pi+,567.459362,Solenoid_1_FieldVolume
214.930037,-90.028185,10210.000000,0.885714,-0.371001,3.149163,pi+,432.953801,Solenoid_1_FieldVolume
-52.868795,44.587454,2080.000000,-0.871477,0.734969,12.596651,pi+,1288.948501,Solenoid_1_FieldVolume
-183.493889,60.218669,5960.000000,-1.134251,0.372236,4.723744,pi+,1287.789662,Solenoid_1_FieldVolume
-78.400257,-19.668016,380.000000,-2.100039,-0.526830,20.469558,pi-,601.391679,Solenoid_1_FieldVolume
-125.791723,-48.526209,4215.500000,-1.064441,-0.410625,6.298326,pi-,600.389674,Solenoid_1_FieldVolume
-9.179016,-328.402306,8510.000000,-0.037826,-1.353327,3.149163,pi-,563.433135,Solenoid_1_FieldVolume
-45.491637,9.831211,2930.000000,-0.656139,0.141798,11.022070,pi-,1497.770766,Solenoid_1_FieldVolume
180.008253,77.395923,6810.000000,0.741803,0.318944,3.149163,pi-,1496.365052,Solenoid_1_FieldVolume
-152.421935,135.886547,10645.500000,-0.644892,0.574931,3.149163,pi-,1495.646735,Solenoid_1_FieldVolume
103.532776,-168.294691,8510.000000,0.426653,-0.693533,3.149163,pi+,215.594785,Solenoid_1_FieldVolume
11.424644,81.665423,-470.000000,0.306022,2.187500,20.469558,pi-,527.406117,Solenoid_1_FieldVolume
-190.921491,120.662132,3780.000000,-2.360329,1.491725,9.447488,pi-,472.948248,Solenoid_1_FieldVolume
-65.660525,-75.283109,380.000000,-1.758791,-2.016542,20.469558,pi+,498.328559,Solenoid_1_FieldVolume
-82.630222,-83.587708,3780.000000,-1.021543,-1.033380,9.447488,mu+,449.154736,Solenoid_1_FieldVolume
-83.886966,18.677823,1230.000000,-2.247006,0.500306,20.469558,pi-,330.659915,Solenoid_1_FieldVolume
107.545983,185.107795,5110.500000,0.910047,1.566369,6.298326,pi-,329.031915,Solenoid_1_FieldVolume
264.050584,105.480434,8803.288278,-0.000000,-0.000000,3.149163,pi-,284.932457,Solenoid_1_FieldVolume
-100.884656,-195.398009,380.000000,-2.702309,-5.233955,20.469558,pi-,264.504838,Solenoid_1_FieldVolume
94.040874,-93.619643,-470.000000,2.518990,-2.507707,20.469558,pi+,615.795246,Solenoid_1_FieldVolume
42.100599,-128.181535,3780.000000,0.520482,-1.584686,9.447488,pi+,615.025144,Solenoid_1_FieldVolume
-32.146785,85.360474,7660.000000,-0.132475,0.351766,3.149163,pi+,544.779507,Solenoid_1_FieldVolume
-124.535771,167.517585,11540.500000,-0.263453,0.354381,1.574581,pi+,543.557012,Solenoid_1_FieldVolume
241.551215,144.084531,14940.000000,0.497709,0.296882,1.574581,mu+,243.684520,Solenoid_1_FieldVolume
69.342752,-66.451360,-470.000000,1.857423,-1.779974,20.469558,pi-,1298.796355,Solenoid_1_FieldVolume
-4.161083,-217.432020,1250.000000,0.076553,4.000195,12.596651,mu-,229.482103,Solenoid_1_FieldVolume
-20.031525,-3.386684,1230.000000,-0.536567,-0.090716,20.469558,pi-,1181.578276,Solenoid_1_FieldVolume
51.250620,12.766927,5110.500000,0.433679,0.108033,6.298326,pi-,1180.385502,Solenoid_1_FieldVolume
-74.137418,54.412711,8510.000000,-0.305516,0.224232,3.149163,pi-,1174.564249,Solenoid_1_FieldVolume
54.304382,-81.033917,12390.000000,0.111893,-0.166968,1.574581,pi-,1173.202288,Solenoid_1_FieldVolume
193.936931,96.306977,16640.000000,0.399601,0.198438,1.574581,pi-,1172.169459,Solenoid_1_FieldVolume
69.628899,-18.285974,-470.000000,1.865088,-0.489810,20.469558,pi+,379.326059,Solenoid_1_FieldVolume
92.563489,-17.048630,3780.000000,1.144346,-0.210769,9.447488,pi+,378.259266,Solenoid_1_FieldVolume
-33.052674,-28.556579,7660.000000,-0.136208,-0.117680,3.149163,pi+,339.209059,Solenoid_1_FieldVolume
63.865271,-217.835691,11540.500000,0.135106,-0.460828,1.574581,pi+,226.026998,Solenoid_1_FieldVolume
-24.203416,148.182066,2080.000000,-0.398963,2.442599,12.596651,pi-,2174.582290,Solenoid_1_FieldVolume
81.112961,-151.495599,5960.000000,0.501393,-0.936457,4.723744,pi-,2173.261606,Solenoid_1_FieldVolume
193.019600,10.634805,5980.000000,-0.887767,-0.048913,3.149163,pi-,246.227645,Solenoid_1_FieldVolume
-16.182156,-13.331852,2080.000000,-0.266743,-0.219759,12.596651,pi+,624.664825,Solenoid_1_FieldVolume
-25.781817,43.930023,380.000000,-0.690595,1.176715,20.469558,pi+,568.671756,Solenoid_1_FieldVolume
-62.355207,38.519366,4215.500000,-0.527645,0.325948,6.298326,pi+,567.904608,Solenoid_1_FieldVolume
-124.939922,187.928248,8510.000000,-0.514870,0.774441,3.149163,pi+,566.668153,Solenoid_1_FieldVolume
-308.868834,111.830180,12390.000000,-0.636415,0.230423,1.574581,pi+,565.440501,Solenoid_1_FieldVolume
-237.785436,-209.276738,16640.000000,-0.489950,-0.431209,1.574581,pi+,481.040615,Solenoid_1_FieldVolume
-27.500172,288.969933,2080.000000,-0.453306,4.763313,12.596651,pi+,515.127090,Solenoid_1_FieldVolume
521.452112,40.737484,-470.000000,13.967679,1.091199,20.469558,pi-,323.216249,Solenoid_1_FieldVolume
-221.362788,-71.361999,10645.500000,-0.936578,-0.301930,3.149163,pi+,190.120010,Solenoid_1_FieldVolume
71.462212,56.282753,2080.000000,1.177966,0.927752,12.596651,pi-,419.557240,Solenoid_1_FieldVolume
160.483293,50.134355,1230.000000,4.298725,1.342905,20.469558,pi+,390.277813,Solenoid_1_FieldVolume
-147.951654,90.803817,380.000000,-3.963051,2.432282,20.469558,pi+,527.647623,Solenoid_1_FieldVolume
-5.363998,179.623406,4215.500000,-0.045390,1.519961,6.298326,pi+,356.880761,Solenoid_1_FieldVolume
-34.107980,-134.583850,8510.000000,-0.140557,-0.554612,3.149163,pi+,355.487276,Solenoid_1_FieldVolume
-210.180694,-255.704130,1230.000000,-5.629926,-6.849322,20.469558,pi-,587.926396,Solenoid_1_FieldVolume
-40.820666,-46.885282,-1300.000000,1.220369,1.401676,20.469558,pi-,476.999754,Solenoid_1_FieldVolume
-49.253468,67.576005,1412.432292,0.000000,-0.000000,12.596651,pi+,1286.579116,Solenoid_1_FieldVolume
126.694257,-31.368238,5110.500000,1.072078,-0.265436,6.298326,mu+,933.482844,Solenoid_1_FieldVolume
49.180839,225.519071,9360.000000,0.202671,0.929351,3.149163,mu+,932.782009,Solenoid_1_FieldVolume
14.777437,-337.014944,13240.000000,0.030448,-0.694409,1.574581,mu+,931.784009,Solenoid_1_FieldVolume
-699.135750,34.773599,17041.007347,0.000000,-0.000000,1.574581,mu+,753.537405,Solenoid_1_FieldVolume
312.119177,165.970222,2080.000000,5.144900,2.735814,12.596651,pi+,680.483572,Solenoid_1_FieldVolume
-146.887579,96.583140,-470.000000,-3.934548,2.587088,20.469558,pi+,297.558710,Solenoid_1_FieldVolume
-114.960719,116.702607,3780.000000,-1.421239,1.442774,9.447488,pi+,213.364507,Solenoid_1_FieldVolume
47.064366,108.263664,6810.000000,0.193949,0.446148,3.149163,mu+,151.293806,Solenoid_1_FieldVolume
80.489800,74.370739,10645.500000,0.340550,0.314660,3.149163,mu+,150.147219,Solenoid_1_FieldVolume
2.228770,41.096766,14940.000000,0.004592,0.084679,1.574581,mu+,148.441124,Solenoid_1_FieldVolume
-136.287472,129.771399,-470.000000,-3.650613,3.476072,20.469558,pi-,431.241000,Solenoid_1_FieldVolume
-15.245950,-31.285230,3780.000000,-0.188483,-0.386774,9.447488,pi-,315.836467,Solenoid_1_FieldVolume
20.370836,-74.957939,380.000000,0.545656,-2.007832,20.469558,pi+,625.011987,Solenoid_1_FieldVolume
47.506921,-149.925304,4215.500000,0.402000,-1.268658,6.298326,pi+,624.230177,Solenoid_1_FieldVolume
-136.137140,-55.614625,8510.000000,-0.561013,-0.229185,3.149163,pi+,539.296319,Solenoid_1_FieldVolume
-13.494051,12.505065,2080.000000,-0.222433,0.206131,12.596651,pi+,455.153457,Solenoid_1_FieldVolume
-207.009910,-132.755702,5960.000000,-1.279614,-0.820618,4.723744,pi+,264.117490,Solenoid_1_FieldVolume
524.800652,-150.230783,1230.000000,14.057374,-4.024100,20.469558,pi-,638.585294,Solenoid_1_FieldVolume
158.158969,49.872723,-470.000000,4.236465,1.335897,20.469558,pi+,1436.777964,Solenoid_1_FieldVolume
209.059652,-128.395177,2080.000000,3.446091,-2.116436,12.596651,mu+,206.946545,Solenoid_1_FieldVolume
-22.587850,120.318041,2080.000000,-0.372333,1.983295,12.596651,pi+,1169.880050,Solenoid_1_FieldVolume
-67.984084,-136.900674,1230.000000,-1.821030,-3.667038,20.469558,pi-,1021.523775,Solenoid_1_FieldVolume
-68.430593,-68.337325,2080.000000,-1.127994,-1.126457,12.596651,mu+,163.219233,Solenoid_1_FieldVolume
-126.948231,-138.815795,5960.000000,-0.784719,-0.858078,4.723744,mu+,161.112179,Solenoid_1_FieldVolume
-76.098700,-167.483856,10210.000000,-0.313598,-0.690191,3.149163,mu+,160.036610,Solenoid_1_FieldVolume
-2.419677,43.644016,2080.000000,-0.039885,0.719418,12.596651,pi+,584.150805,Solenoid_1_FieldVolume
-0.230016,-43.887160,5960.000000,-0.001422,-0.271285,4.723744,pi+,583.035483,Solenoid_1_FieldVolume
-38.579050,49.673846,10210.000000,-0.158982,0.204703,3.149163,pi+,582.347456,Solenoid_1_FieldVolume
282.743291,-34.835851,14090.000000,0.582584,-0.071778,1.574581,pi+,468.107243,Solenoid_1_FieldVolume
179.403794,233.283284,17490.000000,0.369656,0.480673,1.574581,mu+,348.483098,Solenoid_1_FieldVolume
51.947373,51.576698,-470.000000,1.391469,1.381540,20.469558,pi+,500.943989,Solenoid_1_FieldVolume
71.125084,38.371963,3780.000000,0.879307,0.474386,9.447488,pi+,500.206565,Solenoid_1_FieldVolume
-92.971268,36.806942,1230.000000,-2.490340,0.985915,20.469558,pi-,188.880179,Solenoid_1_FieldVolume
-11.745745,64.126121,-1300.000000,0.351149,-1.917106,20.469558,pi+,175.065947,Solenoid_1_FieldVolume
-154.147381,-68.131141,-753.803366,0.000000,0.000000,20.469558,pi-,458.938072,Solenoid_1_FieldVolume
14.958404,-17.147325,2080.000000,0.246571,-0.282653,12.596651,pi-,1366.912573,Solenoid_1_FieldVolume
19.938991,-49.387360,5960.000000,0.123251,-0.305284,4.723744,pi-,1365.684754,Solenoid_1_FieldVolume
36.599191,40.369571,10210.000000,0.150823,0.166361,3.149163,pi-,1364.885131,Solenoid_1_FieldVolume
-72.282646,-5.464129,14090.000000,-0.148936,-0.011259,1.574581,pi-,1363.817200,Solenoid_1_FieldVolume
-32.005302,76.239369,2930.000000,-0.461622,1.099623,11.022070,pi-,622.302826,Solenoid_1_FieldVolume
76.964823,12.854756,1230.000000,2.061589,0.344329,20.469558,pi+,1005.378724,Solenoid_1_FieldVolume
-251.392290,15.447557,5110.500000,-2.127264,0.130716,6.298326,pi+,1004.079254,Solenoid_1_FieldVolume
-171.772781,-248.399511,9360.000000,-0.707866,-1.023640,3.149163,pi+,809.597376,Solenoid_1_FieldVolume
167.282463,110.652314,2080.000000,2.757445,1.823967,12.596651,pi+,1300.831638,Solenoid_1_FieldVolume
235.801368,358.984067,5110.500000,1.995335,3.037699,6.298326,pi+,573.338454,Solenoid_1_FieldVolume
-74.822203,53.725993,1230.000000,-2.004197,1.439111,20.469558,mu-,310.956953,Solenoid_1_FieldVolume
146.683439,107.258828,5110.500000,1.241225,0.907617,6.298326,mu-,309.250490,Solenoid_1_FieldVolume
16.779545,87.937519,9360.000000,0.069148,0.362385,3.149163,mu-,228.500452,Solenoid_1_FieldVolume
86.041876,-76.710177,2080.000000,1.418294,-1.264473,12.596651,pi-,209.452943,Solenoid_1_FieldVolume
63.818155,-17.548303,-470.000000,1.709441,-0.470051,20.469558,pi-,598.930158,Solenoid_1_FieldVolume
-33.343431,-50.100510,3780.000000,-0.412219,-0.619384,9.447488,pi-,597.831868,Solenoid_1_FieldVolume
156.110289,125.610584,-470.000000,4.181589,3.364620,20.469558,pi+,1263.497397,Solenoid_1_FieldVolume
317.945849,166.189268,3780.000000,3.930709,2.054569,9.447488,pi+,1109.749916,Solenoid_1_FieldVolume
-65.255568,76.219302,2930.000000,-0.941200,1.099333,11.022070,pi+,557.555318,Solenoid_1_FieldVolume
-18.204737,410.057790,6810.000000,-0.075021,1.689824,3.149163,pi+,522.094768,Solenoid_1_FieldVolume
-13.877804,-40.601460,2930.000000,-0.200164,-0.585607,11.022070,pi+,1809.265733,Solenoid_1_FieldVolume
124.893999,7.907878,6810.000000,0.514681,0.032588,3.149163,pi+,1807.892468,Solenoid_1_FieldVolume
65.400551,-169.819033,10645.500000,0.276707,-0.718498,3.149163,pi+,1807.146277,Solenoid_1_FieldVolume
-167.664246,-132.192239,14940.000000,-0.345467,-0.272378,1.574581,pi+,1806.076875,Solenoid_1_FieldVolume
-31.584877,18.796857,1230.000000,-0.846036,0.503495,20.469558,pi+,159.933439,Solenoid_1_FieldVolume
-44.328869,-5.938983,4215.500000,-0.375108,-0.050255,6.298326,mu+,126.579847,Solenoid_1_FieldVolume
109.527163,-112.472700,-470.000000,2.933808,-3.012707,20.469558,pi-,1644.676845,Solenoid_1_FieldVolume
134.957504,-204.470520,3780.000000,1.668456,-2.527833,9.447488,pi-,1567.682752,Solenoid_1_FieldVolume
39.567165,-93.870977,4215.500000,0.334815,-0.794330,6.298326,pi-,1372.928425,Solenoid_1_FieldVolume
148.350638,101.566628,-1164.889055,-0.000000,-0.000000,20.469558,pi+,592.693981,Solenoid_1_FieldVolume
211.496368,52.175896,2930.000000,3.050474,0.752548,11.022070,pi+,458.505087,Solenoid_1_FieldVolume
158.572060,-7.745878,6810.000000,0.653466,-0.031920,3.149163,pi+,318.169662,Solenoid_1_FieldVolume
-16.720871,138.111893,1230.000000,-0.447887,3.699482,20.469558,pi-,1111.314361,Solenoid_1_FieldVolume
66.051922,40.596856,380.000000,1.769275,1.087432,20.469558,pi+,193.784993,Solenoid_1_FieldVolume
48.313222,29.644277,4215.500000,0.408823,0.250848,6.298326,pi+,192.450534,Solenoid_1_FieldVolume
-120.382279,173.426738,7660.000000,-0.496088,0.714681,3.149163,mu+,140.746727,Solenoid_1_FieldVolume
24.371018,35.748513,2080.000000,0.401726,0.589270,12.596651,pi-,259.243779,Solenoid_1_FieldVolume
30.453578,-112.978707,5960.000000,0.188246,-0.698368,4.723744,pi-,257.606265,Solenoid_1_FieldVolume
136.720750,41.020043,2930.000000,1.971964,0.591644,11.022070,pi+,317.405138,Solenoid_1_FieldVolume
133.722635,41.376865,-470.000000,3.581911,1.108326,20.469558,mu+,194.455843,Solenoid_1_FieldVolume
180.000690,107.392942,3780.000000,2.225317,1.327680,9.447488,mu+,183.628574,Solenoid_1_FieldVolume
109.524923,-128.628827,1230.000000,2.933748,-3.445467,20.469558,pi+,555.528352,Solenoid_1_FieldVolume
-37.440919,-222.385542,1250.000000,0.688818,4.091327,12.596651,pi+,224.563407,Solenoid_1_FieldVolume
-183.149080,71.546293,2930.000000,-2.641613,1.031933,11.022070,pi+,382.852793,Solenoid_1_FieldVolume
92.590367,103.688055,1230.000000,2.480137,2.777401,20.469558,pi-,592.224120,Solenoid_1_FieldVolume
136.260878,-128.744015,5110.500000,1.153030,-1.089423,6.298326,pi-,588.359243,Solenoid_1_FieldVolume
376.936512,-76.226311,9360.000000,1.553333,-0.314124,3.149163,pi-,473.542628,Solenoid_1_FieldVolume
514.836373,-474.282099,9762.173488,-0.000000,0.000000,3.149163,pi-,314.691271,Solenoid_1_FieldVolume
-437.193796,-161.432092,-470.000000,-11.710726,-4.324140,20.469558,pi-,418.562803,Solenoid_1_FieldVolume
-503.300605,-217.721195,1230.000000,-13.481471,-5.831906,20.469558,mu-,169.235563,Solenoid_1_FieldVolume
-127.269492,-4.774592,1230.000000,-3.409056,-0.127893,20.469558,pi+,1191.827350,Solenoid_1_FieldVolume
130.165371,194.164359,-470.000000,3.486625,5.200910,20.469558,mu+,245.237494,Solenoid_1_FieldVolume
20.912568,41.966688,-470.000000,0.560167,1.124125,20.469558,pi+,327.244418,Solenoid_1_FieldVolume
52.895828,25.127809,2930.000000,0.762932,0.362426,11.022070,mu+,247.767730,Solenoid_1_FieldVolume
-83.912676,-97.073470,2930.000000,-1.210297,-1.400119,11.022070,pi-,248.845796,Solenoid_1_FieldVolume
56.975572,117.301509,-470.000000,1.526155,3.142052,20.469558,pi-,591.630891,Solenoid_1_FieldVolume
97.809564,94.759978,2930.000000,1.410736,1.366751,11.022070,mu-,421.193366,Solenoid_1_FieldVolume
-9.807573,-314.041883,6810.000000,-0.040416,-1.294148,3.149163,mu-,380.880288,Solenoid_1_FieldVolume
95.639466,-111.857715,10645.500000,0.404647,-0.473266,3.149163,mu-,210.388824,Solenoid_1_FieldVolume
-129.737745,51.644008,380.000000,-3.475171,1.383343,20.469558,pi-,419.610413,Solenoid_1_FieldVolume
-271.910993,-155.921489,4215.500000,-2.300892,-1.319397,6.298326,pi-,402.949873,Solenoid_1_FieldVolume
-27.053405,12.119291,-1300.000000,0.808785,-0.362317,20.469558,pi+,170.123741,Solenoid_1_FieldVolume
10.909600,-23.133476,401.736403,-0.000000,0.000000,20.469558,pi-,319.553594,Solenoid_1_FieldVolume
32.407644,115.691526,3780.000000,0.400650,1.430274,9.447488,mu-,261.729966,Solenoid_1_FieldVolume
-64.932389,22.640287,2930.000000,-0.936539,0.326548,11.022070,pi-,605.076462,Solenoid_1_FieldVolume
-8.288746,-49.678700,1230.000000,-0.222023,-1.330700,20.469558,pi+,1980.578447,Solenoid_1_FieldVolume
86.335438,-1.209735,5110.500000,0.730565,-0.010237,6.298326,pi+,1979.020852,Solenoid_1_FieldVolume
-57.865761,-316.382403,9360.000000,-0.238461,-1.303793,3.149163,pi+,1874.579917,Solenoid_1_FieldVolume
-71.623268,-68.509099,2930.000000,-1.033043,-0.988127,11.022070,pi+,451.784117,Solenoid_1_FieldVolume
-62.502436,-44.461138,380.000000,-1.674198,-1.190941,20.469558,pi+,460.840412,Solenoid_1_FieldVolume
-75.891313,-38.589810,3685.977758,0.000000,0.000000,9.447488,mu+,427.857326,Solenoid_1_FieldVolume
115.746892,68.608055,6810.000000,0.476986,0.282730,3.149163,mu+,424.710729,Solenoid_1_FieldVolume
79.865657,-100.208389,10645.500000,0.337909,-0.423978,3.149163,mu+,423.943510,Solenoid_1_FieldVolume
129.534748,141.249455,14940.000000,0.266903,0.291040,1.574581,mu+,422.948900,Solenoid_1_FieldVolume
-41.030920,4.491275,380.000000,-1.099059,0.120304,20.469558,pi-,532.358310,Solenoid_1_FieldVolume
-129.877338,99.247800,4215.500000,-1.099013,0.839828,6.298326,pi-,531.457949,Solenoid_1_FieldVolume
56.332700,49.138273,-470.000000,1.508935,1.316224,20.469558,pi+,210.568808,Solenoid_1_FieldVolume
107.315089,18.862560,380.000000,2.874555,0.505255,20.469558,pi-,310.671208,Solenoid_1_FieldVolume
141.464889,-27.431601,4215.500000,1.197066,-0.232124,6.298326,pi-,307.861994,Solenoid_1_FieldVolume
-15.238718,0.188449,2080.000000,-0.251191,0.003106,12.596651,pi+,367.460338,Solenoid_1_FieldVolume
274.528687,28.265965,3780.000000,3.393950,0.349447,9.447488,pi-,2250.553630,Solenoid_1_FieldVolume
-24.035561,-121.172735,2930.000000,-0.346672,-1.747710,11.022070,pi+,1487.396675,Solenoid_1_FieldVolume
5.461170,5.084281,-470.000000,0.146284,0.136188,20.469558,pi-,657.582354,Solenoid_1_FieldVolume
-6.318313,9.704854,3780.000000,-0.078112,0.119979,9.447488,pi-,656.872272,Solenoid_1_FieldVolume
-13.208571,-13.708451,7660.000000,-0.054432,-0.056492,3.149163,pi-,655.607350,Solenoid_1_FieldVolume
-12.442828,25.569734,11540.500000,-0.026323,0.054092,1.574581,pi-,654.172829,Solenoid_1_FieldVolume
-350.228692,606.085690,13080.562126,0.000000,-0.000000,1.574581,mu-,233.260758,Solenoid_1_FieldVolume
-74.570839,-141.174591,-987.389687,0.000000,0.000000,20.469558,mu-,480.574895,Solenoid_1_FieldVolume
-101.959400,7.370079,-921.373761,0.000000,-0.000000,20.469558,mu-,475.901671,Solenoid_1_FieldVolume
-133.105693,-11.306578,-839.839792,0.000000,0.000000,20.469558,mu-,471.108461,Solenoid_1_FieldVolume
-9.398881,-75.396334,-638.679948,0.000000,0.000000,20.469558,mu-,466.424982,Solenoid_1_FieldVolume
-96.963202,4.704970,-570.756695,0.000000,-0.000000,20.469558,mu-,461.022181,Solenoid_1_FieldVolume
-40.380391,-7.564550,-606.909609,0.000000,0.000000,20.469558,mu-,455.862373,Solenoid_1_FieldVolume
-140.585950,-107.932047,-762.445012,0.000000,0.000000,20.469558,mu-,451.121409,Solenoid_1_FieldVolume
-39.142776,-121.066037,-1173.047666,0.000000,0.000000,20.469558,mu-,445.570009,Solenoid_1_FieldVolume
-84.339881,-129.627288,-1208.621096,0.000000,0.000000,20.469558,mu-,440.704415,Solenoid_1_FieldVolume
-139.148022,-19.744270,-917.084283,0.000000,0.000000,20.469558,mu-,435.441659,Solenoid_1_FieldVolume
-115.901505,-127.063042,-510.968358,0.000000,0.000000,20.469558,mu-,431.087496,Solenoid_1_FieldVolume
-43.833945,-4.820407,380.000000,-1.174141,-0.129120,20.469558,pi+,1184.609597,Solenoid_1_FieldVolume
-102.433221,-70.808876,4215.500000,-0.866783,-0.599180,6.298326,pi+,1183.793203,Solenoid_1_FieldVolume
250.697551,283.363855,2950.000000,-3.459147,-3.909880,9.447488,pi-,304.263368,Solenoid_1_FieldVolume
-94.341133,7.492170,2930.000000,-1.360710,0.108062,11.022070,pi+,1464.028773,Solenoid_1_FieldVolume
139.898601,-70.583103,380.000000,3.747341,-1.890648,20.469558,pi-,1581.019558,Solenoid_1_FieldVolume
33.644059,106.214948,4215.500000,0.284694,0.898784,6.298326,pi-,1419.395341,Solenoid_1_FieldVolume
221.173205,-394.619174,8510.000000,0.911442,-1.626203,3.149163,pi-,1256.322204,Solenoid_1_FieldVolume
-190.709018,-122.041216,380.000000,-5.108355,-3.269011,20.469558,pi+,361.925892,Solenoid_1_FieldVolume
326.135421,234.476900,2930.000000,4.703947,3.381929,11.022070,pi-,660.259729,Solenoid_1_FieldVolume
-9.286890,38.097383,380.000000,-0.248760,1.020481,20.469558,pi-,1485.960134,Solenoid_1_FieldVolume
-151.579685,8.388947,4215.500000,-1.282657,0.070987,6.298326,pi-,1485.209304,Solenoid_1_FieldVolume
17.702567,64.644315,1230.000000,0.474183,1.731570,20.469558,pi+,653.179049,Solenoid_1_FieldVolume
-156.902464,24.317184,5110.500000,-1.327698,0.205770,6.298326,pi+,651.916543,Solenoid_1_FieldVolume
-198.838765,36.973841,9360.000000,-0.819403,0.152367,3.149163,pi+,651.170088,Solenoid_1_FieldVolume
147.548528,-238.760729,13240.000000,0.304019,-0.491960,1.574581,pi+,650.066076,Solenoid_1_FieldVolume
-50.212029,378.696152,17490.000000,-0.103460,0.780292,1.574581,pi+,455.098542,Solenoid_1_FieldVolume
-15.720239,9.318515,2080.000000,-0.259129,0.153604,12.596651,pi-,422.860860,Solenoid_1_FieldVolume
-143.583533,351.799088,5960.000000,-0.887549,2.174615,4.723744,pi-,387.832370,Solenoid_1_FieldVolume
-264.729007,352.729735,10210.000000,-1.090933,1.453579,3.149163,pi-,185.536717,Solenoid_1_FieldVolume
-48.068742,-24.979307,-470.000000,-1.287575,-0.669099,20.469558,pi-,171.469426,Solenoid_1_FieldVolume
-84.825900,-28.459993,2930.000000,-1.223469,-0.410487,11.022070,mu-,148.928785,Solenoid_1_FieldVolume
38.732405,-129.651201,6810.000000,0.159614,-0.534285,3.149163,mu-,146.164237,Solenoid_1_FieldVolume
30.080185,-132.326600,10645.500000,0.127268,-0.559869,3.149163,mu-,144.678444,Solenoid_1_FieldVolume
-180.482225,-25.384648,14940.000000,-0.371878,-0.052304,1.574581,mu-,142.361801,Solenoid_1_FieldVolume
209.846999,-201.794780,2930.000000,3.026685,-2.910546,11.022070,pi-,309.910437,Solenoid_1_FieldVolume
102.500573,-247.731063,2950.000000,-1.414312,3.418215,9.447488,pi-,205.653931,Solenoid_1_FieldVolume
101.784369,-184.148490,2930.000000,1.468066,-2.656028,11.022070,pi+,327.032258,Solenoid_1_FieldVolume
168.758639,-334.711310,4215.500000,1.428024,-2.832304,6.298326,pi-,629.205312,Solenoid_1_FieldVolume
73.445227,-43.983337,2930.000000,1.059322,-0.634385,11.022070,pi-,390.589418,Solenoid_1_FieldVolume
-115.405426,-58.228690,2930.000000,-1.664526,-0.839850,11.022070,pi-,312.417742,Solenoid_1_FieldVolume
-93.936825,31.472808,2080.000000,-1.548433,0.518790,12.596651,pi+,1815.080016,Solenoid_1_FieldVolume
-134.546385,-232.646600,5960.000000,-0.831687,-1.438084,4.723744,pi+,1813.894430,Solenoid_1_FieldVolume
221.873468,406.185577,5980.000000,-1.020477,-1.868195,3.149163,pi-,353.998388,Solenoid_1_FieldVolume
-146.509795,-94.388376,2080.000000,-2.415033,-1.555876,12.596651,pi+,1895.768367,Solenoid_1_FieldVolume
-485.853447,68.275258,5110.500000,-4.111259,0.577741,6.298326,pi+,1060.461468,Solenoid_1_FieldVolume
189.544228,-77.919967,-1034.881479,-0.000000,0.000000,20.469558,pi-,406.276633,Solenoid_1_FieldVolume
-15.725931,-167.371496,2930.000000,-0.226820,-2.414048,11.022070,mu-,151.945671,Solenoid_1_FieldVolume
31.982327,-45.808384,2080.000000,0.527189,-0.755095,12.596651,pi+,625.372380,Solenoid_1_FieldVolume
215.132237,2.390536,5110.500000,1.820434,0.020229,6.298326,mu+,476.064037,Solenoid_1_FieldVolume
204.845202,140.721059,9360.000000,0.844155,0.579903,3.149163,mu+,384.676408,Solenoid_1_FieldVolume
225.185391,235.594645,13240.000000,0.463988,0.485436,1.574581,mu+,283.724762,Solenoid_1_FieldVolume
52.569625,270.289925,17490.000000,0.108318,0.556925,1.574581,mu+,145.791075,Solenoid_1_FieldVolume
24.958175,-75.506078,380.000000,0.668533,-2.022515,20.469558,pi+,457.658561,Solenoid_1_FieldVolume
99.590086,-123.041006,4215.500000,0.842724,-1.041164,6.298326,pi+,455.916390,Solenoid_1_FieldVolume
168.185148,-205.524460,8510.000000,0.693081,-0.846954,3.149163,pi+,417.323263,Solenoid_1_FieldVolume
121.900872,-384.952426,1230.000000,3.265252,-10.311382,20.469558,pi-,584.429735,Solenoid_1_FieldVolume
26.776816,68.587530,2080.000000,0.441383,1.130581,12.596651,pi-,246.445783,Solenoid_1_FieldVolume
44.965587,-68.246160,2080.000000,0.741202,-1.124954,12.596651,pi+,453.788499,Solenoid_1_FieldVolume
-7.853946,337.740834,5110.500000,-0.066460,2.857940,6.298326,mu+,411.432897,Solenoid_1_FieldVolume
124.846885,296.852703,9360.000000,0.514487,1.223313,3.149163,mu+,246.451555,Solenoid_1_FieldVolume
5.105753,36.847231,-470.000000,0.136763,0.986994,20.469558,pi+,217.940489,Solenoid_1_FieldVolume
-18.895717,66.206109,3780.000000,-0.233604,0.818495,9.447488,pi+,216.080017,Solenoid_1_FieldVolume
-4.072971,27.560858,1230.000000,-0.109099,0.738248,20.469558,pi-,201.786761,Solenoid_1_FieldVolume
107.728697,-17.062123,380.000000,2.885634,-0.457028,20.469558,pi-,1005.377588,Solenoid_1_FieldVolume
-86.452078,145.267017,4215.500000,-0.731552,1.229239,6.298326,pi-,1004.434193,Solenoid_1_FieldVolume
19.669773,3.876916,380.000000,0.526877,0.103848,20.469558,pi+,414.553660,Solenoid_1_FieldVolume
68.047818,153.329654,4215.500000,0.575816,1.297465,6.298326,pi+,413.536830,Solenoid_1_FieldVolume
64.003132,-25.394047,-470.000000,1.714396,-0.680208,20.469558,pi-,814.640873,Solenoid_1_FieldVolume
93.753439,-87.447523,3780.000000,1.159057,-1.081098,9.447488,pi-,813.920087,Solenoid_1_FieldVolume
225.022592,-92.154170,7660.000000,0.927305,-0.379762,3.149163,pi-,727.380696,Solenoid_1_FieldVolume
-29.532468,-133.643576,380.000000,-0.791060,-3.579793,20.469558,pi-,1106.647466,Solenoid_1_FieldVolume
71.878743,-66.851306,4215.500000,0.608233,-0.565691,6.298326,pi-,1105.833108,Solenoid_1_FieldVolume
-198.490955,-128.810678,8510.000000,-0.817970,-0.530821,3.149163,pi-,976.498756,Solenoid_1_FieldVolume
82.057402,359.030986,12390.000000,0.169077,0.739773,1.574581,pi-,975.447541,Solenoid_1_FieldVolume
-410.677842,218.200154,16640.000000,-0.846190,0.449595,1.574581,pi-,803.315139,Solenoid_1_FieldVolume
-509.409349,-34.675065,-470.000000,-13.645101,-0.928810,20.469558,pi-,600.563395,Solenoid_1_FieldVolume
59.328068,-89.314670,1230.000000,1.589169,-2.392394,20.469558,pi-,766.129612,Solenoid_1_FieldVolume
70.426453,-128.579029,4215.500000,0.595944,-1.088027,6.298326,mu-,682.307076,Solenoid_1_FieldVolume
61.413482,-90.151184,8510.000000,0.253081,-0.371508,3.149163,mu-,384.048572,Solenoid_1_FieldVolume
157.129542,-369.720414,12390.000000,0.323761,-0.761798,1.574581,mu-,343.180515,Solenoid_1_FieldVolume
231.482252,-327.710575,16640.000000,0.476962,-0.675238,1.574581,mu-,195.735096,Solenoid_1_FieldVolume
90.966910,-238.983290,380.000000,2.436651,-6.401435,20.469558,mu+,755.895428,Solenoid_1_FieldVolume
202.281136,-213.687020,4215.500000,1.711689,-1.808205,6.298326,mu+,593.096906,Solenoid_1_FieldVolume
-20.326288,81.528667,380.000000,-0.544462,2.183837,20.469558,pi+,1701.728392,Solenoid_1_FieldVolume
351.642887,283.775823,-470.000000,9.419149,7.601254,20.469558,pi-,555.083607,Solenoid_1_FieldVolume
46.039271,-18.089577,1705.373730,-0.000000,0.000000,12.596651,pi-,497.904021,Solenoid_1_FieldVolume
129.766618,-181.200562,3780.000000,1.604282,-2.240151,9.447488,pi-,443.514453,Solenoid_1_FieldVolume
9.938995,-44.302721,1230.000000,0.266227,-1.186698,20.469558,pi+,530.159735,Solenoid_1_FieldVolume
138.241224,38.952970,5110.500000,1.169788,0.329617,6.298326,pi+,528.821937,Solenoid_1_FieldVolume
88.610644,-76.471184,9360.000000,0.365159,-0.315133,3.149163,pi+,528.041490,Solenoid_1_FieldVolume
503.588858,108.146345,13240.000000,1.037630,0.222832,1.574581,pi+,450.662352,Solenoid_1_FieldVolume
103.517410,168.999313,2930.000000,1.493062,2.437527,11.022070,pi+,1014.235969,Solenoid_1_FieldVolume
19.220469,50.698243,1230.000000,0.514842,1.358009,20.469558,pi+,409.082685,Solenoid_1_FieldVolume
-76.875336,98.505617,4215.500000,-0.650514,0.833548,6.298326,mu+,345.893538,Solenoid_1_FieldVolume
-174.755879,-99.625626,-470.000000,-4.681032,-2.668584,20.469558,pi+,1330.797324,Solenoid_1_FieldVolume
-44.104234,-106.760184,2930.000000,-0.636128,-1.539834,11.022070,pi+,578.357436,Solenoid_1_FieldVolume
53.407045,-21.498345,-470.000000,1.430568,-0.575857,20.469558,pi+,1018.274877,Solenoid_1_FieldVolume
80.706537,-42.792942,3780.000000,0.997761,-0.529042,9.447488,pi+,1017.499889,Solenoid_1_FieldVolume
33.450888,117.529351,7660.000000,0.137849,0.484332,3.149163,pi+,1016.247667,Solenoid_1_FieldVolume
-39.291831,-165.776799,11540.500000,-0.083121,-0.350698,1.574581,pi+,1015.226553,Solenoid_1_FieldVolume
118.875564,63.379884,1230.000000,3.184215,1.697701,20.469558,pi-,650.440080,Solenoid_1_FieldVolume
266.008351,125.696330,-470.000000,7.125332,3.366917,20.469558,pi+,3287.123654,Solenoid_1_FieldVolume
411.413528,340.997872,3780.000000,5.086234,4.215697,9.447488,pi+,3147.174131,Solenoid_1_FieldVolume
5.342920,-119.262294,-1300.000000,-0.159731,3.565449,20.469558,mu+,200.559377,Solenoid_1_FieldVolume
123.613690,-144.714024,2080.000000,2.037619,-2.385432,12.596651,pi-,487.153330,Solenoid_1_FieldVolume
-83.260131,-92.181741,2080.000000,-1.372441,-1.519502,12.596651,pi+,240.573506,Solenoid_1_FieldVolume
5.781601,-37.444567,380.000000,0.154867,-1.002995,20.469558,pi+,444.726776,Solenoid_1_FieldVolume
13.728942,65.918353,4215.500000,0.116173,0.557797,6.298326,pi+,443.983319,Solenoid_1_FieldVolume
-8.488731,-48.443861,-1235.564192,0.000000,0.000000,20.469558,pi+,145.427268,Solenoid_1_FieldVolume
-8.485731,-36.744011,-1023.893625,0.000000,0.000000,20.469558,pi+,142.866536,Solenoid_1_FieldVolume
-9.926587,-37.137399,-903.565292,0.000000,0.000000,20.469558,pi+,141.372342,Solenoid_1_FieldVolume
-12.247099,-38.281678,-866.767705,0.000000,0.000000,20.469558,pi+,140.548960,Solenoid_1_FieldVolume
-10.517486,-40.167170,-847.756522,0.000000,0.000000,20.469558,pi+,140.072189,Solenoid_1_FieldVolume
-11.254814,-41.287668,-842.927574,0.000000,0.000000,20.469558,pi+,139.800351,Solenoid_1_FieldVolume
-10.093519,-39.778451,-841.482076,0.000000,0.000000,20.469558,pi+,139.674468,Solenoid_1_FieldVolume
-10.955028,-40.367392,-840.946775,0.000000,0.000000,20.469558,pi+,139.584089,Solenoid_1_FieldVolume
-8.221687,-32.839734,-582.914442,0.000000,0.000000,20.469558,mu+,108.561727,Solenoid_1_FieldVolume
-8.639253,-39.158803,-525.576783,0.000000,0.000000,20.469558,mu+,107.301266,Solenoid_1_FieldVolume
-8.668438,-35.209025,-505.696091,0.000000,0.000000,20.469558,mu+,106.554847,Solenoid_1_FieldVolume
-8.897090,-35.971462,-499.556044,0.000000,0.000000,20.469558,mu+,106.131910,Solenoid_1_FieldVolume
-10.397031,-35.336396,-494.585942,0.000000,0.000000,20.469558,mu+,105.867571,Solenoid_1_FieldVolume
-11.163671,-36.047114,-493.449541,0.000000,0.000000,20.469558,mu+,105.752047,Solenoid_1_FieldVolume
-10.210044,-36.193981,-493.338091,0.000000,0.000000,20.469558,mu+,105.667603,Solenoid_1_FieldVolume
68.111296,141.361646,2080.000000,1.122731,2.330172,12.596651,pi-,795.483860,Solenoid_1_FieldVolume
-83.009508,-26.092169,380.000000,-2.223503,-0.698908,20.469558,pi-,802.628308,Solenoid_1_FieldVolume
-80.956266,6.978148,4215.500000,-0.685046,0.059049,6.298326,pi-,801.906251,Solenoid_1_FieldVolume
-2.990923,135.187980,8510.000000,-0.012325,0.557102,3.149163,pi-,766.549496,Solenoid_1_FieldVolume
-74.263888,-17.804332,-470.000000,-1.989242,-0.476909,20.469558,pi+,1108.298194,Solenoid_1_FieldVolume
-141.298837,60.823095,3780.000000,-1.746853,0.751945,9.447488,pi+,1106.784872,Solenoid_1_FieldVolume
-170.554329,60.941978,-470.000000,-4.568489,1.632399,20.469558,pi+,281.308171,Solenoid_1_FieldVolume
-146.425537,42.714975,3780.000000,-1.810233,0.528078,9.447488,pi+,180.513300,Solenoid_1_FieldVolume
90.087779,-186.495920,2063.095903,-0.000000,0.000000,12.596651,pi+,959.937473,Solenoid_1_FieldVolume
218.365706,-148.613167,5110.500000,1.847796,-1.257554,6.298326,mu+,586.645288,Solenoid_1_FieldVolume
195.381734,-44.793142,9360.000000,0.805157,-0.184590,3.149163,mu+,476.646447,Solenoid_1_FieldVolume
90.365879,139.842876,-470.000000,2.420551,3.745848,20.469558,pi+,392.409926,Solenoid_1_FieldVolume
-72.701515,107.707262,-470.000000,-1.947392,2.885060,20.469558,pi-,574.179792,Solenoid_1_FieldVolume
18.445050,97.012933,3780.000000,0.228033,1.199354,9.447488,pi-,573.432538,Solenoid_1_FieldVolume
-42.670987,87.361194,-470.000000,-1.142990,2.340068,20.469558,pi+,326.946833,Solenoid_1_FieldVolume
-11.235381,86.061166,3780.000000,-0.138901,1.063959,9.447488,pi+,325.921415,Solenoid_1_FieldVolume
38.896282,-10.121259,-470.000000,1.041881,-0.271109,20.469558,pi+,306.309192,Solenoid_1_FieldVolume
69.221354,43.414964,2930.000000,0.998400,0.626187,11.022070,mu+,194.799765,Solenoid_1_FieldVolume
-278.879744,-36.417573,6810.000000,-1.149247,-0.150075,3.149163,mu+,124.646494,Solenoid_1_FieldVolume
-10.099347,-25.312130,2930.000000,-0.145666,-0.365084,11.022070,pi+,570.783787,Solenoid_1_FieldVolume
-26.390388,15.850768,6810.000000,-0.108753,0.065320,3.149163,pi+,569.055328,Solenoid_1_FieldVolume
157.418424,104.953599,10210.000000,0.648712,0.432508,3.149163,mu+,358.715286,Solenoid_1_FieldVolume
-13.833431,-5.719249,13240.000000,-0.028503,-0.011784,1.574581,mu+,112.525702,Solenoid_1_FieldVolume
-31.447658,57.882660,14940.000000,-0.064797,0.119266,1.574581,mu+,109.845970,Solenoid_1_FieldVolume
22.511064,47.517942,15664.954823,-0.000000,-0.000000,1.574581,mu+,108.051866,Solenoid_1_FieldVolume
17.029152,60.035340,15916.056616,-0.000000,-0.000000,1.574581,mu+,106.902329,Solenoid_1_FieldVolume
-4.889768,58.066153,15990.602040,0.000000,-0.000000,1.574581,mu+,106.289227,Solenoid_1_FieldVolume
-0.745371,67.645217,16014.905956,0.000000,-0.000000,1.574581,mu+,105.984847,Solenoid_1_FieldVolume
2.500060,69.188041,16022.975378,-0.000000,-0.000000,1.574581,mu+,105.822494,Solenoid_1_FieldVolume
3.424544,69.099046,16025.670955,-0.000000,-0.000000,1.574581,mu+,105.715563,Solenoid_1_FieldVolume
60.954063,-25.391785,-470.000000,1.632723,-0.680147,20.469558,pi-,202.865368,Solenoid_1_FieldVolume
-34.119733,68.486453,3476.601722,0.000000,-0.000000,9.447488,pi-,200.433744,Solenoid_1_FieldVolume
39.341063,91.031806,380.000000,1.053794,2.438389,20.469558,pi-,725.356989,Solenoid_1_FieldVolume
-123.020020,86.531509,4215.500000,-1.040987,0.732224,6.298326,pi-,724.577322,Solenoid_1_FieldVolume
24.094186,76.392897,2930.000000,0.347518,1.101837,11.022070,pi+,1954.371453,Solenoid_1_FieldVolume
-102.617084,7.596655,6810.000000,-0.422879,0.031305,3.149163,pi+,1953.141002,Solenoid_1_FieldVolume
-102.212227,182.453068,10645.500000,-0.432456,0.771953,3.149163,pi+,1952.412230,Solenoid_1_FieldVolume
38.791619,-0.429092,1230.000000,1.039077,-0.011494,20.469558,pi+,167.353767,Solenoid_1_FieldVolume
65.091479,46.038064,4215.500000,0.550800,0.389571,6.298326,mu+,136.519836,Solenoid_1_FieldVolume
-112.544227,-70.197191,2080.000000,-1.855153,-1.157114,12.596651,pi-,267.003227,Solenoid_1_FieldVolume
78.839764,178.800044,2930.000000,1.137129,2.578886,11.022070,pi+,797.056061,Solenoid_1_FieldVolume
-16.519265,-75.430835,1230.000000,-0.442487,-2.020499,20.469558,pi-,358.251910,Solenoid_1_FieldVolume
195.676792,-194.372458,5110.500000,1.655804,-1.644766,6.298326,pi-,357.137040,Solenoid_1_FieldVolume
32.272929,-12.699827,1230.000000,0.864467,-0.340179,20.469558,pi+,1871.067377,Solenoid_1_FieldVolume
56.267360,27.651200,5110.500000,0.476131,0.233983,6.298326,pi+,1869.743633,Solenoid_1_FieldVolume
82.510980,-150.676574,9360.000000,0.340023,-0.620929,3.149163,pi+,1869.031976,Solenoid_1_FieldVolume
-110.788209,-143.430455,13240.000000,-0.228276,-0.295534,1.574581,pi+,1867.749578,Solenoid_1_FieldVolume
-218.713232,39.831784,17490.000000,-0.450652,0.082072,1.574581,pi+,1866.895734,Solenoid_1_FieldVolume
-14.094226,7.602089,2930.000000,-0.203285,0.109647,11.022070,pi+,283.798457,Solenoid_1_FieldVolume
138.615462,61.854352,5960.000000,0.856839,0.382347,4.723744,mu+,230.342774,Solenoid_1_FieldVolume
168.537993,-208.211230,1230.000000,4.514479,-5.577171,20.469558,pi-,1685.620782,Solenoid_1_FieldVolume
12.145714,38.563432,1230.000000,0.325337,1.032965,20.469558,pi+,1024.098985,Solenoid_1_FieldVolume
26.612675,7.624592,5110.500000,0.225195,0.064519,6.298326,pi+,1022.671285,Solenoid_1_FieldVolume
16.513162,55.043163,9195.542451,-0.000000,-0.000000,3.149163,pi+,1022.056161,Solenoid_1_FieldVolume
75.321365,-36.051245,12390.000000,0.155197,-0.074283,1.574581,mu+,663.206521,Solenoid_1_FieldVolume
-46.685286,19.460494,16640.000000,-0.096194,0.040098,1.574581,mu+,662.430703,Solenoid_1_FieldVolume
33.947366,33.304111,2080.000000,0.559580,0.548977,12.596651,pi+,166.018079,Solenoid_1_FieldVolume
129.537696,79.662385,5777.278436,-0.000000,-0.000000,4.723744,mu+,112.423581,Solenoid_1_FieldVolume
147.142879,66.421043,7365.819218,-0.000000,-0.000000,3.149163,mu+,109.621115,Solenoid_1_FieldVolume
152.909412,64.152960,7961.300942,-0.000000,-0.000000,3.149163,mu+,107.765387,Solenoid_1_FieldVolume
151.204517,71.987532,8166.181714,-0.000000,-0.000000,3.149163,mu+,106.833243,Solenoid_1_FieldVolume
148.071309,73.153996,8238.152305,-0.000000,-0.000000,3.149163,mu+,106.272630,Solenoid_1_FieldVolume
144.234848,66.041933,8260.052008,-0.000000,-0.000000,3.149163,mu+,105.976266,Solenoid_1_FieldVolume
142.474308,69.128532,8267.733351,-0.000000,-0.000000,3.149163,mu+,105.820759,Solenoid_1_FieldVolume
143.577726,71.388408,8269.582311,-0.000000,-0.000000,3.149163,mu+,105.723805,Solenoid_1_FieldVolume
144.010931,71.711603,8270.097753,-0.000000,-0.000000,3.149163,mu+,105.658372,Solenoid_1_FieldVolume
-10.658628,-2.067323,2930.000000,-0.153733,-0.029818,11.022070,pi-,777.951638,Solenoid_1_FieldVolume
19.456011,-85.351444,6810.000000,0.080177,-0.351728,3.149163,pi-,776.541530,Solenoid_1_FieldVolume
-141.633847,-0.638092,10645.500000,-0.599248,-0.002700,3.149163,pi-,775.710745,Solenoid_1_FieldVolume
326.449973,-165.189408,14940.000000,0.672641,-0.340368,1.574581,pi-,701.085004,Solenoid_1_FieldVolume
29.133625,-52.190766,-470.000000,0.780377,-1.397988,20.469558,pi+,1094.798597,Solenoid_1_FieldVolume
-77.126178,-123.459575,3780.000000,-0.953497,-1.526309,9.447488,pi+,1093.810725,Solenoid_1_FieldVolume
-510.187611,-263.434422,5960.000000,-3.153680,-1.628397,4.723744,pi+,365.878113,Solenoid_1_FieldVolume
170.530032,25.984111,-470.000000,4.567838,0.696014,20.469558,pi-,733.282542,Solenoid_1_FieldVolume
223.392967,-147.012175,3780.000000,2.761768,-1.817486,9.447488,pi-,676.023182,Solenoid_1_FieldVolume
-3.946937,-17.486819,1230.000000,-0.105723,-0.468404,20.469558,pi+,670.482703,Solenoid_1_FieldVolume
200.989226,172.537204,5110.500000,1.700757,1.459998,6.298326,pi+,609.645684,Solenoid_1_FieldVolume
445.748185,-108.206878,5829.368091,-0.000000,0.000000,4.723744,pi+,543.199089,Solenoid_1_FieldVolume
387.060817,176.665433,9360.000000,1.595055,0.728028,3.149163,mu+,341.726731,Solenoid_1_FieldVolume
-14.896347,-28.076392,13240.000000,-0.030693,-0.057851,1.574581,mu+,184.406959,Solenoid_1_FieldVolume
55.185782,-53.625328,2930.000000,0.795961,-0.773454,11.022070,pi-,366.214424,Solenoid_1_FieldVolume
27.577669,47.020197,-470.000000,0.738699,1.259489,20.469558,pi-,403.144613,Solenoid_1_FieldVolume
-19.542183,-14.291986,3780.000000,-0.241597,-0.176689,9.447488,pi-,402.482388,Solenoid_1_FieldVolume
13.741824,-62.354381,1230.000000,0.368090,-1.670232,20.469558,mu+,151.303164,Solenoid_1_FieldVolume
-75.039732,56.305670,380.000000,-2.010023,1.508211,20.469558,pi+,660.714243,Solenoid_1_FieldVolume
-254.939400,-51.566203,4215.500000,-2.157280,-0.436350,6.298326,pi+,659.277332,Solenoid_1_FieldVolume
18.590675,-44.706933,1230.000000,0.497972,-1.197525,20.469558,pi+,523.218629,Solenoid_1_FieldVolume
-138.834596,-156.930889,4793.383973,0.000000,0.000000,6.298326,pi+,521.504246,Solenoid_1_FieldVolume
-6.910470,-82.931662,2080.000000,-0.113911,-1.367026,12.596651,pi+,314.175949,Solenoid_1_FieldVolume
98.452191,202.884493,2080.000000,1.622863,3.344301,12.596651,pi+,723.883004,Solenoid_1_FieldVolume
-17.494781,-3.151382,1230.000000,-0.468617,-0.084413,20.469558,pi+,1358.817988,Solenoid_1_FieldVolume
59.900411,32.390379,5110.500000,0.506873,0.274085,6.298326,pi+,1357.603419,Solenoid_1_FieldVolume
-31.630819,-150.503572,9360.000000,-0.130349,-0.620216,3.149163,pi+,1356.542771,Solenoid_1_FieldVolume
-105.251607,102.407766,13240.000000,-0.216868,0.211008,1.574581,pi+,1355.426810,Solenoid_1_FieldVolume
152.779249,229.722428,17490.000000,0.314797,0.473336,1.574581,pi+,1354.338819,Solenoid_1_FieldVolume
-38.001989,-45.099240,380.000000,-1.017926,-1.208034,20.469558,pi-,694.348395,Solenoid_1_FieldVolume
51.021991,-127.903798,4215.500000,0.431745,-1.082313,6.298326,pi-,693.601826,Solenoid_1_FieldVolume
231.483839,-208.337864,8294.886893,-0.000000,0.000000,3.149163,pi-,608.373252,Solenoid_1_FieldVolume
462.053347,-115.567915,-470.000000,12.376617,-3.095616,20.469558,mu+,227.968070,Solenoid_1_FieldVolume
-33.153053,-8.833737,1230.000000,-0.888042,-0.236622,20.469558,pi+,1218.684168,Solenoid_1_FieldVolume
153.989256,-79.420903,5110.500000,1.303047,-0.672054,6.298326,pi+,1217.341923,Solenoid_1_FieldVolume
-195.210442,-67.184513,9360.000000,-0.804451,-0.276863,3.149163,pi+,1080.181468,Solenoid_1_FieldVolume
186.869597,-77.264861,13240.000000,0.385039,-0.159202,1.574581,pi+,1079.034778,Solenoid_1_FieldVolume
120.968352,-303.384557,17490.000000,0.249252,-0.625115,1.574581,pi+,921.751405,Solenoid_1_FieldVolume
121.472510,-1.982670,2638.760791,-0.000000,0.000000,11.022070,pi-,318.361856,Solenoid_1_FieldVolume
-42.293588,-134.626152,1230.000000,-1.132881,-3.606112,20.469558,pi+,1548.660122,Solenoid_1_FieldVolume
-79.576164,-117.786348,4215.500000,-0.673368,-0.996700,6.298326,mu+,1341.998396,Solenoid_1_FieldVolume
354.351453,282.598378,8510.000000,1.460262,1.164571,3.149163,mu+,1224.500829,Solenoid_1_FieldVolume
16.586375,-107.123383,1230.000000,0.444285,-2.869420,20.469558,pi+,1005.587958,Solenoid_1_FieldVolume
142.745160,168.869764,5110.500000,1.207900,1.428964,6.298326,pi+,1004.151830,Solenoid_1_FieldVolume
-158.050716,-421.003453,380.000000,-4.233566,-11.277050,20.469558,pi+,263.727000,Solenoid_1_FieldVolume
-11.406705,24.331164,380.000000,-0.305541,0.651738,20.469558,pi+,344.778002,Solenoid_1_FieldVolume
24.787291,41.911986,4215.500000,0.209748,0.354656,6.298326,pi+,343.906408,Solenoid_1_FieldVolume
61.963590,-87.667146,8510.000000,0.255348,-0.361271,3.149163,mu+,311.031577,Solenoid_1_FieldVolume
-95.233409,83.529298,12390.000000,-0.196226,0.172110,1.574581,mu+,309.051497,Solenoid_1_FieldVolume
-48.444571,106.199359,16640.000000,-0.099819,0.218821,1.574581,mu+,308.143048,Solenoid_1_FieldVolume
-56.465551,49.522423,380.000000,-1.512493,1.326514,20.469558,pi+,495.590611,Solenoid_1_FieldVolume
-112.997936,-167.370022,4215.500000,-0.956181,-1.416274,6.298326,pi+,494.321204,Solenoid_1_FieldVolume
-267.378936,167.614372,5130.000000,1.844659,-1.156379,4.723744,mu-,109.923009,Solenoid_1_FieldVolume
-40.696087,42.210040,10210.000000,-0.167706,0.173945,3.149163,mu-,158.077523,Solenoid_1_FieldVolume
59.510156,121.406241,-470.000000,1.594046,3.252002,20.469558,pi+,718.257443,Solenoid_1_FieldVolume
5.684389,41.380085,3780.000000,0.070275,0.511575,9.447488,pi+,683.938629,Solenoid_1_FieldVolume
-190.715214,-94.799935,-470.000000,-5.108521,-2.539323,20.469558,mu+,255.517925,Solenoid_1_FieldVolume
-207.173487,212.295708,-470.000000,-5.549374,5.686579,20.469558,pi-,836.709825,Solenoid_1_FieldVolume
-284.431929,155.389288,2930.000000,-4.102446,2.241225,11.022070,mu-,553.317443,Solenoid_1_FieldVolume
334.439656,264.031903,1828.916005,-0.000000,-0.000000,12.596651,mu+,107.314662,Solenoid_1_FieldVolume
334.345963,258.766751,1932.345947,-0.000000,-0.000000,12.596651,mu+,106.545964,Solenoid_1_FieldVolume
331.863647,262.049455,1966.691525,-0.000000,-0.000000,12.596651,mu+,106.119108,Solenoid_1_FieldVolume
332.904590,261.838885,1977.139583,-0.000000,-0.000000,12.596651,mu+,105.894192,Solenoid_1_FieldVolume
332.901819,259.387130,1980.570867,-0.000000,-0.000000,12.596651,mu+,105.751773,Solenoid_1_FieldVolume
332.376375,260.050102,1981.598769,-0.000000,-0.000000,12.596651,mu+,105.668199,Solenoid_1_FieldVolume
78.135062,-136.669787,-1300.000000,-2.335915,4.085861,20.469558,pi+,171.327831,Solenoid_1_FieldVolume
104.069367,21.683103,2080.000000,1.715455,0.357419,12.596651,pi+,677.022446,Solenoid_1_FieldVolume
9.922848,82.579520,-285.215616,-0.000000,-0.000000,20.469558,pi+,413.597363,Solenoid_1_FieldVolume
50.289757,114.640988,3780.000000,0.621723,1.417286,9.447488,mu+,289.178320,Solenoid_1_FieldVolume
-30.679571,-105.242070,-470.000000,-0.821787,-2.819027,20.469558,pi+,322.088385,Solenoid_1_FieldVolume
-68.385084,-4.831739,2930.000000,-0.986338,-0.069690,11.022070,mu+,180.231840,Solenoid_1_FieldVolume
-99.316563,137.580330,2930.000000,-1.432472,1.984362,11.022070,pi-,478.446860,Solenoid_1_FieldVolume
-366.095750,70.492222,1250.000000,6.735229,-1.296877,12.596651,pi-,366.422192,Solenoid_1_FieldVolume
5.606832,182.079802,2930.000000,0.080869,2.626191,11.022070,pi+,668.722963,Solenoid_1_FieldVolume
-90.952017,154.579425,1540.940010,0.000000,-0.000000,12.596651,pi-,167.587854,Solenoid_1_FieldVolume
415.877388,37.109040,-470.000000,11.139742,0.994007,20.469558,pi+,531.710376,Solenoid_1_FieldVolume
70.730418,-68.972294,2080.000000,1.165904,-1.136923,12.596651,mu+,272.287122,Solenoid_1_FieldVolume
-209.681071,217.216945,-470.000000,-5.616543,5.818399,20.469558,pi-,773.027628,Solenoid_1_FieldVolume
-97.405347,116.205910,3780.000000,-1.204205,1.436633,9.447488,pi-,551.757054,Solenoid_1_FieldVolume
-96.898301,15.835580,-470.000000,-2.595530,0.424174,20.469558,pi+,368.216923,Solenoid_1_FieldVolume
-95.409842,32.182397,3780.000000,-1.179535,0.397865,9.447488,pi+,367.477350,Solenoid_1_FieldVolume
-45.104192,-166.509842,7660.000000,-0.185872,-0.686177,3.149163,pi+,289.833576,Solenoid_1_FieldVolume
124.936052,13.210244,380.000000,3.346552,0.353851,20.469558,pi+,445.613847,Solenoid_1_FieldVolume
138.172191,101.027848,3780.000000,1.708199,1.248990,9.447488,mu+,413.027131,Solenoid_1_FieldVolume
8.802570,-105.114622,2080.000000,0.145100,-1.732685,12.596651,pi+,273.481867,Solenoid_1_FieldVolume
49.095047,-219.572557,2080.000000,0.809271,-3.619383,12.596651,pi+,1326.284472,Solenoid_1_FieldVolume
-200.408310,-224.260177,10645.500000,-0.847921,-0.948837,3.149163,pi+,564.768772,Solenoid_1_FieldVolume
38.249184,-172.312274,2080.000000,0.630491,-2.840355,12.596651,pi-,226.825353,Solenoid_1_FieldVolume
-52.810043,191.908265,380.000000,-1.414576,5.140478,20.469558,pi-,529.354439,Solenoid_1_FieldVolume
163.264216,166.288332,4215.500000,1.381531,1.407120,6.298326,pi-,380.621411,Solenoid_1_FieldVolume
110.564508,-14.311376,1230.000000,2.961594,-0.383346,20.469558,pi+,1219.802060,Solenoid_1_FieldVolume
-67.685683,-52.052368,380.000000,-1.813037,-1.394281,20.469558,pi+,982.847610,Solenoid_1_FieldVolume
-30.848935,-219.082389,4215.500000,-0.261042,-1.853860,6.298326,pi+,982.113127,Solenoid_1_FieldVolume
-50.902859,3.683052,1230.000000,-1.363490,0.098655,20.469558,pi+,1375.522090,Solenoid_1_FieldVolume
-12.001584,165.937313,-470.000000,-0.321476,4.444817,20.469558,mu-,150.399588,Solenoid_1_FieldVolume
34.462420,-501.745532,1230.000000,0.923115,-13.439817,20.469558,mu+,469.703867,Solenoid_1_FieldVolume
410.730920,191.017510,380.000000,11.001888,5.116618,20.469558,pi-,436.838737,Solenoid_1_FieldVolume
-8.707164,75.649259,380.000000,-0.233231,2.026350,20.469558,pi-,630.142893,Solenoid_1_FieldVolume
-50.345118,125.302475,4215.500000,-0.426017,1.060301,6.298326,pi-,629.349644,Solenoid_1_FieldVolume
-202.957803,61.670902,8510.000000,-0.836377,0.254142,3.149163,pi-,628.275211,Solenoid_1_FieldVolume
-98.071855,339.532813,12390.000000,-0.202074,0.699597,1.574581,pi-,627.120919,Solenoid_1_FieldVolume
133.117903,-157.874558,16640.000000,0.274286,-0.325296,1.574581,pi-,482.367273,Solenoid_1_FieldVolume
-282.674939,194.382174,380.000000,-7.571765,5.206744,20.469558,pi+,264.549210,Solenoid_1_FieldVolume
70.950297,-81.913343,-470.000000,1.900483,-2.194141,20.469558,pi-,314.921767,Solenoid_1_FieldVolume
88.730320,-132.899099,3780.000000,1.096957,-1.643008,9.447488,pi-,290.394591,Solenoid_1_FieldVolume
-80.334536,64.637726,2080.000000,-1.324216,1.065473,12.596651,pi+,885.940789,Solenoid_1_FieldVolume
81.859036,-47.993918,5960.000000,0.506004,-0.296670,4.723744,pi+,884.798204,Solenoid_1_FieldVolume
40.678133,162.556649,10210.000000,0.167632,0.669886,3.149163,pi+,883.945968,Solenoid_1_FieldVolume
51.097313,-323.098861,14090.000000,0.105285,-0.665736,1.574581,pi+,882.942308,Solenoid_1_FieldVolume
-58.324827,-68.632011,380.000000,-1.562296,-1.838385,20.469558,pi-,396.966829,Solenoid_1_FieldVolume
-7.615302,-28.864203,4215.500000,-0.064440,-0.244247,6.298326,pi-,396.073418,Solenoid_1_FieldVolume
-176.202983,55.740928,7660.000000,-0.726122,0.229705,3.149163,mu-,248.596728,Solenoid_1_FieldVolume
-45.861562,28.690367,11540.500000,-0.097019,0.060694,1.574581,mu-,247.433135,Solenoid_1_FieldVolume
-81.297308,173.000347,15790.000000,-0.167511,0.356462,1.574581,mu-,246.678942,Solenoid_1_FieldVolume
-82.893219,78.229955,380.000000,-2.220388,2.095477,20.469558,pi-,211.384979,Solenoid_1_FieldVolume
-51.014593,64.147867,3780.000000,-0.630684,0.793049,9.447488,mu-,141.456717,Solenoid_1_FieldVolume
80.789599,-65.442944,380.000000,2.164040,-1.752963,20.469558,pi+,649.808000,Solenoid_1_FieldVolume
-6.877518,20.723150,4215.500000,-0.058197,0.175358,6.298326,pi+,574.697939,Solenoid_1_FieldVolume
396.491183,266.252091,380.000000,10.620461,7.131861,20.469558,pi+,416.926364,Solenoid_1_FieldVolume
25.014895,-188.494622,-470.000000,0.670052,-5.049040,20.469558,pi-,1313.478611,Solenoid_1_FieldVolume
-81.155837,-172.049666,2080.000000,-1.337754,-2.836027,12.596651,pi+,576.187969,Solenoid_1_FieldVolume
-63.293536,-288.487405,2080.000000,-1.043316,-4.755359,12.596651,pi-,568.268343,Solenoid_1_FieldVolume
-31.807680,40.678048,-470.000000,-0.852004,1.089607,20.469558,pi-,299.550937,Solenoid_1_FieldVolume
-21.648050,59.206858,3780.000000,-0.267631,0.731964,9.447488,pi-,298.196273,Solenoid_1_FieldVolume
-49.524762,-31.091216,7660.000000,-0.204089,-0.128125,3.149163,pi-,296.877215,Solenoid_1_FieldVolume
-135.502371,-67.530880,11540.500000,-0.286653,-0.142860,1.574581,pi-,295.634527,Solenoid_1_FieldVolume
-83.817397,-152.957062,15790.000000,-0.172703,-0.315164,1.574581,pi-,294.585454,Solenoid_1_FieldVolume
57.771027,35.579414,380.000000,1.547462,0.953035,20.469558,pi+,374.636032,Solenoid_1_FieldVolume
133.114806,-42.759434,4215.500000,1.126408,-0.361827,6.298326,pi+,373.705932,Solenoid_1_FieldVolume
-112.174317,-182.256362,7660.000000,-0.462264,-0.751068,3.149163,mu+,288.152443,Solenoid_1_FieldVolume
99.903785,82.680795,2080.000000,1.646791,1.362891,12.596651,pi-,335.682738,Solenoid_1_FieldVolume
8.229996,-64.558169,1230.000000,0.220450,-1.729263,20.469558,pi+,683.946339,Solenoid_1_FieldVolume
84.782588,-67.433253,1230.000000,2.270997,-1.806275,20.469558,mu-,172.356227,Solenoid_1_FieldVolume
-84.504360,-54.038343,-1300.000000,2.526330,1.615523,20.469558,pi+,252.546788,Solenoid_1_FieldVolume
-69.231040,4.405480,380.000000,-1.854431,0.118006,20.469558,pi+,489.822635,Solenoid_1_FieldVolume
15.440198,182.716141,4215.500000,0.130654,1.546131,6.298326,pi+,489.037960,Solenoid_1_FieldVolume
-132.433224,7.776773,2080.000000,-2.182998,0.128191,12.596651,pi+,806.516089,Solenoid_1_FieldVolume
-54.350391,-1.718523,-1300.000000,1.624852,0.051377,20.469558,pi-,203.540677,Solenoid_1_FieldVolume
-22.844202,-0.334280,380.000000,-0.611908,-0.008954,20.469558,pi+,300.434475,Solenoid_1_FieldVolume
-15.448141,-41.211386,4215.500000,-0.130721,-0.348728,6.298326,pi+,299.553461,Solenoid_1_FieldVolume
1.388838,2.240717,1230.000000,0.037202,0.060020,20.469558,pi+,762.756704,Solenoid_1_FieldVolume
-162.971907,141.006197,4215.500000,-1.379057,1.193185,6.298326,pi-,416.701948,Solenoid_1_FieldVolume
24.204019,-1.545562,-470.000000,0.648332,-0.041400,20.469558,pi+,762.591744,Solenoid_1_FieldVolume
42.394093,-9.182097,3780.000000,0.524111,-0.113517,9.447488,pi+,761.866001,Solenoid_1_FieldVolume
-43.478166,-26.080860,7660.000000,-0.179171,-0.107478,3.149163,mu+,648.501164,Solenoid_1_FieldVolume
36.224844,17.548786,11540.500000,0.076633,0.037124,1.574581,mu+,647.329101,Solenoid_1_FieldVolume
-205.430257,-116.619151,15790.000000,-0.423283,-0.240290,1.574581,mu+,646.631462,Solenoid_1_FieldVolume
91.607115,-74.564584,1230.000000,2.453799,-1.997296,20.469558,pi-,247.682263,Solenoid_1_FieldVolume
128.966176,-75.709767,4215.500000,1.091303,-0.640651,6.298326,mu-,163.600313,Solenoid_1_FieldVolume
128.348554,37.919214,8510.000000,0.528917,0.156263,3.149163,mu-,161.708952,Solenoid_1_FieldVolume
131.517293,9.270994,12390.000000,0.270988,0.019103,1.574581,mu-,160.036433,Solenoid_1_FieldVolume
201.477228,-67.567163,16640.000000,0.415138,-0.139220,1.574581,mu-,158.858830,Solenoid_1_FieldVolume
4.940976,26.069557,2528.319139,-0.000000,-0.000000,11.022070,pi+,446.510527,Solenoid_1_FieldVolume
2.201543,-2.384310,5960.000000,0.013609,-0.014738,4.723744,mu+,437.095547,Solenoid_1_FieldVolume
-172.473616,-104.366958,10210.000000,-0.710754,-0.430090,3.149163,mu+,436.325881,Solenoid_1_FieldVolume
213.668148,-124.159913,14090.000000,0.440257,-0.255828,1.574581,mu+,434.988491,Solenoid_1_FieldVolume
1.109057,18.958784,1230.000000,0.029707,0.507832,20.469558,pi-,2164.437696,Solenoid_1_FieldVolume
-23.864480,-81.693363,5110.500000,-0.201940,-0.691284,6.298326,pi-,2162.448939,Solenoid_1_FieldVolume
215.891605,99.695999,9360.000000,0.889677,0.410841,3.149163,pi-,2161.768823,Solenoid_1_FieldVolume
217.733225,140.553910,8530.000000,-1.001434,-0.646458,3.149163,pi-,170.513710,Solenoid_1_FieldVolume
-43.049599,16.522762,380.000000,-1.153132,0.442581,20.469558,pi+,348.635972,Solenoid_1_FieldVolume
30.736232,28.035265,4215.500000,0.260088,0.237232,6.298326,pi+,347.505929,Solenoid_1_FieldVolume
-79.394315,-221.131443,6830.000000,0.365163,1.017064,3.149163,pi+,152.593549,Solenoid_1_FieldVolume
-79.346802,-227.979144,6845.621900,0.000000,0.000000,3.149163,mu+,105.988352,Solenoid_1_FieldVolume
-84.213284,-228.319671,6852.522740,0.000000,0.000000,3.149163,mu+,105.811188,Solenoid_1_FieldVolume
-85.467824,-227.256250,6854.535220,0.000000,0.000000,3.149163,mu+,105.703623,Solenoid_1_FieldVolume
33.098121,59.328482,380.000000,0.886570,1.589180,20.469558,pi-,549.559520,Solenoid_1_FieldVolume
82.215979,-8.212107,4215.500000,0.695706,-0.069490,6.298326,pi-,548.613744,Solenoid_1_FieldVolume
-287.861354,-130.059454,-470.000000,-7.710689,-3.483788,20.469558,pi-,3316.028054,Solenoid_1_FieldVolume
-87.845637,-257.913776,-470.000000,-2.353044,-6.908510,20.469558,pi+,619.706032,Solenoid_1_FieldVolume
-54.473519,-323.769548,3780.000000,-0.673447,-4.002706,9.447488,pi+,419.252665,Solenoid_1_FieldVolume
248.121534,129.954636,2930.000000,3.578730,1.874374,11.022070,pi+,602.497377,Solenoid_1_FieldVolume
-97.744596,7.779816,-470.000000,-2.618199,0.208391,20.469558,pi+,413.014480,Solenoid_1_FieldVolume
-66.001546,5.780455,3780.000000,-0.815966,0.071463,9.447488,pi+,412.050966,Solenoid_1_FieldVolume
-242.877913,39.579569,6810.000000,-1.000886,0.163105,3.149163,mu+,112.238350,Solenoid_1_FieldVolume
67.040471,-25.247567,2080.000000,1.105079,-0.416175,12.596651,pi-,374.814444,Solenoid_1_FieldVolume
104.855505,50.659324,5110.500000,0.887280,0.428676,6.298326,pi-,373.688416,Solenoid_1_FieldVolume
89.864402,87.589979,9360.000000,0.370326,0.360953,3.149163,pi-,372.434348,Solenoid_1_FieldVolume
148.051164,273.931690,13240.000000,0.305055,0.564428,1.574581,pi-,335.722550,Solenoid_1_FieldVolume
-36.053586,-79.070669,1230.000000,-0.965736,-2.117997,20.469558,pi+,689.459802,Solenoid_1_FieldVolume
147.048355,-158.471489,5110.500000,1.244313,-1.340975,6.298326,pi+,688.240529,Solenoid_1_FieldVolume
-60.535595,86.942737,2930.000000,-0.873123,1.254001,11.022070,pi+,251.151291,Solenoid_1_FieldVolume
38.533883,-55.467903,-1300.000000,-1.152004,1.658261,20.469558,pi+,164.287810,Solenoid_1_FieldVolume
154.678037,-13.326821,2080.000000,2.549677,-0.219676,12.596651,mu+,425.317873,Solenoid_1_FieldVolume
-108.177977,-209.166316,2080.000000,-1.783181,-3.447849,12.596651,pi+,566.762061,Solenoid_1_FieldVolume
-165.968649,-15.505253,1932.313887,0.000000,0.000000,12.596651,pi+,240.231361,Solenoid_1_FieldVolume
-186.855612,-51.423860,2080.000000,-3.080084,-0.847659,12.596651,pi-,460.698400,Solenoid_1_FieldVolume
-84.275821,8.333428,2080.000000,-1.389183,0.137366,12.596651,pi+,1052.843746,Solenoid_1_FieldVolume
11.898970,175.470961,5960.000000,0.073552,1.084658,4.723744,pi+,1051.668318,Solenoid_1_FieldVolume
-161.029201,-100.688545,10210.000000,-0.663592,-0.414932,3.149163,pi+,1050.898585,Solenoid_1_FieldVolume
30.564150,-65.352487,2392.053113,-0.000000,0.000000,11.022070,pi-,1210.458789,Solenoid_1_FieldVolume
59.015277,-154.369561,5960.000000,0.364798,-0.954222,4.723744,mu-,1077.790971,Solenoid_1_FieldVolume
-28.631143,33.394787,10210.000000,-0.117987,0.137618,3.149163,mu-,1076.847456,Solenoid_1_FieldVolume
-39.444350,-297.432850,14090.000000,-0.081274,-0.612852,1.574581,mu-,1075.761843,Solenoid_1_FieldVolume
9.237924,5.760295,-470.000000,0.247448,0.154296,20.469558,pi+,465.374247,Solenoid_1_FieldVolume
21.489280,-10.107694,2930.000000,0.309946,-0.145786,11.022070,mu+,336.781545,Solenoid_1_FieldVolume
138.684170,27.915199,6810.000000,0.571509,0.115037,3.149163,mu+,335.243389,Solenoid_1_FieldVolume
112.814678,93.999018,10645.500000,0.477315,0.397707,3.149163,mu+,333.630078,Solenoid_1_FieldVolume
113.242863,66.910152,14940.000000,0.233334,0.137866,1.574581,mu+,332.500702,Solenoid_1_FieldVolume
89.110386,-153.736591,-470.000000,2.386922,-4.118007,20.469558,pi-,1179.382807,Solenoid_1_FieldVolume
250.238114,56.716057,3780.000000,3.093650,0.701171,9.447488,pi-,1050.557247,Solenoid_1_FieldVolume
112.944351,0.514025,2080.000000,1.861748,0.008473,12.596651,pi+,1225.024593,Solenoid_1_FieldVolume
105.917888,-692.446136,7373.245633,-0.000000,0.000000,3.149163,pi+,506.558260,Solenoid_1_FieldVolume
-96.599225,75.666672,2930.000000,-1.393279,1.091363,11.022070,pi+,830.548963,Solenoid_1_FieldVolume
-212.182937,84.007038,5960.000000,-1.311590,0.519282,4.723744,mu+,548.980551,Solenoid_1_FieldVolume
-5.449654,80.303188,10210.000000,-0.022458,0.330925,3.149163,mu+,510.733997,Solenoid_1_FieldVolume
-540.208848,40.011135,14090.000000,-1.113085,0.082442,1.574581,mu+,435.656516,Solenoid_1_FieldVolume
-451.972497,-152.038175,2930.000000,-6.518932,-2.192891,11.022070,pi-,238.188464,Solenoid_1_FieldVolume
-108.964449,12.761829,2080.000000,-1.796145,0.210363,12.596651,pi+,494.545355,Solenoid_1_FieldVolume
-11.623083,-3.690734,5960.000000,-0.071847,-0.022814,4.723744,pi+,493.013613,Solenoid_1_FieldVolume
100.813210,244.165680,10210.000000,0.415445,1.006193,3.149163,pi+,457.500934,Solenoid_1_FieldVolume
-88.543552,-76.222290,2080.000000,-1.459531,-1.256430,12.596651,pi+,317.792135,Solenoid_1_FieldVolume
102.564559,158.333804,5960.000000,0.633994,0.978726,4.723744,pi+,316.062831,Solenoid_1_FieldVolume
-102.153609,-43.102370,10210.000000,-0.420969,-0.177622,3.149163,pi+,314.995431,Solenoid_1_FieldVolume
19.612299,40.911246,-470.000000,0.525337,1.095854,20.469558,pi-,679.238021,Solenoid_1_FieldVolume
-19.879737,-27.147736,3780.000000,-0.245770,-0.335623,9.447488,pi-,678.509082,Solenoid_1_FieldVolume
699.943563,-8.888705,16209.380597,-0.000000,0.000000,1.574581,pi-,376.226610,Solenoid_1_FieldVolume
39.548073,28.064832,2930.000000,0.570414,0.404787,11.022070,pi-,280.550828,Solenoid_1_FieldVolume
53.682396,-15.548338,2080.000000,0.884888,-0.256295,12.596651,mu-,187.639857,Solenoid_1_FieldVolume
49.114894,8.253378,-498.476477,-0.000000,-0.000000,20.469558,pi+,156.477198,Solenoid_1_FieldVolume
87.670099,405.691700,2080.000000,1.445133,6.687327,12.596651,pi-,401.169217,Solenoid_1_FieldVolume
43.052453,58.695485,380.000000,1.153208,1.572224,20.469558,pi+,268.390282,Solenoid_1_FieldVolume
-4.984853,65.364069,4215.500000,-0.042181,0.553106,6.298326,pi+,267.378507,Solenoid_1_FieldVolume
-51.338688,103.813765,2080.000000,-0.846255,1.711242,12.596651,pi+,452.252177,Solenoid_1_FieldVolume
-55.791019,57.096365,-786.353260,0.000000,-0.000000,20.469558,pi+,243.935064,Solenoid_1_FieldVolume
-90.672238,10.884160,2930.000000,-1.307792,0.156985,11.022070,mu+,181.450285,Solenoid_1_FieldVolume
-14.318038,123.456804,1230.000000,-0.383525,3.306929,20.469558,pi+,960.952383,Solenoid_1_FieldVolume
27.533670,29.856723,1230.000000,0.737520,0.799746,20.469558,pi+,271.390943,Solenoid_1_FieldVolume
-103.611219,38.703275,380.000000,-2.775343,1.036711,20.469558,pi+,1453.477680,Solenoid_1_FieldVolume
16.585612,27.305913,4215.500000,0.140346,0.231061,6.298326,pi+,1452.655827,Solenoid_1_FieldVolume
-432.851684,58.973593,8510.000000,-1.783757,0.243027,3.149163,pi+,1344.034179,Solenoid_1_FieldVolume
-10.369752,256.167716,-470.000000,-0.277765,6.861740,20.469558,mu-,180.888803,Solenoid_1_FieldVolume
155.800098,-187.003653,1230.000000,4.173280,-5.009103,20.469558,mu+,294.743935,Solenoid_1_FieldVolume
-32.641250,71.806181,-470.000000,-0.874332,1.923409,20.469558,pi+,162.939287,Solenoid_1_FieldVolume
-11.690424,15.508443,3780.000000,-0.144527,0.191728,9.447488,pi+,158.291083,Solenoid_1_FieldVolume
556.479158,-122.498446,10645.500000,2.354444,-0.518287,3.149163,mu+,278.313373,Solenoid_1_FieldVolume
-13.061980,104.059392,-179.355745,0.000000,-0.000000,20.469558,pi+,413.466586,Solenoid_1_FieldVolume
-12.455803,72.660836,3780.000000,-0.153989,0.898293,9.447488,mu+,284.442197,Solenoid_1_FieldVolume
-70.196968,-3.102549,1230.000000,-1.880304,-0.083105,20.469558,pi-,1457.458472,Solenoid_1_FieldVolume
-22.605394,-103.620556,5110.500000,-0.191285,-0.876830,6.298326,pi-,1456.144133,Solenoid_1_FieldVolume
104.763828,186.743077,9360.000000,0.431726,0.769557,3.149163,pi-,1455.342913,Solenoid_1_FieldVolume
-123.807655,10.593294,1230.000000,-3.316327,0.283753,20.469558,pi+,1031.803182,Solenoid_1_FieldVolume
-24.146739,-40.563035,-470.000000,-0.646797,-1.086526,20.469558,pi-,165.080178,Solenoid_1_FieldVolume
-2.195114,13.473074,2930.000000,-0.031661,0.194326,11.022070,mu-,125.950010,Solenoid_1_FieldVolume
55.914830,49.377474,2080.000000,0.921687,0.813927,12.596651,pi+,2129.101682,Solenoid_1_FieldVolume
-72.741004,-24.179739,5960.000000,-0.449642,-0.149465,4.723744,pi+,2127.607262,Solenoid_1_FieldVolume
-37.460770,225.072538,10210.000000,-0.154374,0.927511,3.149163,pi+,2126.379520,Solenoid_1_FieldVolume
29.750214,-50.649793,-666.798279,-0.000000,0.000000,20.469558,pi+,142.041472,Solenoid_1_FieldVolume
27.517232,-53.799208,-532.493285,-0.000000,0.000000,20.469558,pi+,140.916864,Solenoid_1_FieldVolume
28.117560,-49.963684,-490.883065,-0.000000,0.000000,20.469558,pi+,140.272089,Solenoid_1_FieldVolume
27.915407,-50.782411,-477.787860,-0.000000,0.000000,20.469558,pi+,139.922282,Solenoid_1_FieldVolume
27.397806,-50.582023,-473.516303,-0.000000,0.000000,20.469558,pi+,139.728041,Solenoid_1_FieldVolume
26.446832,-51.557805,-472.015176,-0.000000,0.000000,20.469558,pi+,139.617779,Solenoid_1_FieldVolume
34.442408,-56.466663,-471.685092,-0.000000,0.000000,20.469558,mu+,109.348519,Solenoid_1_FieldVolume
34.034036,-54.441802,-482.527465,-0.000000,0.000000,20.469558,mu+,107.624179,Solenoid_1_FieldVolume
29.435101,-52.535487,-470.354195,-0.000000,0.000000,20.469558,mu+,106.666114,Solenoid_1_FieldVolume
-71.047246,45.265793,380.000000,-1.903080,1.212495,20.469558,pi-,460.040071,Solenoid_1_FieldVolume
30.527310,282.022946,4215.500000,0.258320,2.386459,6.298326,pi-,458.523417,Solenoid_1_FieldVolume
-19.883563,27.457246,380.000000,-0.532604,0.735473,20.469558,pi-,678.688423,Solenoid_1_FieldVolume
-53.857640,-67.074070,4215.500000,-0.455740,-0.567576,6.298326,pi-,677.833588,Solenoid_1_FieldVolume
-21.184575,-231.412004,8510.000000,-0.087300,-0.953635,3.149163,pi-,676.403554,Solenoid_1_FieldVolume
-279.130031,81.751560,12390.000000,-0.575139,0.168447,1.574581,pi-,675.391627,Solenoid_1_FieldVolume
21.386748,47.222243,2080.000000,0.352534,0.778400,12.596651,pi+,456.091919,Solenoid_1_FieldVolume
18.524914,2.163680,1230.000000,0.496211,0.057957,20.469558,pi-,362.655177,Solenoid_1_FieldVolume
25.365083,115.226622,4215.500000,0.214638,0.975040,6.298326,mu-,292.699447,Solenoid_1_FieldVolume
41.400750,-7.932174,1230.000000,1.108965,-0.212472,20.469558,pi-,2135.638116,Solenoid_1_FieldVolume
-93.889500,64.379689,5110.500000,-0.794487,0.544777,6.298326,pi-,2134.069964,Solenoid_1_FieldVolume
101.116072,-361.218368,9360.000000,0.416693,-1.488560,3.149163,pi-,2058.004334,Solenoid_1_FieldVolume
56.790841,113.167990,-470.000000,1.521206,3.031331,20.469558,pi+,1216.140268,Solenoid_1_FieldVolume
291.166657,137.144373,3780.000000,3.599642,1.695492,9.447488,pi+,1003.459934,Solenoid_1_FieldVolume
361.602295,447.573388,7660.000000,1.490142,1.844424,3.149163,pi+,818.908729,Solenoid_1_FieldVolume
431.976569,259.188080,10645.500000,1.827678,1.096616,3.149163,pi+,423.726373,Solenoid_1_FieldVolume
151.376775,-258.732904,-470.000000,4.054797,-6.930451,20.469558,pi-,517.981946,Solenoid_1_FieldVolume
231.159657,-255.851962,3780.000000,2.857786,-3.163053,9.447488,pi-,306.053162,Solenoid_1_FieldVolume
-165.528831,395.915206,380.000000,-4.433875,10.605033,20.469558,pi+,360.761276,Solenoid_1_FieldVolume
147.511102,147.448509,1230.000000,3.951250,3.949574,20.469558,pi-,1092.832514,Solenoid_1_FieldVolume
144.835766,148.399310,-470.000000,3.879588,3.975042,20.469558,pi+,285.501020,Solenoid_1_FieldVolume
-20.000174,273.481152,-1176.491023,0.000000,-0.000000,20.469558,pi+,220.417933,Solenoid_1_FieldVolume
77.866610,-0.029224,1230.000000,2.085744,-0.000783,20.469558,pi+,501.914930,Solenoid_1_FieldVolume
-5.038009,-84.996141,1230.000000,-0.134949,-2.276717,20.469558,pi+,266.288801,Solenoid_1_FieldVolume
11.842202,-87.064478,4215.500000,0.100208,-0.736734,6.298326,mu+,245.139812,Solenoid_1_FieldVolume
2.708637,20.968266,1230.000000,0.072554,0.561659,20.469558,pi-,446.869674,Solenoid_1_FieldVolume
83.521776,-27.583202,1230.000000,2.237224,-0.738847,20.469558,pi-,586.153359,Solenoid_1_FieldVolume
55.314441,-263.247763,5110.500000,0.468067,-2.227585,6.298326,pi-,584.923433,Solenoid_1_FieldVolume
233.013672,-201.028439,9360.000000,0.960236,-0.828426,3.149163,pi-,478.184093,Solenoid_1_FieldVolume
-43.084461,-13.750018,2080.000000,-0.710194,-0.226652,12.596651,mu+,211.841804,Solenoid_1_FieldVolume
-155.039840,-30.099787,5960.000000,-0.958365,-0.186059,4.723744,mu+,210.182693,Solenoid_1_FieldVolume
54.652012,-58.882263,-1300.000000,-1.633869,1.760336,20.469558,pi-,209.811076,Solenoid_1_FieldVolume
36.605148,57.217458,2080.000000,0.603391,0.943159,12.596651,mu-,225.978527,Solenoid_1_FieldVolume
74.391245,-121.070714,5960.000000,0.459843,-0.748388,4.723744,mu-,224.421401,Solenoid_1_FieldVolume
-46.071085,-160.980193,10210.000000,-0.189856,-0.663390,3.149163,mu-,175.988757,Solenoid_1_FieldVolume
30.395654,-13.382749,2930.000000,0.438405,-0.193023,11.022070,pi-,1635.827779,Solenoid_1_FieldVolume
-261.762281,-4.395356,6810.000000,-1.078707,-0.018113,3.149163,pi-,1595.687414,Solenoid_1_FieldVolume
116.832893,-135.724424,10645.500000,0.494316,-0.574245,3.149163,pi-,1479.758960,Solenoid_1_FieldVolume
216.993798,420.061982,14940.000000,0.447109,0.865525,1.574581,pi-,1407.908359,Solenoid_1_FieldVolume
-103.035745,40.172162,2080.000000,-1.698417,0.662189,12.596651,pi+,1122.001508,Solenoid_1_FieldVolume
-60.399586,-65.028982,2930.000000,-0.871161,-0.937932,11.022070,pi+,959.117374,Solenoid_1_FieldVolume
11.973390,-42.605391,-470.000000,0.320721,-1.141233,20.469558,pi-,522.778062,Solenoid_1_FieldVolume
163.591351,73.705203,3780.000000,2.022451,0.911205,9.447488,pi-,469.798979,Solenoid_1_FieldVolume
-15.466527,233.592491,380.000000,-0.414288,6.257037,20.469558,pi+,292.017963,Solenoid_1_FieldVolume
-32.102532,24.624773,2930.000000,-0.463024,0.355170,11.022070,pi-,1772.346018,Solenoid_1_FieldVolume
202.633915,-267.784495,6810.000000,0.835042,-1.103524,3.149163,pi-,1702.653246,Solenoid_1_FieldVolume
-58.548696,16.538560,380.000000,-1.568292,0.443004,20.469558,pi-,453.572444,Solenoid_1_FieldVolume
-95.413761,66.896697,4215.500000,-0.807385,0.566075,6.298326,pi-,452.748200,Solenoid_1_FieldVolume
-120.545593,-21.353638,8510.000000,-0.496761,-0.087997,3.149163,pi-,450.992480,Solenoid_1_FieldVolume
30.868350,25.348856,11540.500000,0.065301,0.053625,1.574581,mu-,352.255099,Solenoid_1_FieldVolume
106.758027,36.563962,15790.000000,0.219972,0.075339,1.574581,mu-,266.747766,Solenoid_1_FieldVolume
22.827821,36.810522,-470.000000,0.611469,0.986011,20.469558,pi+,259.594362,Solenoid_1_FieldVolume
-19.171358,23.577733,2930.000000,-0.276514,0.340069,11.022070,mu+,244.928331,Solenoid_1_FieldVolume
156.354236,146.105075,6810.000000,0.644327,0.602090,3.149163,mu+,242.949911,Solenoid_1_FieldVolume
52.483818,101.995185,10645.500000,0.222057,0.431538,3.149163,mu+,242.082582,Solenoid_1_FieldVolume
73.775577,28.775295,81.469530,-0.000000,-0.000000,20.469558,pi+,283.764872,Solenoid_1_FieldVolume
-60.500050,103.724886,3780.000000,-0.747952,1.282333,9.447488,mu+,263.784334,Solenoid_1_FieldVolume
14.744729,3.408726,380.000000,0.394954,0.091307,20.469558,pi+,1356.042721,Solenoid_1_FieldVolume
-77.821280,-88.939626,4215.500000,-0.658518,-0.752601,6.298326,pi+,1354.895598,Solenoid_1_FieldVolume
213.023466,598.792484,9360.000000,0.877857,2.467589,3.149163,pi+,1027.723965,Solenoid_1_FieldVolume
-49.751079,-57.028179,1230.000000,-1.332638,-1.527564,20.469558,pi-,411.192914,Solenoid_1_FieldVolume
-38.368061,-171.797445,4215.500000,-0.324668,-1.453738,6.298326,pi-,406.729168,Solenoid_1_FieldVolume
1.851446,-83.193927,-470.000000,0.049593,-2.228443,20.469558,pi-,1236.965452,Solenoid_1_FieldVolume
5.474393,26.791169,3780.000000,0.067679,0.331215,9.447488,pi-,1236.127376,Solenoid_1_FieldVolume
-9.282597,-212.299186,7660.000000,-0.038253,-0.874872,3.149163,pi-,1125.546361,Solenoid_1_FieldVolume
37.853642,10.297087,-470.000000,1.013952,0.275819,20.469558,pi+,277.389888,Solenoid_1_FieldVolume
-31.755823,-30.907512,3780.000000,-0.392592,-0.382104,9.447488,pi+,275.906152,Solenoid_1_FieldVolume
-80.078241,355.152383,-470.000000,-2.144985,9.513155,20.469558,pi+,424.600605,Solenoid_1_FieldVolume
-64.765305,170.645948,1230.000000,-1.734811,4.570943,20.469558,pi-,322.367251,Solenoid_1_FieldVolume
58.873207,-114.981910,380.000000,1.576985,-3.079919,20.469558,pi+,1065.486842,Solenoid_1_FieldVolume
65.538578,-168.319563,400.000000,-1.959332,5.032058,20.469558,mu-,141.918813,Solenoid_1_FieldVolume
277.448455,194.495381,2930.000000,4.001721,2.805264,11.022070,pi-,272.976494,Solenoid_1_FieldVolume
69.684352,106.945862,-470.000000,1.866574,2.864665,20.469558,pi-,379.153609,Solenoid_1_FieldVolume
62.594375,46.707040,2930.000000,0.902817,0.673669,11.022070,mu-,255.165902,Solenoid_1_FieldVolume
14.892391,-29.652914,380.000000,0.398909,-0.794287,20.469558,pi+,574.290995,Solenoid_1_FieldVolume
51.468007,-125.840052,4215.500000,0.435519,-1.064850,6.298326,mu+,500.906326,Solenoid_1_FieldVolume
65.780641,-258.677146,8510.000000,0.271078,-1.065993,3.149163,mu+,415.988102,Solenoid_1_FieldVolume
-34.189633,-33.075751,2080.000000,-0.563574,-0.545213,12.596651,pi-,626.041156,Solenoid_1_FieldVolume
111.223606,-671.446771,6810.000000,0.458346,-2.766993,3.149163,pi+,2565.648606,Solenoid_1_FieldVolume
-92.111615,-235.355076,-470.000000,-2.467313,-6.304250,20.469558,pi+,436.807165,Solenoid_1_FieldVolume
203.795453,9.774858,1693.023167,-0.000000,-0.000000,12.596651,pi+,647.126624,Solenoid_1_FieldVolume
96.816841,-74.281078,-470.000000,2.593348,-1.989702,20.469558,pi+,517.416463,Solenoid_1_FieldVolume
-105.711753,37.650314,1230.000000,-2.831608,1.008506,20.469558,pi+,1642.183373,Solenoid_1_FieldVolume
206.561816,-669.352273,5291.073894,-0.000000,0.000000,4.723744,pi+,755.476070,Solenoid_1_FieldVolume
-2.673093,-2.910600,1230.000000,-0.071602,-0.077964,20.469558,pi+,2255.808831,Solenoid_1_FieldVolume
12.347451,297.887951,5110.500000,0.104483,2.520707,6.298326,pi-,418.355917,Solenoid_1_FieldVolume
62.748197,-73.724022,2080.000000,1.034327,-1.215250,12.596651,pi+,330.512109,Solenoid_1_FieldVolume
-7.007158,-0.139321,2080.000000,-0.115504,-0.002297,12.596651,pi-,2713.388056,Solenoid_1_FieldVolume
47.435637,-45.456934,5960.000000,0.293219,-0.280988,4.723744,pi-,2711.959782,Solenoid_1_FieldVolume
91.535522,44.456681,10210.000000,0.377213,0.183203,3.149163,pi-,2710.866174,Solenoid_1_FieldVolume
34.369718,124.066344,14090.000000,0.070818,0.255635,1.574581,pi-,2709.757824,Solenoid_1_FieldVolume
-11.932824,15.366364,1230.000000,-0.319634,0.411605,20.469558,pi-,284.056442,Solenoid_1_FieldVolume
134.373433,134.298362,1230.000000,3.599343,3.597332,20.469558,pi-,555.899573,Solenoid_1_FieldVolume
-272.651717,39.403769,2930.000000,-3.932536,0.568332,11.022070,pi+,1365.370140,Solenoid_1_FieldVolume
-61.831285,-225.632087,2930.000000,-0.891811,-3.254358,11.022070,pi+,2228.506560,Solenoid_1_FieldVolume
306.811249,304.066861,6810.000000,1.264351,1.253042,3.149163,pi+,2142.370184,Solenoid_1_FieldVolume
-296.776696,114.208536,-470.000000,-7.949497,3.059204,20.469558,pi-,379.139709,Solenoid_1_FieldVolume
-50.743018,-61.766392,-470.000000,-1.359209,-1.654482,20.469558,pi+,2788.068688,Solenoid_1_FieldVolume
-113.583403,-127.676565,3780.000000,-1.404212,-1.578443,9.447488,pi+,2786.892776,Solenoid_1_FieldVolume
-249.536389,-173.637205,7660.000000,-1.028325,-0.715549,3.149163,pi+,242.662838,Solenoid_1_FieldVolume
83.171189,-62.746626,2930.000000,1.199603,-0.905013,11.022070,pi+,1315.298919,Solenoid_1_FieldVolume
333.818048,-42.287254,6810.000000,1.375645,-0.174263,3.149163,pi+,1242.395123,Solenoid_1_FieldVolume
149.641905,-41.765171,10645.500000,0.633130,-0.176707,3.149163,pi+,1103.984840,Solenoid_1_FieldVolume
303.656771,18.399599,14940.000000,0.625676,0.037912,1.574581,pi+,1037.109147,Solenoid_1_FieldVolume
-53.598133,43.118362,1230.000000,-1.435686,1.154974,20.469558,mu-,264.628706,Solenoid_1_FieldVolume
-132.949772,-91.660239,5110.500000,-1.125012,-0.775623,6.298326,mu-,263.329175,Solenoid_1_FieldVolume
-115.131436,-88.121693,9360.000000,-0.474450,-0.363144,3.149163,mu-,262.536484,Solenoid_1_FieldVolume
-46.745005,58.654179,13240.000000,-0.096317,0.120855,1.574581,mu-,168.775225,Solenoid_1_FieldVolume
-170.014640,-12.378201,17490.000000,-0.350310,-0.025505,1.574581,mu-,167.147546,Solenoid_1_FieldVolume
50.590143,143.856837,-1300.000000,-1.512436,-4.300724,20.469558,pi+,241.641398,Solenoid_1_FieldVolume
-3.125159,-71.635296,-470.000000,-0.083711,-1.918832,20.469558,pi+,551.677766,Solenoid_1_FieldVolume
68.624352,1.735968,3780.000000,0.848391,0.021461,9.447488,pi+,550.691885,Solenoid_1_FieldVolume
55.602118,47.752006,2080.000000,0.916532,0.787133,12.596651,pi+,679.460835,Solenoid_1_FieldVolume
33.732916,-13.920657,-470.000000,0.903574,-0.372880,20.469558,pi-,852.207427,Solenoid_1_FieldVolume
16.939117,-12.038748,2930.000000,0.244318,-0.173638,11.022070,pi-,849.113675,Solenoid_1_FieldVolume
-38.057817,-4.714440,6810.000000,-0.156834,-0.019428,3.149163,pi-,847.998785,Solenoid_1_FieldVolume
87.631040,57.430226,10645.500000,0.370764,0.242985,3.149163,pi-,847.242582,Solenoid_1_FieldVolume
-208.376537,-59.814737,14940.000000,-0.429354,-0.123247,1.574581,pi-,846.298148,Solenoid_1_FieldVolume
8.421121,11.141020,2080.000000,0.138812,0.183646,12.596651,pi+,487.888824,Solenoid_1_FieldVolume
-50.821724,-8.202439,1230.000000,-1.361317,-0.219712,20.469558,pi+,327.587088,Solenoid_1_FieldVolume
55.045355,-209.836156,5110.500000,0.465790,-1.775619,6.298326,pi+,325.913525,Solenoid_1_FieldVolume
140.028148,275.480717,1250.000000,-2.576161,-5.068143,12.596651,mu-,171.538052,Solenoid_1_FieldVolume
180.510268,-2.881631,-470.000000,4.835170,-0.077188,20.469558,mu+,124.934675,Solenoid_1_FieldVolume
-134.436367,121.667737,2930.000000,-1.939015,1.754850,11.022070,pi+,722.257122,Solenoid_1_FieldVolume
-16.122648,58.221801,380.000000,-0.431863,1.559536,20.469558,pi+,543.685474,Solenoid_1_FieldVolume
-86.363068,80.619360,4215.500000,-0.730798,0.682195,6.298326,pi+,542.900362,Solenoid_1_FieldVolume
-314.172889,31.379947,5980.000000,1.444995,-0.144328,3.149163,mu+,248.932821,Solenoid_1_FieldVolume
82.213840,-15.284507,-1161.789671,-0.000000,0.000000,20.469558,pi-,252.526130,Solenoid_1_FieldVolume
-62.959620,-33.952671,380.000000,-1.686444,-0.909460,20.469558,mu+,262.665901,Solenoid_1_FieldVolume
-45.270442,-108.337923,2080.000000,-0.746227,-1.785817,12.596651,mu+,121.548273,Solenoid_1_FieldVolume
-193.410183,-323.350073,3344.961234,0.000000,0.000000,9.447488,pi+,195.821424,Solenoid_1_FieldVolume
-56.836411,-243.902878,2930.000000,-0.819768,-3.517883,11.022070,pi+,291.378052,Solenoid_1_FieldVolume
-29.766998,53.306581,1230.000000,-0.797342,1.427877,20.469558,pi+,900.531006,Solenoid_1_FieldVolume
42.513541,-77.062135,-470.000000,1.138773,-2.064196,20.469558,mu+,149.255951,Solenoid_1_FieldVolume
8.390168,86.359700,380.000000,0.224740,2.313241,20.469558,pi+,2246.412355,Solenoid_1_FieldVolume
106.771099,4.705018,4215.500000,0.903490,0.039814,6.298326,pi+,2174.112961,Solenoid_1_FieldVolume
-153.105046,-129.291290,9360.000000,-0.630937,-0.532802,3.149163,pi+,219.065209,Solenoid_1_FieldVolume
37.363796,6.081948,6810.000000,0.153974,0.025063,3.149163,mu-,186.619738,Solenoid_1_FieldVolume
-376.059674,122.492431,7660.000000,-1.549720,0.504784,3.149163,pi+,738.124521,Solenoid_1_FieldVolume
38.708202,-120.280165,-667.332371,-0.000000,0.000000,20.469558,mu+,267.381919,Solenoid_1_FieldVolume
48.277325,-111.581513,-1246.620607,-0.000000,0.000000,20.469558,mu+,262.737591,Solenoid_1_FieldVolume
-295.840159,-265.424744,4215.500000,-2.503379,-2.246006,6.298326,pi+,320.626842,Solenoid_1_FieldVolume
-111.438000,-238.992881,4215.500000,-0.942981,-2.022341,6.298326,pi-,417.790017,Solenoid_1_FieldVolume
5.291880,47.001810,2930.000000,0.076326,0.677921,11.022070,pi-,1712.973876,Solenoid_1_FieldVolume
105.299363,66.075516,380.000000,2.820562,1.769907,20.469558,pi+,701.056501,Solenoid_1_FieldVolume
111.080378,154.106464,3780.000000,1.373267,1.905191,9.447488,mu+,554.769407,Solenoid_1_FieldVolume
-49.610917,22.758662,380.000000,-1.328884,0.609616,20.469558,pi-,226.168926,Solenoid_1_FieldVolume
-65.026082,57.837588,4215.500000,-0.550246,0.489418,6.298326,pi-,225.109765,Solenoid_1_FieldVolume
-72.421257,-153.330385,7774.501398,0.000000,0.000000,3.149163,pi-,223.250191,Solenoid_1_FieldVolume
24.353707,-140.353913,11540.500000,0.051520,-0.296916,1.574581,mu-,153.982289,Solenoid_1_FieldVolume
3.252417,-165.380860,15790.000000,0.006702,-0.340762,1.574581,mu-,152.919585,Solenoid_1_FieldVolume
-75.029892,3.593532,1230.000000,-2.009760,0.096257,20.469558,pi+,323.118161,Solenoid_1_FieldVolume
-77.826173,-510.804982,1230.000000,-2.084661,-13.682484,20.469558,mu+,154.107603,Solenoid_1_FieldVolume
59.134901,-142.666544,-450.000000,-1.767889,4.265139,20.469558,pi-,162.810482,Solenoid_1_FieldVolume
50.066306,-62.555446,3826.870643,-0.000000,0.000000,6.298326,pi-,195.172164,Solenoid_1_FieldVolume
-477.687880,-162.485481,2950.000000,6.591180,2.241989,9.447488,mu-,198.441919,Solenoid_1_FieldVolume
-431.506042,-206.896950,4215.500000,-3.651374,-1.750748,6.298326,pi-,159.973381,Solenoid_1_FieldVolume
2.789729,-451.089304,380.000000,0.074726,-12.082933,20.469558,mu+,120.024233,Solenoid_1_FieldVolume
454.254144,-144.808609,3780.000000,5.615865,-1.790244,9.447488,pi-,535.647543,Solenoid_1_FieldVolume
11.172747,-24.603428,-470.000000,0.299275,-0.659030,20.469558,pi+,987.795833,Solenoid_1_FieldVolume
2.592118,-48.141499,3780.000000,0.032046,-0.595165,9.447488,pi+,987.099702,Solenoid_1_FieldVolume
81.300977,15.943757,7660.000000,0.335037,0.065703,3.149163,pi+,986.008902,Solenoid_1_FieldVolume
-119.007726,33.272314,11540.500000,-0.251759,0.070387,1.574581,mu+,665.123067,Solenoid_1_FieldVolume
196.920637,154.468006,15790.000000,0.405749,0.318277,1.574581,mu+,664.359940,Solenoid_1_FieldVolume
54.623404,124.938421,2930.000000,0.787849,1.802024,11.022070,pi-,555.106520,Solenoid_1_FieldVolume
1.683146,179.218094,6810.000000,0.006936,0.738547,3.149163,pi-,553.882610,Solenoid_1_FieldVolume
-164.915396,185.697419,10645.500000,-0.697751,0.785679,3.149163,pi-,503.164287,Solenoid_1_FieldVolume
-24.719043,26.244423,-470.000000,-0.662127,0.702986,20.469558,pi+,1015.402122,Solenoid_1_FieldVolume
13.319036,-4.095603,3780.000000,0.164661,-0.050633,9.447488,pi+,1014.156347,Solenoid_1_FieldVolume
-83.115061,-97.404737,380.000000,-2.226330,-2.609095,20.469558,pi-,777.269204,Solenoid_1_FieldVolume
-96.644708,-161.751476,4215.500000,-0.817801,-1.368730,6.298326,pi-,776.304010,Solenoid_1_FieldVolume
-30.776523,136.628965,-470.000000,-0.824384,3.659760,20.469558,pi+,483.092294,Solenoid_1_FieldVolume
-16.218015,141.328840,3780.000000,-0.200500,1.747224,9.447488,pi+,328.178289,Solenoid_1_FieldVolume
61.405533,-10.018387,1230.000000,1.644816,-0.268354,20.469558,pi-,385.885019,Solenoid_1_FieldVolume
-108.146302,-17.435482,2930.000000,-1.559826,-0.251477,11.022070,pi+,797.589256,Solenoid_1_FieldVolume
-247.297639,89.716971,6810.000000,-1.019099,0.369718,3.149163,pi+,754.651646,Solenoid_1_FieldVolume
-162.061099,-67.351079,10645.500000,-0.685675,-0.284960,3.149163,pi+,694.612587,Solenoid_1_FieldVolume
-24.818546,-129.620757,380.000000,-0.664793,-3.472037,20.469558,pi+,1188.843675,Solenoid_1_FieldVolume
-87.321577,-187.609746,4215.500000,-0.738909,-1.587541,6.298326,pi+,1188.083720,Solenoid_1_FieldVolume
-52.316335,76.877693,2080.000000,-0.862370,1.267234,12.596651,pi+,460.199071,Solenoid_1_FieldVolume
-76.984585,96.401862,2930.000000,-1.110371,1.390432,11.022070,pi+,693.370417,Solenoid_1_FieldVolume
14.860834,130.532559,6810.000000,0.061241,0.537917,3.149163,pi+,615.620255,Solenoid_1_FieldVolume
-556.223119,-221.966684,10645.500000,-2.353361,-0.939133,3.149163,pi+,319.228265,Solenoid_1_FieldVolume
152.417516,-11.030323,2930.000000,2.198363,-0.159094,11.022070,pi+,497.112341,Solenoid_1_FieldVolume
-40.108586,90.542433,-470.000000,-1.074353,2.425281,20.469558,pi-,1031.453441,Solenoid_1_FieldVolume
-118.255569,146.602098,3780.000000,-1.461973,1.812416,9.447488,pi-,1030.777490,Solenoid_1_FieldVolume
20.355169,-275.673739,5110.500000,0.172244,-2.332732,6.298326,pi-,370.587044,Solenoid_1_FieldVolume
3.733027,182.097454,2080.000000,0.061534,3.001652,12.596651,pi+,575.874987,Solenoid_1_FieldVolume
-48.122278,105.570253,-470.000000,-1.289009,2.827818,20.469558,pi-,210.290015,Solenoid_1_FieldVolume
-104.039633,60.303321,3300.999088,0.000000,-0.000000,9.447488,pi-,208.776841,Solenoid_1_FieldVolume
-65.267883,-58.049754,380.000000,-1.748273,-1.554928,20.469558,pi+,270.694830,Solenoid_1_FieldVolume
20.314869,3.505744,4215.500000,0.171903,0.029665,6.298326,pi+,269.451939,Solenoid_1_FieldVolume
-63.154347,-286.673517,8510.000000,-0.260255,-1.181365,3.149163,pi+,215.713835,Solenoid_1_FieldVolume
0.666049,-81.859848,1230.000000,0.017841,-2.192708,20.469558,pi-,388.651106,Solenoid_1_FieldVolume
127.729546,78.645258,5110.500000,1.080839,0.665491,6.298326,pi-,387.161687,Solenoid_1_FieldVolume
138.091044,146.757439,9360.000000,0.569065,0.604779,3.149163,pi-,386.266163,Solenoid_1_FieldVolume
-397.982249,-380.368199,2930.000000,-5.740215,-5.486163,11.022070,pi+,423.628917,Solenoid_1_FieldVolume
193.804921,-36.841197,-470.000000,5.191282,-0.986833,20.469558,pi+,843.568648,Solenoid_1_FieldVolume
275.847595,7.923224,2930.000000,3.978631,0.114279,11.022070,mu+,437.737159,Solenoid_1_FieldVolume
-61.094123,236.137406,6810.000000,-0.251765,0.973108,3.149163,mu+,241.711997,Solenoid_1_FieldVolume
649.358094,261.407854,-1267.124310,-0.000000,-0.000000,20.469558,pi+,331.757379,Solenoid_1_FieldVolume
-46.091419,-78.881938,2080.000000,-0.759760,-1.300271,12.596651,pi-,538.641657,Solenoid_1_FieldVolume
-136.851759,-50.498810,5960.000000,-0.845937,-0.312154,4.723744,pi-,537.258651,Solenoid_1_FieldVolume
27.234930,-63.303952,10210.000000,0.112234,-0.260872,3.149163,pi-,536.329837,Solenoid_1_FieldVolume
-405.154246,121.662369,14090.000000,-0.834809,0.250682,1.574581,pi-,455.714981,Solenoid_1_FieldVolume
46.903674,-78.363354,-470.000000,1.256367,-2.099050,20.469558,pi-,382.538967,Solenoid_1_FieldVolume
54.148356,-72.020513,2930.000000,0.780998,-1.038773,11.022070,mu-,257.306197,Solenoid_1_FieldVolume
21.797325,46.727834,6810.000000,0.089825,0.192563,3.149163,mu-,256.056192,Solenoid_1_FieldVolume
-88.900593,-16.541350,10645.500000,-0.376135,-0.069986,3.149163,mu-,255.054048,Solenoid_1_FieldVolume
148.394488,-169.732245,14940.000000,0.305763,-0.349728,1.574581,mu-,253.728991,Solenoid_1_FieldVolume
-494.612758,495.336471,11814.684593,0.000000,-0.000000,1.574581,pi-,241.283343,Solenoid_1_FieldVolume
11.570167,-52.409933,380.000000,0.309920,-1.403859,20.469558,pi+,187.393342,Solenoid_1_FieldVolume
32.255696,-65.087908,3780.000000,0.398772,-0.804670,9.447488,mu+,142.442892,Solenoid_1_FieldVolume
-68.758350,-27.172064,-1300.000000,2.055590,0.812332,20.469558,pi-,218.745361,Solenoid_1_FieldVolume
-70.664867,148.118509,-470.000000,-1.892838,3.967520,20.469558,pi+,617.389930,Solenoid_1_FieldVolume
-140.769675,139.157978,3221.234919,0.000000,-0.000000,9.447488,pi+,472.349389,Solenoid_1_FieldVolume
234.388801,118.061046,1230.000000,6.278367,3.162397,20.469558,pi+,1850.367146,Solenoid_1_FieldVolume
403.137068,72.757147,5110.500000,3.411318,0.615666,6.298326,pi+,868.812910,Solenoid_1_FieldVolume
399.809500,179.397384,9360.000000,1.647592,0.739286,3.149163,pi+,705.783253,Solenoid_1_FieldVolume
-44.918152,-26.039735,-470.000000,-1.203183,-0.697504,20.469558,pi-,495.913731,Solenoid_1_FieldVolume
-30.331071,-22.086205,3780.000000,-0.374978,-0.273048,9.447488,pi-,495.142903,Solenoid_1_FieldVolume
-210.731582,-77.953983,7660.000000,-0.868412,-0.321244,3.149163,pi-,494.049009,Solenoid_1_FieldVolume
-153.792614,21.103033,2930.000000,-2.218196,0.304375,11.022070,pi+,624.784801,Solenoid_1_FieldVolume
115.967968,104.790163,2930.000000,1.672640,1.511419,11.022070,pi-,637.406580,Solenoid_1_FieldVolume
118.742269,2.989496,380.000000,3.180645,0.080077,20.469558,mu+,557.253490,Solenoid_1_FieldVolume
189.277409,-29.451252,4215.500000,1.601652,-0.249214,6.298326,mu+,556.489590,Solenoid_1_FieldVolume
-93.014398,40.767512,2930.000000,-1.341574,0.588002,11.022070,pi+,325.625376,Solenoid_1_FieldVolume
-37.809105,30.674616,-470.000000,-1.012759,0.821654,20.469558,pi-,447.020793,Solenoid_1_FieldVolume
-9.150475,84.526413,3780.000000,-0.113126,1.044985,9.447488,pi-,446.109311,Solenoid_1_FieldVolume
-92.110042,156.481297,2930.000000,-1.328530,2.256976,11.022070,pi-,1048.979162,Solenoid_1_FieldVolume
-111.415142,195.463424,6810.000000,-0.459135,0.805493,3.149163,pi-,659.394128,Solenoid_1_FieldVolume
96.136396,-31.204115,-470.000000,2.575121,-0.835837,20.469558,pi+,1018.283014,Solenoid_1_FieldVolume
-22.977485,5.288134,3780.000000,-0.284067,0.065376,9.447488,pi+,920.525499,Solenoid_1_FieldVolume
-15.138697,-40.851998,-470.000000,-0.405507,-1.094267,20.469558,mu-,326.096397,Solenoid_1_FieldVolume
-65.183584,-89.744277,1140.088710,0.000000,0.000000,20.469558,pi+,189.045915,Solenoid_1_FieldVolume
5.835852,-52.550877,4215.500000,0.049383,-0.444682,6.298326,mu+,134.008829,Solenoid_1_FieldVolume
-30.819398,104.926033,2080.000000,-0.508020,1.729576,12.596651,pi+,552.808827,Solenoid_1_FieldVolume
79.655634,1.416006,2080.000000,1.313025,0.023341,12.596651,pi+,644.518669,Solenoid_1_FieldVolume
30.641290,47.724178,380.000000,0.820761,1.278346,20.469558,pi-,595.660632,Solenoid_1_FieldVolume
-30.505497,92.467292,4215.500000,-0.258135,0.782452,6.298326,pi-,593.698366,Solenoid_1_FieldVolume
-282.844218,110.919578,7660.000000,-1.165584,0.457093,3.149163,mu-,340.827363,Solenoid_1_FieldVolume
-51.016139,-13.036459,2080.000000,-0.840938,-0.214890,12.596651,pi+,326.555872,Solenoid_1_FieldVolume
-48.074936,-302.984097,2080.000000,-0.792456,-4.994319,12.596651,pi-,299.579993,Solenoid_1_FieldVolume
46.117767,118.416832,2930.000000,0.665170,1.707961,11.022070,pi-,628.835470,Solenoid_1_FieldVolume
-43.909117,-98.651388,2548.503116,0.000000,0.000000,11.022070,pi-,2071.537853,Solenoid_1_FieldVolume
28.650800,124.150297,5960.000000,0.177102,0.767424,4.723744,pi-,2065.732608,Solenoid_1_FieldVolume
695.818437,76.398319,9141.450660,-0.000000,-0.000000,3.149163,pi-,816.247382,Solenoid_1_FieldVolume
-50.668404,55.272353,-470.000000,-1.357210,1.480532,20.469558,pi+,1210.927220,Solenoid_1_FieldVolume
-166.952576,15.219878,3780.000000,-2.064006,0.188161,9.447488,pi+,1210.043639,Solenoid_1_FieldVolume
33.317087,79.353340,2080.000000,0.549191,1.308042,12.596651,mu-,1128.845353,Solenoid_1_FieldVolume
-237.734426,8.047176,5960.000000,-1.469534,0.049743,4.723744,mu-,1126.473779,Solenoid_1_FieldVolume
208.377026,448.689409,10210.000000,0.858710,1.849023,3.149163,mu-,962.777300,Solenoid_1_FieldVolume
132.672182,-36.101974,1230.000000,3.553773,-0.967032,20.469558,pi-,2063.839197,Solenoid_1_FieldVolume
40.255926,-58.087201,4215.500000,0.340643,-0.491530,6.298326,mu-,2018.915623,Solenoid_1_FieldVolume
379.024737,-46.891787,8510.000000,1.561939,-0.193238,3.149163,mu-,1901.158935,Solenoid_1_FieldVolume
-271.777911,118.747027,12390.000000,-0.559990,0.244675,1.574581,mu-,673.992316,Solenoid_1_FieldVolume
-54.953919,15.990908,1230.000000,-1.472002,0.428334,20.469558,pi+,629.884712,Solenoid_1_FieldVolume
91.183259,111.126402,5110.500000,0.771587,0.940344,6.298326,pi+,628.758403,Solenoid_1_FieldVolume
135.570983,76.615875,9360.000000,0.558680,0.315730,3.149163,pi+,628.069282,Solenoid_1_FieldVolume
-183.670595,362.908830,13240.000000,-0.378448,0.747763,1.574581,pi+,588.061942,Solenoid_1_FieldVolume
-196.664806,-19.115093,17490.000000,-0.405222,-0.039386,1.574581,pi+,478.261853,Solenoid_1_FieldVolume
237.138388,191.447496,-470.000000,6.352018,5.128136,20.469558,pi-,362.183414,Solenoid_1_FieldVolume
-15.320034,-19.953749,-470.000000,-0.410364,-0.534484,20.469558,pi+,719.504343,Solenoid_1_FieldVolume
17.323211,11.921497,3780.000000,0.214164,0.147383,9.447488,pi+,718.875318,Solenoid_1_FieldVolume
61.914388,24.503455,380.000000,1.658446,0.656353,20.469558,pi+,344.843204,Solenoid_1_FieldVolume
213.475393,150.377312,4215.500000,1.806414,1.272482,6.298326,pi+,343.654232,Solenoid_1_FieldVolume
-167.437308,28.067926,2930.000000,-2.414998,0.404832,11.022070,pi+,1466.180557,Solenoid_1_FieldVolume
9.125700,15.615441,380.000000,0.244442,0.418277,20.469558,pi+,609.078625,Solenoid_1_FieldVolume
36.069854,65.006123,4215.500000,0.305221,0.550077,6.298326,pi+,608.243675,Solenoid_1_FieldVolume
249.578433,-16.299905,8510.000000,1.028498,-0.067171,3.149163,pi+,606.874895,Solenoid_1_FieldVolume
89.125623,-2.198149,2080.000000,1.469126,-0.036234,12.596651,mu-,212.947216,Solenoid_1_FieldVolume
-95.858614,-145.449170,2930.000000,-1.382597,-2.097856,11.022070,pi+,1158.809393,Solenoid_1_FieldVolume
69.020169,159.875328,380.000000,1.848783,4.282440,20.469558,pi-,573.343526,Solenoid_1_FieldVolume
-4.031311,307.475006,3780.000000,-0.049838,3.801260,9.447488,mu-,358.772783,Solenoid_1_FieldVolume
145.808851,-6.374721,-470.000000,3.905654,-0.170754,20.469558,pi+,679.408154,Solenoid_1_FieldVolume
144.513286,150.776482,3780.000000,1.786592,1.864023,9.447488,pi+,630.844564,Solenoid_1_FieldVolume
565.747735,213.381109,380.000000,15.154187,5.715652,20.469558,pi-,1160.526681,Solenoid_1_FieldVolume
53.359879,-289.311306,-470.000000,1.429304,-7.749528,20.469558,pi+,228.486317,Solenoid_1_FieldVolume
79.516433,91.264299,2080.000000,1.310730,1.504379,12.596651,pi+,673.015484,Solenoid_1_FieldVolume
88.431792,228.722799,5960.000000,0.546633,1.413830,4.723744,pi+,634.992822,Solenoid_1_FieldVolume
219.351747,-66.218494,2080.000000,3.615743,-1.091530,12.596651,pi+,1192.624488,Solenoid_1_FieldVolume
31.162081,47.700889,380.000000,0.834711,1.277722,20.469558,mu+,134.002532,Solenoid_1_FieldVolume
-32.375043,50.428421,4215.500000,-0.273955,0.426722,6.298326,mu+,128.691824,Solenoid_1_FieldVolume
21.878395,24.724186,2930.000000,0.315559,0.356604,11.022070,pi-,560.763958,Solenoid_1_FieldVolume
-16.422416,-113.640738,1230.000000,-0.439893,-3.043995,20.469558,pi+,662.950956,Solenoid_1_FieldVolume
-150.142034,115.282205,2930.000000,-2.165543,1.662749,11.022070,mu-,281.378879,Solenoid_1_FieldVolume
282.166112,45.832279,2080.000000,4.651160,0.755489,12.596651,pi-,483.580981,Solenoid_1_FieldVolume
101.279336,-16.360089,380.000000,2.712881,-0.438223,20.469558,pi-,505.442417,Solenoid_1_FieldVolume
-21.539578,187.872308,4215.500000,-0.182266,1.589762,6.298326,pi-,504.361370,Solenoid_1_FieldVolume
-47.037831,114.638407,-470.000000,-1.259961,3.070718,20.469558,pi+,1585.001358,Solenoid_1_FieldVolume
-126.175775,129.252944,3780.000000,-1.559889,1.597932,9.447488,pi+,1584.160073,Solenoid_1_FieldVolume
-164.176142,-78.679867,6810.000000,-0.676560,-0.324235,3.149163,pi-,677.677990,Solenoid_1_FieldVolume
-204.667009,8.442626,10572.807139,0.000000,-0.000000,3.149163,pi-,532.019023,Solenoid_1_FieldVolume
517.972526,470.855033,13491.599968,-0.000000,-0.000000,1.574581,mu-,420.599292,Solenoid_1_FieldVolume
-40.221184,104.209103,380.000000,-1.077370,2.791358,20.469558,pi-,430.423795,Solenoid_1_FieldVolume
-28.702595,61.620369,3780.000000,-0.354845,0.761802,9.447488,mu-,274.315623,Solenoid_1_FieldVolume
78.485527,48.176942,-470.000000,2.102323,1.290473,20.469558,pi+,623.024495,Solenoid_1_FieldVolume
163.193097,115.419005,3780.000000,2.017528,1.426905,9.447488,pi+,621.945542,Solenoid_1_FieldVolume
-106.716064,-304.787736,1230.000000,-2.858509,-8.164081,20.469558,pi+,1139.470741,Solenoid_1_FieldVolume
236.512676,22.158958,5110.500000,2.001354,0.187508,6.298326,pi+,991.726180,Solenoid_1_FieldVolume
76.410527,312.019405,9360.000000,0.314883,1.285814,3.149163,pi+,737.358047,Solenoid_1_FieldVolume
126.929001,65.027393,2080.000000,2.092268,1.071896,12.596651,pi+,1560.967235,Solenoid_1_FieldVolume
-182.017008,-18.712790,2080.000000,-3.000326,-0.308457,12.596651,pi+,698.490039,Solenoid_1_FieldVolume
-5.426468,47.057334,1230.000000,-0.145354,1.260483,20.469558,pi+,293.273076,Solenoid_1_FieldVolume
195.732342,49.983350,8510.000000,0.806602,0.205978,3.149163,pi-,395.334729,Solenoid_1_FieldVolume
-510.732589,275.597977,10645.500000,-2.160892,1.166046,3.149163,pi-,679.046613,Solenoid_1_FieldVolume
-35.797540,38.433471,2080.000000,-0.590078,0.633528,12.596651,pi+,2480.367112,Solenoid_1_FieldVolume
108.157327,-8.498372,5960.000000,0.668565,-0.052532,4.723744,pi+,2479.077249,Solenoid_1_FieldVolume
-36.424636,-182.332907,10210.000000,-0.150104,-0.751383,3.149163,pi+,2478.042847,Solenoid_1_FieldVolume
-231.953244,-229.874819,14090.000000,-0.477933,-0.473650,1.574581,pi+,2419.125281,Solenoid_1_FieldVolume
82.959422,448.933354,-470.000000,2.222161,12.025183,20.469558,pi+,209.772646,Solenoid_1_FieldVolume
34.973477,12.253277,2930.000000,0.504433,0.176733,11.022070,pi+,882.160531,Solenoid_1_FieldVolume
37.655815,-48.362225,6810.000000,0.155177,-0.199298,3.149163,pi+,880.561572,Solenoid_1_FieldVolume
114.764132,77.604566,10645.500000,0.485563,0.328342,3.149163,pi+,879.728173,Solenoid_1_FieldVolume
13.055064,-207.227739,14940.000000,0.026900,-0.426987,1.574581,pi+,878.223753,Solenoid_1_FieldVolume
15.020771,90.445301,-470.000000,0.402348,2.422679,20.469558,pi+,479.675622,Solenoid_1_FieldVolume
56.714388,158.559303,2930.000000,0.818008,2.286948,11.022070,mu+,447.605509,Solenoid_1_FieldVolume
46.905347,-86.458137,380.000000,1.256412,-2.315878,20.469558,pi+,2897.343929,Solenoid_1_FieldVolume
155.754072,-83.060651,4215.500000,1.317980,-0.702853,6.298326,pi+,2896.543967,Solenoid_1_FieldVolume
83.586926,-95.253714,5960.000000,0.516685,-0.588802,4.723744,pi+,212.776184,Solenoid_1_FieldVolume
-144.819927,-19.400234,9360.000000,-0.596794,-0.079947,3.149163,mu+,237.012593,Solenoid_1_FieldVolume
144.760020,123.775547,2434.410671,-0.000000,-0.000000,11.022070,pi-,373.752867,Solenoid_1_FieldVolume
20.217413,148.385533,1230.000000,0.541546,3.974673,20.469558,pi+,777.652583,Solenoid_1_FieldVolume
58.468753,-97.174763,2080.000000,0.963785,-1.601806,12.596651,pi+,687.200989,Solenoid_1_FieldVolume
236.982216,-126.771196,5960.000000,1.464885,-0.783625,4.723744,pi+,650.446915,Solenoid_1_FieldVolume
108.478707,-130.189319,9360.000000,0.447034,-0.536503,3.149163,mu+,416.243437,Solenoid_1_FieldVolume
-123.067434,286.065492,13240.000000,-0.253577,0.589430,1.574581,mu+,415.340043,Solenoid_1_FieldVolume
-145.956295,331.072848,17490.000000,-0.300739,0.682166,1.574581,mu+,292.068989,Solenoid_1_FieldVolume
48.165400,-18.103171,2080.000000,0.793947,-0.298408,12.596651,pi+,200.906619,Solenoid_1_FieldVolume
148.688968,20.686838,1230.000000,3.982801,0.554120,20.469558,pi+,1518.951153,Solenoid_1_FieldVolume
213.459524,-313.480522,6810.000000,0.879654,-1.291835,3.149163,mu+,223.963423,Solenoid_1_FieldVolume
5.671124,44.490879,2080.000000,0.093481,0.733377,12.596651,mu+,926.820556,Solenoid_1_FieldVolume
-34.180256,-147.529525,5960.000000,-0.211282,-0.911941,4.723744,mu+,925.719666,Solenoid_1_FieldVolume
122.572856,30.177402,10210.000000,0.505116,0.124359,3.149163,mu+,924.805512,Solenoid_1_FieldVolume
-213.962411,-357.082477,14090.000000,-0.440863,-0.735758,1.574581,mu+,884.886233,Solenoid_1_FieldVolume
-66.953037,-33.008162,1230.000000,-1.793412,-0.884161,20.469558,pi-,258.249022,Solenoid_1_FieldVolume
-76.394523,-106.129292,5110.500000,-0.646445,-0.898059,6.298326,pi-,225.786101,Solenoid_1_FieldVolume
-98.059122,-84.459246,9360.000000,-0.404096,-0.348052,3.149163,pi-,224.086793,Solenoid_1_FieldVolume
-117.954279,-33.673306,1230.000000,-3.159538,-0.901977,20.469558,pi-,252.683871,Solenoid_1_FieldVolume
-93.822361,-18.810098,4215.500000,-0.793918,-0.159170,6.298326,mu-,234.106127,Solenoid_1_FieldVolume
-199.485164,241.372690,2080.000000,-3.288267,3.978731,12.596651,pi+,355.807515,Solenoid_1_FieldVolume
-38.627402,134.686602,2080.000000,-0.636725,2.220143,12.596651,mu-,222.656422,Solenoid_1_FieldVolume
69.122336,98.857692,5960.000000,0.427274,0.611080,4.723744,mu-,221.331420,Solenoid_1_FieldVolume
79.326635,-5.171427,10210.000000,0.326900,-0.021311,3.149163,mu-,220.546937,Solenoid_1_FieldVolume
157.444036,206.729060,-470.000000,4.217315,5.537470,20.469558,pi-,300.422970,Solenoid_1_FieldVolume
-26.287755,47.907864,-470.000000,-0.704147,1.283266,20.469558,pi+,267.373964,Solenoid_1_FieldVolume
-36.172878,111.295404,2930.000000,-0.521732,1.605246,11.022070,mu+,217.812533,Solenoid_1_FieldVolume
-4.779813,-24.364607,2080.000000,-0.078789,-0.401621,12.596651,pi-,261.981837,Solenoid_1_FieldVolume
-175.133712,108.913869,-470.000000,-4.691153,2.917380,20.469558,pi+,1503.948185,Solenoid_1_FieldVolume
2.072340,110.926018,3780.000000,0.025620,1.371359,9.447488,pi+,1382.451113,Solenoid_1_FieldVolume
-159.754250,-230.808469,1230.000000,-4.279197,-6.182464,20.469558,mu-,308.485542,Solenoid_1_FieldVolume
209.003737,125.783426,2080.000000,3.445169,2.073385,12.596651,pi+,353.475870,Solenoid_1_FieldVolume
-54.888465,-24.182172,380.000000,-1.470249,-0.647747,20.469558,pi-,678.613618,Solenoid_1_FieldVolume
-46.184210,49.852367,4215.500000,-0.390808,0.421847,6.298326,pi-,677.801025,Solenoid_1_FieldVolume
-80.371782,164.684024,8510.000000,-0.331207,0.678653,3.149163,pi-,676.636423,Solenoid_1_FieldVolume
123.737865,-68.184586,12390.000000,0.254958,-0.140492,1.574581,pi-,675.122768,Solenoid_1_FieldVolume
629.657346,-68.622488,16640.000000,1.297391,-0.141395,1.574581,pi-,539.944120,Solenoid_1_FieldVolume
11.985693,-185.139232,380.000000,0.321050,-4.959162,20.469558,pi+,717.335274,Solenoid_1_FieldVolume
135.994986,-250.246513,4215.500000,1.150780,-2.117569,6.298326,pi+,633.489272,Solenoid_1_FieldVolume
-150.507706,-85.283047,380.000000,-4.031518,-2.284402,20.469558,pi+,3130.960926,Solenoid_1_FieldVolume
-115.476725,-319.211228,4215.500000,-0.977156,-2.701143,6.298326,pi+,2981.758387,Solenoid_1_FieldVolume
-47.180815,-22.140076,1230.000000,-1.263791,-0.593047,20.469558,pi-,520.749524,Solenoid_1_FieldVolume
78.197819,260.978372,5110.500000,0.661705,2.208381,6.298326,pi-,519.521388,Solenoid_1_FieldVolume
157.633146,133.892790,8510.000000,0.649597,0.551764,3.149163,mu-,330.878437,Solenoid_1_FieldVolume
13.563295,-195.213622,1230.000000,0.363308,-5.229016,20.469558,pi+,673.491336,Solenoid_1_FieldVolume
-111.574851,-129.039029,380.000000,-2.988657,-3.456455,20.469558,pi-,343.927539,Solenoid_1_FieldVolume
-93.613825,-160.658329,1230.000000,-2.507551,-4.303413,20.469558,pi-,273.107520,Solenoid_1_FieldVolume
51.441300,-153.410802,2080.000000,0.847946,-2.528788,12.596651,pi-,453.537318,Solenoid_1_FieldVolume
24.449066,229.835289,-1095.459056,-0.000000,-0.000000,20.469558,mu+,107.238674,Solenoid_1_FieldVolume
22.105150,232.559546,-1108.102941,-0.000000,-0.000000,20.469558,mu+,106.473387,Solenoid_1_FieldVolume
25.030341,233.746582,-1114.192883,-0.000000,-0.000000,20.469558,mu+,106.079312,Solenoid_1_FieldVolume
22.889352,234.360532,-1116.248295,-0.000000,-0.000000,20.469558,mu+,105.868570,Solenoid_1_FieldVolume
23.131530,233.123104,-1117.168678,-0.000000,-0.000000,20.469558,mu+,105.747372,Solenoid_1_FieldVolume
23.694177,233.785322,-1117.275468,-0.000000,-0.000000,20.469558,mu+,105.668424,Solenoid_1_FieldVolume
-486.595952,154.256353,1230.000000,-13.034018,4.131929,20.469558,mu-,265.863512,Solenoid_1_FieldVolume
-205.743835,367.063897,12390.000000,-0.423929,0.756324,1.574581,pi+,569.181258,Solenoid_1_FieldVolume
-58.870960,-198.297357,-470.000000,-1.576925,-5.311617,20.469558,pi+,1418.932187,Solenoid_1_FieldVolume
-254.556165,-62.959705,-470.000000,-6.818572,-1.686446,20.469558,pi+,618.700795,Solenoid_1_FieldVolume
-334.963900,-43.936617,545.296995,0.000000,0.000000,20.469558,pi+,208.479624,Solenoid_1_FieldVolume
113.307154,-33.105077,2080.000000,1.867729,-0.545696,12.596651,pi+,1435.703663,Solenoid_1_FieldVolume
5.327550,-10.709019,2080.000000,0.087818,-0.176525,12.596651,pi+,389.847612,Solenoid_1_FieldVolume
88.445826,-53.061577,5110.500000,0.748423,-0.449003,6.298326,mu+,340.486498,Solenoid_1_FieldVolume
41.901399,-84.596467,9360.000000,0.172673,-0.348617,3.149163,mu+,339.545375,Solenoid_1_FieldVolume
-44.559411,-172.752231,13240.000000,-0.091813,-0.355951,1.574581,mu+,338.357864,Solenoid_1_FieldVolume
-33.813086,-185.767865,17490.000000,-0.069671,-0.382769,1.574581,mu+,337.400097,Solenoid_1_FieldVolume
80.950339,-109.354999,2930.000000,1.167571,-1.577259,11.022070,pi-,491.903719,Solenoid_1_FieldVolume
-97.241938,38.669506,2080.000000,-1.602913,0.637419,12.596651,pi-,2000.185862,Solenoid_1_FieldVolume
138.142356,61.710741,5960.000000,0.853915,0.381460,4.723744,pi-,1998.808589,Solenoid_1_FieldVolume
-145.085044,282.967887,10210.000000,-0.597887,1.166094,3.149163,pi-,1880.811513,Solenoid_1_FieldVolume
-251.295984,109.061900,380.000000,-6.731245,2.921345,20.469558,pi-,375.714703,Solenoid_1_FieldVolume
196.674443,112.149578,2080.000000,3.241936,1.848648,12.596651,pi+,927.780690,Solenoid_1_FieldVolume
74.101089,-6.274349,2080.000000,1.221465,-0.103425,12.596651,pi+,294.129155,Solenoid_1_FieldVolume
279.736597,295.130742,-470.000000,7.493058,7.905408,20.469558,pi+,284.509065,Solenoid_1_FieldVolume
100.150813,-205.081412,-470.000000,2.682652,-5.493336,20.469558,pi-,1438.148473,Solenoid_1_FieldVolume
58.043952,-103.559339,2080.000000,0.956783,-1.707048,12.596651,pi-,452.212846,Solenoid_1_FieldVolume
45.526611,-99.324919,14940.000000,0.093806,-0.204656,1.574581,pi-,972.993931,Solenoid_1_FieldVolume
357.438942,376.040569,14090.000000,0.736493,0.774821,1.574581,pi+,764.900767,Solenoid_1_FieldVolume
186.252069,89.221093,13240.000000,0.383767,0.183837,1.574581,pi-,782.935095,Solenoid_1_FieldVolume
133.808338,47.641445,13240.000000,0.275708,0.098164,1.574581,pi-,212.613089,Solenoid_1_FieldVolume
134.425858,45.893153,17490.000000,0.276981,0.094562,1.574581,pi-,211.321724,Solenoid_1_FieldVolume
312.126202,-111.657938,1230.000000,8.360650,-2.990883,20.469558,pi+,784.069520,Solenoid_1_FieldVolume
-53.957185,226.011417,2646.747460,0.000000,-0.000000,11.022070,pi-,663.534184,Solenoid_1_FieldVolume
134.941202,48.785495,4215.500000,1.141863,0.412819,6.298326,pi-,242.856724,Solenoid_1_FieldVolume
41.427691,17.878284,-470.000000,1.109687,0.478890,20.469558,pi+,847.502226,Solenoid_1_FieldVolume
83.664949,-26.935152,3780.000000,1.034335,-0.332995,9.447488,pi+,846.729555,Solenoid_1_FieldVolume
141.074969,16.870128,7660.000000,0.581362,0.069521,3.149163,pi+,845.519348,Solenoid_1_FieldVolume
-56.030864,134.413813,11540.500000,-0.118532,0.284350,1.574581,pi+,844.351114,Solenoid_1_FieldVolume
21.905429,146.587136,1230.000000,0.586761,3.926501,20.469558,pi-,1076.949118,Solenoid_1_FieldVolume
145.819591,-115.995282,5110.500000,1.233915,-0.981544,6.298326,pi-,1074.909954,Solenoid_1_FieldVolume
-104.302092,-96.723622,1230.000000,-2.793848,-2.590851,20.469558,pi-,511.738749,Solenoid_1_FieldVolume
-77.761678,89.993900,-470.000000,-2.082934,2.410588,20.469558,pi+,428.808752,Solenoid_1_FieldVolume
-27.701354,114.932590,3780.000000,-0.342467,1.420892,9.447488,pi+,427.908383,Solenoid_1_FieldVolume
-163.517585,-0.749988,6810.000000,-0.673846,-0.003091,3.149163,mu+,231.359295,Solenoid_1_FieldVolume
-161.984467,52.281009,10645.500000,-0.685351,0.221199,3.149163,mu+,230.505490,Solenoid_1_FieldVolume
-34.156965,72.196955,14940.000000,-0.070379,0.148760,1.574581,mu+,185.152464,Solenoid_1_FieldVolume
303.293089,-13.481429,2930.000000,4.374486,-0.194447,11.022070,pi-,412.896508,Solenoid_1_FieldVolume
-73.950184,45.659128,2930.000000,-1.066605,0.658555,11.022070,pi+,572.293620,Solenoid_1_FieldVolume
-55.666953,6.727900,6810.000000,-0.229400,0.027725,3.149163,pi+,537.343177,Solenoid_1_FieldVolume
-26.721223,55.530507,1230.000000,-0.715758,1.487447,20.469558,pi+,482.227776,Solenoid_1_FieldVolume
99.376638,23.156540,5110.500000,0.840918,0.195949,6.298326,pi+,480.939549,Solenoid_1_FieldVolume
17.869392,59.892262,9360.000000,0.073639,0.246813,3.149163,pi+,480.154012,Solenoid_1_FieldVolume
-5.289372,-159.937576,13240.000000,-0.010899,-0.329547,1.574581,pi+,479.178192,Solenoid_1_FieldVolume
164.074834,-30.293865,17490.000000,0.338071,-0.062420,1.574581,pi+,478.411890,Solenoid_1_FieldVolume
179.081476,86.060107,8510.000000,0.737984,0.354649,3.149163,pi-,253.251592,Solenoid_1_FieldVolume
57.270075,-162.892857,1230.000000,1.534043,-4.363268,20.469558,mu-,122.167838,Solenoid_1_FieldVolume
8.413281,17.467520,380.000000,0.225359,0.467887,20.469558,pi+,1390.200966,Solenoid_1_FieldVolume
31.530982,-18.558131,4215.500000,0.266813,-0.157038,6.298326,pi+,1389.465322,Solenoid_1_FieldVolume
-61.215895,130.580642,8510.000000,-0.252267,0.538115,3.149163,pi+,1388.289962,Solenoid_1_FieldVolume
145.772120,19.480767,12390.000000,0.300359,0.040140,1.574581,pi+,1387.166997,Solenoid_1_FieldVolume
47.644409,-237.330079,16640.000000,0.098170,-0.489012,1.574581,pi+,1386.074287,Solenoid_1_FieldVolume
128.846101,-167.465643,1230.000000,3.451287,-4.485755,20.469558,mu-,433.689605,Solenoid_1_FieldVolume
-594.059318,370.261430,1277.398591,0.000000,-0.000000,12.596651,pi+,348.801573,Solenoid_1_FieldVolume
9.802266,-45.556314,-470.000000,0.262565,-1.220277,20.469558,pi+,753.441916,Solenoid_1_FieldVolume
17.191053,-35.015559,3780.000000,0.212530,-0.432891,9.447488,pi+,752.676419,Solenoid_1_FieldVolume
30.817843,-17.364109,7660.000000,0.126999,-0.071556,3.149163,pi+,751.251766,Solenoid_1_FieldVolume
-123.930437,-38.728686,11540.500000,-0.262173,-0.081930,1.574581,pi+,750.176064,Solenoid_1_FieldVolume
172.210416,103.240932,15790.000000,0.354835,0.212725,1.574581,pi+,749.446596,Solenoid_1_FieldVolume
47.379539,58.706612,1230.000000,1.269114,1.572522,20.469558,pi+,576.167779,Solenoid_1_FieldVolume
62.822561,165.648645,5110.500000,0.531600,1.401708,6.298326,pi+,574.923048,Solenoid_1_FieldVolume
52.438246,208.512956,8510.000000,0.216095,0.859270,3.149163,pi+,572.220087,Solenoid_1_FieldVolume
-121.284993,258.151070,12390.000000,-0.249904,0.531913,1.574581,pi+,571.098501,Solenoid_1_FieldVolume
35.830821,-16.513528,2080.000000,0.590627,-0.272205,12.596651,pi+,1103.201663,Solenoid_1_FieldVolume
-198.840688,43.046782,5960.000000,-1.229116,0.266090,4.723744,pi+,1101.557653,Solenoid_1_FieldVolume
-477.628903,26.020759,3780.000000,-5.904843,0.321690,9.447488,mu-,166.014176,Solenoid_1_FieldVolume
70.424796,-89.930251,380.000000,1.886407,-2.408883,20.469558,mu+,139.755598,Solenoid_1_FieldVolume
129.155305,47.226846,380.000000,3.459570,1.265024,20.469558,pi+,788.862375,Solenoid_1_FieldVolume
77.490047,-28.041425,1230.000000,2.075658,-0.751121,20.469558,pi-,538.577345,Solenoid_1_FieldVolume
-87.792920,-5.755251,-470.000000,-2.351632,-0.154161,20.469558,pi-,293.880726,Solenoid_1_FieldVolume
22.947389,-82.441602,2930.000000,0.330977,-1.189080,11.022070,pi+,275.034128,Solenoid_1_FieldVolume
-121.664944,48.755308,2930.000000,-1.754809,0.703212,11.022070,pi-,1503.237273,Solenoid_1_FieldVolume
-29.812838,17.146324,380.000000,-0.798570,0.459284,20.469558,pi+,499.561780,Solenoid_1_FieldVolume
10.017377,19.951384,4215.500000,0.084766,0.168827,6.298326,pi+,498.528960,Solenoid_1_FieldVolume
-31.499792,-167.349946,8510.000000,-0.129809,-0.689639,3.149163,pi+,496.831424,Solenoid_1_FieldVolume
-38.143594,-23.333216,12002.105220,0.000000,0.000000,1.574581,pi+,495.148016,Solenoid_1_FieldVolume
-29.660784,-67.490311,15790.000000,-0.061115,-0.139062,1.574581,mu+,318.389771,Solenoid_1_FieldVolume
-10.728729,-79.276491,2080.000000,-0.176850,-1.306775,12.596651,pi+,2321.378539,Solenoid_1_FieldVolume
-55.750212,140.212222,5960.000000,-0.344615,0.866710,4.723744,pi+,2320.097589,Solenoid_1_FieldVolume
257.248304,37.990818,10210.000000,1.060105,0.156558,3.149163,pi+,2275.930752,Solenoid_1_FieldVolume
20.291990,82.948807,-768.361758,-0.000000,-0.000000,20.469558,pi+,335.238810,Solenoid_1_FieldVolume
-62.562520,9.125286,2930.000000,-0.902358,0.131617,11.022070,pi-,355.191552,Solenoid_1_FieldVolume
2.170825,2.831243,380.000000,0.058148,0.075838,20.469558,pi+,1373.673148,Solenoid_1_FieldVolume
67.242491,-41.247254,4215.500000,0.569001,-0.349031,6.298326,pi+,1372.953011,Solenoid_1_FieldVolume
-243.054211,44.575131,7660.000000,-1.001612,0.183691,3.149163,mu+,1244.465481,Solenoid_1_FieldVolume
5.809365,19.031743,1230.000000,0.155610,0.509787,20.469558,pi-,466.896920,Solenoid_1_FieldVolume
-325.019363,90.032299,-470.000000,-8.706008,2.411616,20.469558,pi-,272.531797,Solenoid_1_FieldVolume
-340.954639,52.739123,-470.000000,-9.132852,1.412677,20.469558,pi-,212.512417,Solenoid_1_FieldVolume
4.057244,280.151943,3780.000000,0.050159,3.463469,9.447488,pi+,469.288876,Solenoid_1_FieldVolume
26.219090,147.054843,-470.000000,0.702308,3.939029,20.469558,pi+,308.757759,Solenoid_1_FieldVolume
151.232478,3.941095,380.000000,4.050931,0.105567,20.469558,pi-,687.768905,Solenoid_1_FieldVolume
231.287268,-125.674758,4215.500000,1.957137,-1.063451,6.298326,pi-,650.110421,Solenoid_1_FieldVolume
86.252648,4.899237,1230.000000,2.310374,0.131232,20.469558,pi+,582.138166,Solenoid_1_FieldVolume
79.013219,-223.753964,-723.998959,-0.000000,0.000000,20.469558,pi+,432.997552,Solenoid_1_FieldVolume
142.640711,-231.485618,2930.000000,2.057349,-3.338785,11.022070,mu+,155.701808,Solenoid_1_FieldVolume
-7.844970,-49.457087,-470.000000,-0.210136,-1.324764,20.469558,pi+,472.325152,Solenoid_1_FieldVolume
-14.214223,-65.344464,3780.000000,-0.175728,-0.807842,9.447488,pi+,471.535952,Solenoid_1_FieldVolume
-136.943204,-44.111699,5960.000000,-0.846502,-0.272673,4.723744,pi+,356.405841,Solenoid_1_FieldVolume
28.537020,60.471443,9360.000000,0.117599,0.249199,3.149163,mu-,141.115072,Solenoid_1_FieldVolume
135.599984,224.524299,-470.000000,3.632198,6.014135,20.469558,mu-,134.304426,Solenoid_1_FieldVolume
28.774144,-29.833208,380.000000,0.770748,-0.799116,20.469558,mu+,175.224648,Solenoid_1_FieldVolume
101.706776,22.768596,4215.500000,0.860636,0.192666,6.298326,mu+,172.444323,Solenoid_1_FieldVolume
33.309480,33.163888,1230.000000,0.892232,0.888332,20.469558,pi+,498.925587,Solenoid_1_FieldVolume
-8.641066,-131.493998,5110.500000,-0.073120,-1.112693,6.298326,pi+,497.701215,Solenoid_1_FieldVolume
-1.460824,-82.004625,8510.000000,-0.006020,-0.337936,3.149163,mu+,317.014888,Solenoid_1_FieldVolume
-140.190632,-177.007987,12390.000000,-0.288859,-0.364720,1.574581,mu+,315.919207,Solenoid_1_FieldVolume
-158.188910,-154.559039,16640.000000,-0.325944,-0.318464,1.574581,mu+,315.162688,Solenoid_1_FieldVolume
-48.960197,18.480793,-470.000000,-1.311454,0.495029,20.469558,pi+,1704.413106,Solenoid_1_FieldVolume
1.661036,-40.710921,3780.000000,0.020535,-0.503302,9.447488,pi+,1703.249884,Solenoid_1_FieldVolume
-117.379536,230.992972,7660.000000,-0.483714,0.951908,3.149163,pi+,1702.045667,Solenoid_1_FieldVolume
-49.965787,-102.816041,-470.000000,-1.338390,-2.754043,20.469558,pi-,1001.049869,Solenoid_1_FieldVolume
167.990746,202.168692,5130.000000,-1.158976,-1.394771,4.723744,pi-,210.027956,Solenoid_1_FieldVolume
-40.781759,18.208485,-470.000000,-1.092385,0.487735,20.469558,pi+,1191.994242,Solenoid_1_FieldVolume
-77.410307,-13.557895,3780.000000,-0.957010,-0.167614,9.447488,pi+,1190.862738,Solenoid_1_FieldVolume
73.182420,62.139965,7660.000000,0.301580,0.256075,3.149163,pi+,1188.938840,Solenoid_1_FieldVolume
-146.349873,-41.296398,11540.500000,-0.309601,-0.087362,1.574581,pi+,1187.819080,Solenoid_1_FieldVolume
-215.583031,262.884433,15790.000000,-0.444203,0.541666,1.574581,pi+,1107.088736,Solenoid_1_FieldVolume
63.274561,-165.157254,-470.000000,1.694880,-4.423922,20.469558,pi-,762.920539,Solenoid_1_FieldVolume
-42.023154,75.005129,1230.000000,-1.125637,2.009096,20.469558,pi-,1410.223101,Solenoid_1_FieldVolume
126.994658,308.842590,6810.000000,0.523338,1.272722,3.149163,pi-,552.880327,Solenoid_1_FieldVolume
269.225431,447.545624,10645.500000,1.139083,1.893550,3.149163,pi-,349.218415,Solenoid_1_FieldVolume
128.295574,506.989471,1230.000000,3.436541,13.580281,20.469558,pi+,292.797003,Solenoid_1_FieldVolume
-83.753477,499.736427,12390.000000,-0.172572,1.029692,1.574581,pi+,1163.918327,Solenoid_1_FieldVolume
-436.696329,-197.120518,8530.000000,2.008525,0.906629,3.149163,pi+,292.219450,Solenoid_1_FieldVolume
92.268010,-366.663008,11540.500000,0.195191,-0.775669,1.574581,pi-,478.771401,Solenoid_1_FieldVolume
3.711853,10.811516,2080.000000,0.061185,0.178215,12.596651,pi-,2923.792222,Solenoid_1_FieldVolume
-79.140679,-128.073023,5960.000000,-0.489201,-0.791672,4.723744,pi-,2922.621981,Solenoid_1_FieldVolume
125.733231,-219.689944,10210.000000,0.518139,-0.905329,3.149163,pi-,2921.724190,Solenoid_1_FieldVolume
-88.323679,-10.908600,1230.000000,-2.365849,-0.292199,20.469558,pi-,1033.129139,Solenoid_1_FieldVolume
-29.850783,169.592972,5110.500000,-0.252595,1.435084,6.298326,pi-,1031.974748,Solenoid_1_FieldVolume
-59.858315,13.223094,380.000000,-1.603372,0.354195,20.469558,pi-,387.654654,Solenoid_1_FieldVolume
-66.499917,92.160691,4215.500000,-0.562718,0.779857,6.298326,pi-,386.757623,Solenoid_1_FieldVolume
-308.860693,148.612670,8498.199082,0.000000,-0.000000,3.149163,pi-,348.398764,Solenoid_1_FieldVolume
-36.318966,53.664240,11540.500000,-0.076832,0.113526,1.574581,mu-,189.054658,Solenoid_1_FieldVolume
-39.821598,75.234880,15790.000000,-0.082051,0.155019,1.574581,mu-,188.236446,Solenoid_1_FieldVolume
162.521185,39.941405,380.000000,4.353312,1.069875,20.469558,pi+,767.683988,Solenoid_1_FieldVolume
102.736140,-126.296464,4215.500000,0.869346,-1.068712,6.298326,pi+,665.429134,Solenoid_1_FieldVolume
-92.795849,-281.719012,8510.000000,-0.382406,-1.160948,3.149163,pi+,631.814804,Solenoid_1_FieldVolume
-81.178022,14.890992,1230.000000,-2.174444,0.398872,20.469558,pi-,320.319441,Solenoid_1_FieldVolume
0.044448,84.058433,5110.500000,0.000376,0.711297,6.298326,pi-,318.620185,Solenoid_1_FieldVolume
-28.773873,4.788346,9360.000000,-0.118575,0.019732,3.149163,pi-,317.079240,Solenoid_1_FieldVolume
229.524867,-41.189891,12390.000000,0.472929,-0.084871,1.574581,mu-,236.114699,Solenoid_1_FieldVolume
-24.679405,-139.828600,16640.000000,-0.050851,-0.288113,1.574581,mu-,235.223384,Solenoid_1_FieldVolume
-114.546568,-61.363443,380.000000,-3.068258,-1.643689,20.469558,mu+,344.885465,Solenoid_1_FieldVolume
-86.505691,-161.315747,4215.500000,-0.732005,-1.365043,6.298326,mu+,344.098914,Solenoid_1_FieldVolume
7.481199,-2.119016,8510.000000,0.030830,-0.008732,1.574581,mu+,303.385184,Solenoid_1_FieldVolume
-209.779911,-236.777311,2930.000000,-3.025717,-3.415109,11.022070,pi+,1138.328683,Solenoid_1_FieldVolume
198.904890,-213.540384,-470.000000,5.327891,-5.719919,20.469558,pi+,657.887159,Solenoid_1_FieldVolume
83.815992,15.373762,2930.000000,1.208903,0.221740,11.022070,pi-,1727.645518,Solenoid_1_FieldVolume
-55.950715,-140.406848,3800.500000,0.500159,1.255135,6.298326,mu-,216.777997,Solenoid_1_FieldVolume
-40.905499,-162.494297,400.000000,1.222905,4.857907,20.469558,mu-,164.951147,Solenoid_1_FieldVolume
-48.948459,120.507698,2080.000000,-0.806855,1.986421,12.596651,pi-,585.789985,Solenoid_1_FieldVolume
-221.841296,162.810707,380.000000,-5.942268,4.361067,20.469558,pi+,561.635971,Solenoid_1_FieldVolume
-281.753076,99.715904,4215.500000,-2.384175,0.843789,6.298326,pi+,422.864359,Solenoid_1_FieldVolume
134.632764,-111.473225,1230.000000,3.606290,-2.985935,20.469558,pi-,196.090159,Solenoid_1_FieldVolume
-22.958387,127.857796,-470.000000,-0.614966,3.424814,20.469558,pi+,553.927076,Solenoid_1_FieldVolume
-112.159036,-171.466329,2930.000000,-1.617703,-2.473109,11.022070,pi+,670.967149,Solenoid_1_FieldVolume
223.197564,245.609658,4215.500000,1.888682,2.078332,6.298326,mu-,137.143134,Solenoid_1_FieldVolume
-56.811177,160.918803,1230.000000,-1.521751,4.310391,20.469558,pi-,807.772327,Solenoid_1_FieldVolume
-192.270933,-267.191972,5110.500000,-1.626983,-2.260960,6.298326,pi-,525.566125,Solenoid_1_FieldVolume
49.798750,12.132134,1230.000000,1.333915,0.324973,20.469558,pi-,221.876157,Solenoid_1_FieldVolume
47.632973,5.896062,4215.500000,0.403067,0.049892,6.298326,mu-,137.572573,Solenoid_1_FieldVolume
109.877923,-2.362583,8510.000000,0.452801,-0.009736,3.149163,mu-,134.970785,Solenoid_1_FieldVolume
-221.293908,-10.971836,-470.000000,-5.927605,-0.293893,20.469558,pi+,2122.685210,Solenoid_1_FieldVolume
88.051240,-65.991683,380.000000,2.358551,-1.767661,20.469558,pi-,319.636283,Solenoid_1_FieldVolume
78.069829,-54.937339,3780.000000,0.965164,-0.679181,9.447488,mu-,265.014234,Solenoid_1_FieldVolume
151.373431,-131.046426,7660.000000,0.623801,-0.540035,3.149163,mu-,222.981755,Solenoid_1_FieldVolume
-167.200471,-132.507210,2080.000000,-2.756094,-2.184218,12.596651,pi+,2033.849824,Solenoid_1_FieldVolume
144.186354,-370.243930,5960.000000,0.891275,-2.288630,4.723744,pi+,1567.518113,Solenoid_1_FieldVolume
-19.235513,-459.021637,10210.000000,-0.079268,-1.891601,3.149163,pi+,1378.179638,Solenoid_1_FieldVolume
-1.967174,-184.870519,2080.000000,-0.032426,-3.047363,12.596651,pi+,547.325171,Solenoid_1_FieldVolume
-97.360990,22.742107,-470.000000,-2.607923,0.609173,20.469558,pi-,453.351139,Solenoid_1_FieldVolume
-77.920949,104.003471,3780.000000,-0.963323,1.285777,9.447488,pi-,452.411588,Solenoid_1_FieldVolume
73.604452,6.483434,380.000000,1.971578,0.173666,20.469558,mu-,127.606572,Solenoid_1_FieldVolume
89.165914,26.378991,4215.500000,0.754516,0.223217,6.298326,mu-,125.234089,Solenoid_1_FieldVolume
14.853253,-4.540921,380.000000,0.397861,-0.121634,20.469558,pi+,311.419115,Solenoid_1_FieldVolume
1.912221,8.709141,3780.000000,0.023640,0.107670,9.447488,mu+,288.957345,Solenoid_1_FieldVolume
-98.181184,42.063140,380.000000,-2.629893,1.126708,20.469558,pi+,191.230921,Solenoid_1_FieldVolume
-91.426778,6.772881,3780.000000,-1.130293,0.083732,9.447488,mu+,172.020631,Solenoid_1_FieldVolume
12.006142,100.638402,2930.000000,0.173168,1.451537,11.022070,pi-,916.813367,Solenoid_1_FieldVolume
-11.090936,-16.356754,380.000000,-0.297083,-0.438134,20.469558,pi+,378.644271,Solenoid_1_FieldVolume
-13.392973,-107.009608,4215.500000,-0.113330,-0.905508,6.298326,pi+,377.721178,Solenoid_1_FieldVolume
-40.812833,-3.915152,380.000000,-1.093217,-0.104872,20.469558,pi+,343.635835,Solenoid_1_FieldVolume
59.356335,-66.425876,3780.000000,0.733812,-0.821211,9.447488,mu+,280.367775,Solenoid_1_FieldVolume
-172.874050,10.928987,2930.000000,-2.493413,0.157632,11.022070,pi+,247.499763,Solenoid_1_FieldVolume
79.023537,77.251631,5960.000000,0.488477,0.477524,4.723744,mu+,197.414948,Solenoid_1_FieldVolume
134.063612,-65.568422,10210.000000,0.552468,-0.270204,3.149163,mu+,196.183284,Solenoid_1_FieldVolume
-357.779148,-119.249174,2930.000000,-5.160354,-1.719966,11.022070,pi+,263.016189,Solenoid_1_FieldVolume
-248.997430,-208.435776,380.000000,-6.669675,-5.583186,20.469558,pi-,785.198066,Solenoid_1_FieldVolume
-77.323933,53.073994,380.000000,-2.071208,1.421646,20.469558,pi-,446.900698,Solenoid_1_FieldVolume
-77.399106,23.406218,3780.000000,-0.956872,0.289367,9.447488,mu-,279.443892,Solenoid_1_FieldVolume
-150.670215,104.605863,7660.000000,-0.620903,0.431075,3.149163,mu-,277.830238,Solenoid_1_FieldVolume
-9.152285,62.131280,2080.000000,-0.150864,1.024158,12.596651,pi-,229.204054,Solenoid_1_FieldVolume
-62.719598,24.508828,2930.000000,-0.904623,0.353498,11.022070,mu+,255.696879,Solenoid_1_FieldVolume
-200.517256,-26.136815,6810.000000,-0.826320,-0.107708,3.149163,mu+,200.770890,Solenoid_1_FieldVolume
-34.206014,64.390265,380.000000,-0.916246,1.724765,20.469558,pi+,181.458441,Solenoid_1_FieldVolume
-8.501991,107.167690,4215.500000,-0.071943,0.906846,6.298326,pi+,179.306293,Solenoid_1_FieldVolume
110.532353,-166.511133,3800.500000,-0.988079,1.488488,6.298326,mu+,155.701893,Solenoid_1_FieldVolume
128.735137,-185.452235,3344.376318,-0.000000,0.000000,9.447488,mu+,109.352496,Solenoid_1_FieldVolume
116.570564,-180.601208,3265.687995,-0.000000,0.000000,9.447488,mu+,107.651818,Solenoid_1_FieldVolume
120.579633,-174.384345,3252.907343,-0.000000,0.000000,9.447488,mu+,106.733889,Solenoid_1_FieldVolume
125.286118,-174.101251,3253.397475,-0.000000,0.000000,9.447488,mu+,106.186899,Solenoid_1_FieldVolume
124.580550,-174.896801,3253.762159,-0.000000,0.000000,9.447488,mu+,105.919406,Solenoid_1_FieldVolume
124.988918,-179.144527,3253.861312,-0.000000,0.000000,9.447488,mu+,105.768460,Solenoid_1_FieldVolume
123.563362,-178.442768,3253.835406,-0.000000,0.000000,9.447488,mu+,105.681800,Solenoid_1_FieldVolume
7.766809,90.037891,-1271.249760,-0.000000,-0.000000,20.469558,pi+,320.521853,Solenoid_1_FieldVolume
-24.726037,104.537973,1230.000000,-0.662315,2.800167,20.469558,pi+,488.043716,Solenoid_1_FieldVolume
90.800072,-3.200765,1230.000000,2.432182,-0.085736,20.469558,pi-,928.655741,Solenoid_1_FieldVolume
-145.883139,119.551739,5110.500000,-1.234453,1.011639,6.298326,pi-,578.094364,Solenoid_1_FieldVolume
-134.868767,-410.118986,5130.000000,0.930466,2.829429,4.723744,mu-,257.741859,Solenoid_1_FieldVolume
36.249625,-85.611760,2855.437064,-0.000000,0.000000,11.022070,pi+,244.444422,Solenoid_1_FieldVolume
-7.279800,-67.603396,1230.000000,-0.194998,-1.810833,20.469558,pi-,585.548645,Solenoid_1_FieldVolume
27.948784,-48.846273,1230.000000,0.748640,-1.308402,20.469558,pi+,247.759620,Solenoid_1_FieldVolume
386.809194,-205.829147,4215.500000,3.273153,-1.741712,6.298326,pi+,415.558451,Solenoid_1_FieldVolume
-6.777611,61.295792,380.000000,-0.181546,1.641877,20.469558,pi-,364.824572,Solenoid_1_FieldVolume
-91.957811,-21.560250,4215.500000,-0.778141,-0.182441,6.298326,pi-,363.585114,Solenoid_1_FieldVolume
230.696867,-77.113106,8510.000000,0.950688,-0.317779,3.149163,mu-,235.896875,Solenoid_1_FieldVolume
-36.112381,-44.165356,1230.000000,-0.967311,-1.183019,20.469558,pi+,564.748324,Solenoid_1_FieldVolume
-126.352676,-77.218170,5110.500000,-1.069188,-0.653415,6.298326,pi+,562.994917,Solenoid_1_FieldVolume
-104.866002,-6.981028,9360.000000,-0.432147,-0.028768,3.149163,pi+,561.509902,Solenoid_1_FieldVolume
-258.306684,-275.284478,13240.000000,-0.532233,-0.567216,1.574581,pi+,527.965002,Solenoid_1_FieldVolume
105.449235,-197.746250,17490.000000,0.217275,-0.407450,1.574581,pi+,451.546239,Solenoid_1_FieldVolume
6.444425,179.776747,-470.000000,0.172621,4.815522,20.469558,pi-,400.638378,Solenoid_1_FieldVolume
224.208998,302.288061,1353.432194,-0.000000,-0.000000,12.596651,pi+,399.555381,Solenoid_1_FieldVolume
74.305696,-24.520375,2780.432872,-0.000000,0.000000,11.022070,pi-,332.590122,Solenoid_1_FieldVolume
-1.274701,-44.681542,380.000000,-0.034144,-1.196845,20.469558,pi+,518.403884,Solenoid_1_FieldVolume
40.768093,13.223013,4215.500000,0.344977,0.111892,6.298326,pi+,517.545378,Solenoid_1_FieldVolume
-116.334649,-59.812417,1230.000000,-3.116154,-1.602143,20.469558,pi+,876.455520,Solenoid_1_FieldVolume
2.272074,267.187496,2080.000000,0.037452,4.404256,12.596651,pi+,1172.953526,Solenoid_1_FieldVolume
388.100690,-15.021640,1230.000000,10.395712,-0.402371,20.469558,mu+,222.508266,Solenoid_1_FieldVolume
509.831396,-434.286610,6810.000000,2.100985,-1.789670,3.149163,pi+,892.240631,Solenoid_1_FieldVolume
-188.360811,64.871960,2080.000000,-3.104896,1.069334,12.596651,mu-,164.634348,Solenoid_1_FieldVolume
-59.999118,20.621830,1230.000000,-1.607144,0.552379,20.469558,pi+,693.631974,Solenoid_1_FieldVolume
-37.867730,-187.315477,5110.500000,-0.320434,-1.585051,6.298326,pi+,692.353765,Solenoid_1_FieldVolume
5.553012,-225.134480,9360.000000,0.022884,-0.927766,3.149163,pi+,691.678605,Solenoid_1_FieldVolume
148.086165,318.378514,13240.000000,0.305127,0.656010,1.574581,pi+,623.045606,Solenoid_1_FieldVolume
-180.548554,-297.989305,17490.000000,-0.372015,-0.613998,1.574581,pi+,423.037305,Solenoid_1_FieldVolume
34.615756,-699.143583,9841.211773,-0.000000,0.000000,3.149163,pi+,547.252034,Solenoid_1_FieldVolume
-307.693247,-221.436938,2080.000000,-5.071944,-3.650115,12.596651,pi-,1540.229085,Solenoid_1_FieldVolume
17.738644,-17.472613,2080.000000,0.292400,-0.288014,12.596651,mu+,461.855699,Solenoid_1_FieldVolume
36.262310,-51.105617,5960.000000,0.224152,-0.315905,4.723744,mu+,460.701225,Solenoid_1_FieldVolume
142.307863,-41.264459,10210.000000,0.586442,-0.170048,3.149163,mu+,459.776884,Solenoid_1_FieldVolume
-85.422917,-36.639374,14090.000000,-0.176011,-0.075494,1.574581,mu+,458.798899,Solenoid_1_FieldVolume
-66.005252,-90.457376,1230.000000,-1.768025,-2.423002,20.469558,pi+,1505.682017,Solenoid_1_FieldVolume
-596.109100,9.564015,-450.000000,17.821194,-0.285924,20.469558,pi-,185.067893,Solenoid_1_FieldVolume
25.832630,47.387358,380.000000,0.691956,1.269324,20.469558,pi-,254.871392,Solenoid_1_FieldVolume
89.307506,-17.060747,3952.017538,-0.000000,0.000000,6.298326,pi-,253.713663,Solenoid_1_FieldVolume
-168.638535,-175.444195,7660.000000,-0.694950,-0.722995,3.149163,mu-,176.530235,Solenoid_1_FieldVolume
-6.088500,19.052987,2930.000000,-0.087816,0.274807,11.022070,pi+,792.071436,Solenoid_1_FieldVolume
8.351784,68.772801,6810.000000,0.034417,0.283409,3.149163,pi+,790.962834,Solenoid_1_FieldVolume
-84.168922,9.725982,10645.500000,-0.356116,0.041150,3.149163,pi+,789.911994,Solenoid_1_FieldVolume
176.270104,126.319289,14940.000000,0.363199,0.260277,1.574581,pi+,788.935983,Solenoid_1_FieldVolume
45.817645,-18.734347,380.000000,1.227277,-0.501820,20.469558,pi+,2643.721745,Solenoid_1_FieldVolume
99.179211,3.998791,4215.500000,0.839248,0.033837,6.298326,pi+,2642.938416,Solenoid_1_FieldVolume
-7.390873,-189.374802,8510.000000,-0.030457,-0.780403,3.149163,pi+,2641.723822,Solenoid_1_FieldVolume
20.795141,24.660019,380.000000,0.557021,0.660546,20.469558,mu+,354.774510,Solenoid_1_FieldVolume
3.092239,212.096692,4215.500000,0.026166,1.794748,6.298326,mu+,353.742528,Solenoid_1_FieldVolume
3.574027,-49.328779,380.000000,0.095734,-1.321327,20.469558,pi+,842.566799,Solenoid_1_FieldVolume
-73.038620,-28.702458,4215.500000,-0.618048,-0.242878,6.298326,pi+,841.739988,Solenoid_1_FieldVolume
105.245401,-84.807953,2080.000000,1.734841,-1.397955,12.596651,pi-,705.785733,Solenoid_1_FieldVolume
107.314711,-250.148328,5960.000000,0.663356,-1.546270,4.723744,pi-,650.566416,Solenoid_1_FieldVolume
-191.313269,193.768226,10210.000000,-0.788391,0.798508,3.149163,pi-,531.912223,Solenoid_1_FieldVolume
-10.730206,-25.207265,-470.000000,-0.287421,-0.675205,20.469558,pi+,494.836043,Solenoid_1_FieldVolume
-238.841377,-175.481034,3780.000000,-2.952754,-2.169441,9.447488,pi+,473.899686,Solenoid_1_FieldVolume
8.013609,39.808419,-470.000000,0.214654,1.066313,20.469558,pi-,238.983939,Solenoid_1_FieldVolume
-56.150511,41.337679,3780.000000,-0.694179,0.511051,9.447488,mu-,221.857988,Solenoid_1_FieldVolume
-68.630146,-87.135549,2930.000000,-0.989873,-1.256782,11.022070,pi-,724.995888,Solenoid_1_FieldVolume
-1.334902,2.836783,-470.000000,-0.035757,0.075986,20.469558,pi+,614.315633,Solenoid_1_FieldVolume
-31.341017,-88.501495,3780.000000,-0.387464,-1.094129,9.447488,pi+,613.178547,Solenoid_1_FieldVolume
7.343953,11.078957,380.000000,0.196716,0.296762,20.469558,pi+,203.756032,Solenoid_1_FieldVolume
-8.802772,5.340802,3780.000000,-0.108827,0.066027,9.447488,mu+,161.219468,Solenoid_1_FieldVolume
-80.169148,-25.407506,380.000000,-2.147421,-0.680569,20.469558,pi+,738.669304,Solenoid_1_FieldVolume
164.370999,8.638984,4215.500000,1.390896,0.073102,6.298326,pi+,737.788952,Solenoid_1_FieldVolume
153.345906,10.081083,380.000000,4.107542,0.270033,20.469558,pi+,184.831969,Solenoid_1_FieldVolume
153.113949,18.301102,4215.500000,1.295640,0.154863,6.298326,pi+,183.342115,Solenoid_1_FieldVolume
156.374839,71.719055,8510.000000,0.644412,0.295550,3.149163,pi+,180.870157,Solenoid_1_FieldVolume
134.330034,89.954284,12390.000000,0.276783,0.185348,1.574581,pi+,178.679199,Solenoid_1_FieldVolume
95.835037,86.074096,15819.802059,-0.000000,-0.000000,1.574581,pi+,176.968586,Solenoid_1_FieldVolume
17.625833,-68.710768,2080.000000,0.290540,-1.132612,12.596651,pi-,1751.378155,Solenoid_1_FieldVolume
-303.029883,-176.580906,2080.000000,-4.995074,-2.910718,12.596651,pi-,1219.442514,Solenoid_1_FieldVolume
-38.497249,-149.103486,2930.000000,-0.555257,-2.150564,11.022070,pi+,553.693905,Solenoid_1_FieldVolume
-128.221119,-38.119364,2080.000000,-2.113567,-0.628351,12.596651,pi-,1299.150754,Solenoid_1_FieldVolume
-287.733682,-60.273645,5960.000000,-1.778600,-0.372576,4.723744,pi-,1263.855123,Solenoid_1_FieldVolume
-94.167527,14.863583,2930.000000,-1.358206,0.214382,11.022070,pi+,402.267313,Solenoid_1_FieldVolume
132.391163,83.460335,6810.000000,0.545576,0.343935,3.149163,pi+,400.225165,Solenoid_1_FieldVolume
9.158528,-35.209197,10294.606282,-0.000000,0.000000,3.149163,pi+,399.453828,Solenoid_1_FieldVolume
-154.486295,16.536978,14090.000000,-0.318315,0.034074,1.574581,mu+,276.690600,Solenoid_1_FieldVolume
65.604388,-328.326098,-470.000000,1.757287,-8.794583,20.469558,pi+,263.093920,Solenoid_1_FieldVolume
-100.432336,141.810398,1230.000000,-2.690193,3.798550,20.469558,pi-,380.547445,Solenoid_1_FieldVolume
-10.832248,-61.795014,380.000000,-0.290154,-1.655249,20.469558,pi+,288.295935,Solenoid_1_FieldVolume
57.269416,-118.265881,3780.000000,0.708012,-1.462100,9.447488,pi+,283.860285,Solenoid_1_FieldVolume
-26.105479,101.589808,-470.000000,-0.699265,2.721197,20.469558,pi+,398.581247,Solenoid_1_FieldVolume
65.631857,92.863570,3780.000000,0.811395,1.148056,9.447488,pi+,340.921277,Solenoid_1_FieldVolume
209.701609,6.512858,2080.000000,3.456672,0.107356,12.596651,pi+,504.007237,Solenoid_1_FieldVolume
72.946992,86.231664,-470.000000,1.953967,2.309812,20.469558,pi+,510.196541,Solenoid_1_FieldVolume
58.583061,272.640632,3780.000000,0.724252,3.370608,9.447488,pi+,508.907313,Solenoid_1_FieldVolume
-24.530113,40.317648,1230.000000,-0.657067,1.079953,20.469558,mu+,190.397040,Solenoid_1_FieldVolume
-106.093992,-138.442641,-470.000000,-2.841847,-3.708341,20.469558,pi+,571.678639,Solenoid_1_FieldVolume
-112.601482,35.819224,2930.000000,-1.624084,0.516631,11.022070,pi+,414.298360,Solenoid_1_FieldVolume
113.046907,-240.784946,2080.000000,1.863439,-3.969043,12.596651,pi+,308.632708,Solenoid_1_FieldVolume
-36.100045,-86.743336,-470.000000,-0.966980,-2.323518,20.469558,pi-,232.418469,Solenoid_1_FieldVolume
-53.191259,-44.901995,2930.000000,-0.767193,-0.647635,11.022070,mu-,158.734163,Solenoid_1_FieldVolume
131.439579,103.082226,2080.000000,2.166619,1.699183,12.596651,pi+,379.528749,Solenoid_1_FieldVolume
10.899905,157.189726,-470.000000,0.291966,4.210503,20.469558,pi-,785.791842,Solenoid_1_FieldVolume
-29.889913,176.283529,2262.768238,0.000000,-0.000000,11.022070,pi-,654.996964,Solenoid_1_FieldVolume
-258.532811,130.461145,3780.000000,-3.196196,1.612868,9.447488,pi+,311.895434,Solenoid_1_FieldVolume
106.316582,-117.772068,1230.000000,2.847809,-3.154657,20.469558,mu-,288.599088,Solenoid_1_FieldVolume
92.582054,-129.292620,1230.000000,2.479914,-3.463248,20.469558,pi+,1510.776563,Solenoid_1_FieldVolume
84.979279,3.479749,2930.000000,1.225681,0.050189,11.022070,pi+,2872.312164,Solenoid_1_FieldVolume
-195.088180,-19.347745,8510.000000,-0.803947,-0.079731,3.149163,pi+,326.439693,Solenoid_1_FieldVolume
-60.353045,6.237763,2080.000000,-0.994846,0.102822,12.596651,pi+,214.870517,Solenoid_1_FieldVolume
-127.420070,4.626503,5960.000000,-0.787636,0.028598,4.723744,pi+,213.211391,Solenoid_1_FieldVolume
-100.804739,40.474347,9360.000000,-0.415410,0.166792,3.149163,mu+,156.217157,Solenoid_1_FieldVolume
-73.617673,4.501992,13240.000000,-0.151687,0.009276,1.574581,mu+,154.456109,Solenoid_1_FieldVolume
-64.846147,20.046063,17490.000000,-0.133614,0.041304,1.574581,mu+,153.217287,Solenoid_1_FieldVolume
7.216487,-78.171249,2080.000000,0.118955,-1.288557,12.596651,pi-,403.620926,Solenoid_1_FieldVolume
-91.354381,-55.743607,5960.000000,-0.564699,-0.344574,4.723744,pi-,358.999922,Solenoid_1_FieldVolume
-328.767282,-365.907667,2100.000000,5.292420,5.890297,11.022070,pi+,182.074257,Solenoid_1_FieldVolume
52.827750,-262.009507,380.000000,1.415051,-7.018218,20.469558,pi+,567.254464,Solenoid_1_FieldVolume
-142.841646,45.090333,-470.000000,-3.826174,1.207795,20.469558,pi+,891.932971,Solenoid_1_FieldVolume
-240.539414,127.667772,3780.000000,-2.973747,1.578334,9.447488,pi+,755.727690,Solenoid_1_FieldVolume
63.566462,70.826312,1230.000000,1.702699,1.897162,20.469558,pi-,961.407230,Solenoid_1_FieldVolume
192.911081,-177.596603,5110.500000,1.632400,-1.502810,6.298326,pi-,960.021650,Solenoid_1_FieldVolume
-12.410614,339.406240,8510.000000,-0.051143,1.398673,3.149163,mu-,569.769829,Solenoid_1_FieldVolume
18.920477,74.144845,2930.000000,0.272896,1.069413,11.022070,pi-,266.248717,Solenoid_1_FieldVolume
74.386049,-165.423979,6810.000000,0.306541,-0.681703,3.149163,pi-,264.660553,Solenoid_1_FieldVolume
186.131462,-81.820658,10210.000000,0.767037,-0.337178,3.149163,mu-,255.201590,Solenoid_1_FieldVolume
-253.315668,-334.671332,14090.000000,-0.521950,-0.689581,1.574581,mu-,209.695976,Solenoid_1_FieldVolume
-7.407437,-23.469702,2080.000000,-0.122102,-0.386869,12.596651,pi-,2865.137434,Solenoid_1_FieldVolume
-40.818269,-65.148484,8510.000000,-0.168210,-0.268473,3.149163,pi+,277.578509,Solenoid_1_FieldVolume
-24.975254,-49.405327,1230.000000,-0.668990,-1.323377,20.469558,pi+,357.229500,Solenoid_1_FieldVolume
15.446778,81.384142,5110.500000,0.130710,0.688667,6.298326,pi+,355.862436,Solenoid_1_FieldVolume
66.407585,7.580607,9360.000000,0.273662,0.031239,3.149163,pi+,355.195324,Solenoid_1_FieldVolume
128.254144,-78.563594,13240.000000,0.264264,-0.161878,1.574581,pi+,319.639558,Solenoid_1_FieldVolume
-191.354533,321.124378,17490.000000,-0.394280,0.661667,1.574581,pi+,278.246412,Solenoid_1_FieldVolume
164.331514,-17.691375,-470.000000,4.401804,-0.473883,20.469558,pi+,248.753981,Solenoid_1_FieldVolume
457.567962,-143.599164,2080.000000,7.542444,-2.367055,12.596651,mu-,180.278106,Solenoid_1_FieldVolume
347.641336,204.597434,-470.000000,9.311963,5.480372,20.469558,pi-,188.084284,Solenoid_1_FieldVolume
-102.518996,189.432630,1230.000000,-2.746086,5.074165,20.469558,pi+,1070.306336,Solenoid_1_FieldVolume
235.453561,68.583982,380.000000,6.306888,1.837099,20.469558,pi+,396.513855,Solenoid_1_FieldVolume
96.950974,158.550852,1250.000000,-1.783651,-2.916932,12.596651,mu+,115.418585,Solenoid_1_FieldVolume
-63.796348,-110.138504,1230.000000,-1.708857,-2.950183,20.469558,pi+,1882.980050,Solenoid_1_FieldVolume
-27.408334,-245.965146,5110.500000,-0.231927,-2.081340,6.298326,pi+,1881.255970,Solenoid_1_FieldVolume
206.100174,22.276149,1230.000000,5.520624,0.596692,20.469558,pi+,298.630717,Solenoid_1_FieldVolume
12.598180,565.988541,11540.500000,0.026651,1.197339,1.574581,pi+,455.752138,Solenoid_1_FieldVolume
-43.505069,47.461516,2930.000000,-0.627486,0.684551,11.022070,pi+,271.378352,Solenoid_1_FieldVolume
-44.660175,161.963379,-470.000000,-1.196273,4.338371,20.469558,pi-,647.479705,Solenoid_1_FieldVolume
-78.473425,211.447913,3780.000000,-0.970153,2.614094,9.447488,pi-,491.767369,Solenoid_1_FieldVolume
23.355744,26.492426,1230.000000,0.625610,0.709629,20.469558,pi-,429.695835,Solenoid_1_FieldVolume
-72.054598,-362.350756,10230.500000,0.322058,1.619576,3.149163,pi+,264.802544,Solenoid_1_FieldVolume
-212.286074,421.235953,3780.000000,-2.624456,5.207666,9.447488,pi+,192.615274,Solenoid_1_FieldVolume
25.115138,-0.946557,2080.000000,0.413992,-0.015603,12.596651,pi-,1465.088790,Solenoid_1_FieldVolume
109.236067,-58.306061,5960.000000,0.675233,-0.360414,4.723744,pi-,1463.810779,Solenoid_1_FieldVolume
-36.367212,153.665500,10210.000000,-0.149867,0.633247,3.149163,pi-,1463.026782,Solenoid_1_FieldVolume
-200.027120,-103.931441,14090.000000,-0.412150,-0.214148,1.574581,pi-,1461.900139,Solenoid_1_FieldVolume
28.475949,-13.665985,1230.000000,0.762760,-0.366059,20.469558,pi+,1157.820589,Solenoid_1_FieldVolume
-79.961049,-45.597757,380.000000,-2.141846,-1.221387,20.469558,mu-,256.581565,Solenoid_1_FieldVolume
-24.526681,-30.108472,-470.000000,-0.656975,-0.806489,20.469558,pi+,281.116599,Solenoid_1_FieldVolume
3.974415,-26.965568,3780.000000,0.049135,-0.333371,9.447488,pi+,279.695155,Solenoid_1_FieldVolume
-17.759906,-60.366972,2080.000000,-0.292750,-0.995075,12.596651,mu+,259.454273,Solenoid_1_FieldVolume
-164.342558,80.272823,5960.000000,-1.015869,0.496199,4.723744,mu+,258.354536,Solenoid_1_FieldVolume
-239.791594,-80.297749,10210.000000,-0.988167,-0.330902,3.149163,mu+,171.414529,Solenoid_1_FieldVolume
-41.401154,-62.751304,1230.000000,-1.108976,-1.680864,20.469558,pi-,434.113047,Solenoid_1_FieldVolume
607.574472,-2.865770,-450.000000,-18.163961,0.085675,20.469558,pi-,206.267985,Solenoid_1_FieldVolume
-66.760161,77.504884,-470.000000,-1.788246,2.076055,20.469558,pi+,411.269494,Solenoid_1_FieldVolume
211.945710,-31.059597,2080.000000,3.493664,-0.511979,12.596651,mu+,522.833714,Solenoid_1_FieldVolume
-25.757861,-72.786345,5960.000000,-0.159220,-0.449922,4.723744,mu+,383.050789,Solenoid_1_FieldVolume
-160.594024,-20.094197,10210.000000,-0.661799,-0.082807,3.149163,mu+,336.727665,Solenoid_1_FieldVolume
88.490411,92.512445,380.000000,2.370315,2.478050,20.469558,pi+,196.493371,Solenoid_1_FieldVolume
102.498036,93.223489,4215.500000,0.867331,0.788851,6.298326,pi+,194.772115,Solenoid_1_FieldVolume
151.643261,-152.391377,1230.000000,4.061935,-4.081974,20.469558,pi+,1042.795662,Solenoid_1_FieldVolume
-40.597337,42.788919,-470.000000,-1.087445,1.146149,20.469558,pi-,456.903595,Solenoid_1_FieldVolume
-78.310266,5.433109,1230.000000,-2.097628,0.145532,20.469558,pi+,1362.267865,Solenoid_1_FieldVolume
66.510072,-91.430455,4215.500000,0.562804,-0.773678,6.298326,mu+,1099.875333,Solenoid_1_FieldVolume
189.842103,-350.275452,8510.000000,0.782328,-1.443465,3.149163,mu+,527.869737,Solenoid_1_FieldVolume
-21.460617,90.233104,2043.471283,0.000000,-0.000000,12.596651,pi-,198.998188,Solenoid_1_FieldVolume
23.006617,-174.157779,5110.500000,0.194680,-1.473711,6.298326,mu-,181.894179,Solenoid_1_FieldVolume
-60.444218,-24.477873,1230.000000,-1.619066,-0.655667,20.469558,pi+,235.204034,Solenoid_1_FieldVolume
-13.757257,58.379659,2100.000000,0.221461,-0.939782,11.022070,pi+,160.416602,Solenoid_1_FieldVolume
32.625358,35.500270,-223.110998,-0.000000,-0.000000,20.469558,mu+,109.011481,Solenoid_1_FieldVolume
44.188090,40.579247,-595.405700,-0.000000,-0.000000,20.469558,mu+,107.578397,Solenoid_1_FieldVolume
43.993864,37.456989,-739.294656,-0.000000,-0.000000,20.469558,mu+,106.642837,Solenoid_1_FieldVolume
43.453291,40.016928,-783.679493,-0.000000,-0.000000,20.469558,mu+,106.184038,Solenoid_1_FieldVolume
43.756256,39.363117,-798.689122,-0.000000,-0.000000,20.469558,mu+,105.917123,Solenoid_1_FieldVolume
43.478869,39.252048,-803.407805,-0.000000,-0.000000,20.469558,mu+,105.779133,Solenoid_1_FieldVolume
43.020278,38.964814,-804.737480,-0.000000,-0.000000,20.469558,mu+,105.684725,Solenoid_1_FieldVolume
107.698763,-78.864351,1230.000000,2.884832,-2.112470,20.469558,pi-,201.915876,Solenoid_1_FieldVolume
-26.054139,-54.105106,380.000000,-0.697889,-1.449266,20.469558,pi-,704.939446,Solenoid_1_FieldVolume
135.556976,39.465805,4215.500000,1.147074,0.333957,6.298326,pi-,704.221776,Solenoid_1_FieldVolume
48.926849,-243.391988,1230.000000,1.310560,-6.519527,20.469558,pi+,313.597134,Solenoid_1_FieldVolume
-39.144546,40.251651,380.000000,-1.048531,1.078186,20.469558,pi+,2089.062128,Solenoid_1_FieldVolume
61.958655,12.418019,4215.500000,0.524290,0.105080,6.298326,pi+,2088.259970,Solenoid_1_FieldVolume
-534.424062,-199.257889,8510.000000,-2.202330,-0.821130,3.149163,pi+,1884.020154,Solenoid_1_FieldVolume
100.878419,112.002013,2930.000000,1.454999,1.615438,11.022070,pi-,218.649554,Solenoid_1_FieldVolume
-116.607241,138.478378,380.000000,-3.123456,3.709299,20.469558,pi+,255.266080,Solenoid_1_FieldVolume
103.894006,61.366331,-470.000000,2.782917,1.643766,20.469558,pi-,509.251339,Solenoid_1_FieldVolume
-14.641895,-78.761934,3780.000000,-0.181015,-0.973720,9.447488,pi-,508.258510,Solenoid_1_FieldVolume
-252.916094,-23.549456,5110.500000,-2.140159,-0.199274,6.298326,pi-,633.925517,Solenoid_1_FieldVolume
-279.751504,-271.323984,9360.000000,-1.152840,-1.118110,3.149163,pi-,514.409778,Solenoid_1_FieldVolume
-346.868908,-156.319376,13240.000000,-0.714713,-0.322092,1.574581,pi-,402.115628,Solenoid_1_FieldVolume
6.074087,7.720364,-470.000000,0.162701,0.206799,20.469558,pi+,644.570510,Solenoid_1_FieldVolume
0.562732,45.367533,3780.000000,0.006957,0.560871,9.447488,pi+,643.757508,Solenoid_1_FieldVolume
103.310171,12.116717,7660.000000,0.425735,0.049932,3.149163,pi+,642.583101,Solenoid_1_FieldVolume
24.451578,102.500956,11540.500000,0.051727,0.216839,1.574581,pi+,641.489267,Solenoid_1_FieldVolume
77.209205,-29.517132,15790.000000,0.159087,-0.060819,1.574581,pi+,589.192219,Solenoid_1_FieldVolume
-151.656173,-85.512871,1230.000000,-4.062281,-2.290558,20.469558,pi-,475.926992,Solenoid_1_FieldVolume
-166.518170,-429.994527,-470.000000,-4.460376,-11.517886,20.469558,pi+,568.456601,Solenoid_1_FieldVolume
-155.217982,-65.665954,2100.000000,2.498663,1.057075,11.022070,pi-,226.366763,Solenoid_1_FieldVolume
-152.219997,-43.081912,-450.000000,4.550748,1.287971,20.469558,pi-,207.776704,Solenoid_1_FieldVolume
-473.707750,455.607168,380.000000,-12.688793,12.203949,20.469558,pi-,193.125387,Solenoid_1_FieldVolume
-83.111120,-292.726413,2080.000000,-1.369984,-4.825234,12.596651,pi+,1268.562563,Solenoid_1_FieldVolume
46.226339,-16.509815,1230.000000,1.238224,-0.442234,20.469558,pi-,624.237041,Solenoid_1_FieldVolume
85.427870,42.527986,5110.500000,0.722885,0.359869,6.298326,pi-,623.076096,Solenoid_1_FieldVolume
79.502281,54.843688,380.000000,2.129558,1.469050,20.469558,pi+,328.055079,Solenoid_1_FieldVolume
-20.767064,67.805521,3780.000000,-0.256740,0.838268,9.447488,mu+,287.166122,Solenoid_1_FieldVolume
86.594198,67.236434,-470.000000,2.319523,1.801003,20.469558,pi-,367.820496,Solenoid_1_FieldVolume
18.241579,-47.814186,3780.000000,0.225517,-0.591118,9.447488,pi-,366.817922,Solenoid_1_FieldVolume
69.958769,-111.417041,2930.000000,1.009036,-1.607001,11.022070,pi+,376.303484,Solenoid_1_FieldVolume
-76.581639,34.968086,380.000000,-2.051325,0.936659,20.469558,pi+,239.477041,Solenoid_1_FieldVolume
-93.685556,-45.787326,4215.500000,-0.792761,-0.387449,6.298326,pi+,237.104769,Solenoid_1_FieldVolume
-75.932883,97.307442,-470.000000,-2.033947,2.606489,20.469558,pi+,1143.968093,Solenoid_1_FieldVolume
-185.400619,19.032128,3780.000000,-2.292075,0.235291,9.447488,pi+,1098.121460,Solenoid_1_FieldVolume
91.352587,21.213414,380.000000,2.446981,0.568225,20.469558,pi-,588.943657,Solenoid_1_FieldVolume
268.288045,-38.081566,4215.500000,2.270235,-0.322244,6.298326,pi-,587.781953,Solenoid_1_FieldVolume
-4.974451,-39.983399,1230.000000,-0.133246,-1.071000,20.469558,pi-,355.427288,Solenoid_1_FieldVolume
462.395776,-18.350639,2930.000000,6.669271,-0.264677,11.022070,pi+,389.162232,Solenoid_1_FieldVolume
32.319028,3.601326,2080.000000,0.532739,0.059363,12.596651,pi+,504.475240,Solenoid_1_FieldVolume
-8.368333,-42.789240,380.000000,-0.224155,-1.146158,20.469558,pi+,551.421870,Solenoid_1_FieldVolume
-105.014555,-19.294088,4215.500000,-0.888626,-0.163265,6.298326,pi+,550.595010,Solenoid_1_FieldVolume
69.530841,267.051687,4695.500000,-0.621555,-2.387248,6.298326,pi+,195.522356,Solenoid_1_FieldVolume
19.133341,-12.329218,380.000000,0.512508,-0.330252,20.469558,pi-,600.383410,Solenoid_1_FieldVolume
49.619127,-15.835022,4215.500000,0.419874,-0.133995,6.298326,pi-,599.369858,Solenoid_1_FieldVolume
81.609165,103.715318,8510.000000,0.336307,0.427405,3.149163,pi-,598.281105,Solenoid_1_FieldVolume
216.568931,-18.692354,12390.000000,0.446234,-0.038515,1.574581,pi-,597.283005,Solenoid_1_FieldVolume
261.229927,50.143649,16640.000000,0.538257,0.103320,1.574581,pi-,528.746984,Solenoid_1_FieldVolume
133.660667,67.089778,1230.000000,3.580251,1.797075,20.469558,pi+,1770.434177,Solenoid_1_FieldVolume
71.082623,23.143764,2080.000000,1.171709,0.381496,12.596651,pi-,720.798294,Solenoid_1_FieldVolume
46.069278,-74.367791,5960.000000,0.284773,-0.459698,4.723744,pi-,719.474425,Solenoid_1_FieldVolume
167.566314,90.749248,10210.000000,0.690531,0.373972,3.149163,pi-,628.176840,Solenoid_1_FieldVolume
7.154149,396.056024,-470.000000,0.191632,10.608805,20.469558,pi+,289.845622,Solenoid_1_FieldVolume
151.219931,160.522606,2080.000000,2.492674,2.646017,12.596651,pi-,1020.574892,Solenoid_1_FieldVolume
7.284863,103.735704,380.000000,0.195133,2.778677,20.469558,pi-,683.951455,Solenoid_1_FieldVolume
63.812294,38.746395,4215.500000,0.539975,0.327869,6.298326,pi-,683.265911,Solenoid_1_FieldVolume
278.114582,8.558553,8510.000000,1.146094,0.035269,3.149163,pi-,647.523439,Solenoid_1_FieldVolume
-120.164025,37.598466,15790.000000,-0.247594,0.077471,1.574581,pi-,1382.047479,Solenoid_1_FieldVolume
-1.945182,-3.621023,1230.000000,-0.052104,-0.096993,20.469558,pi+,1077.109520,Solenoid_1_FieldVolume
-23.710408,-14.325330,5110.500000,-0.200636,-0.121220,6.298326,pi+,1075.569354,Solenoid_1_FieldVolume
12.570550,-5.627271,9360.000000,0.051803,-0.023190,3.149163,pi+,1074.664611,Solenoid_1_FieldVolume
-38.467742,-38.451247,12667.146722,0.000000,0.000000,1.574581,pi+,1073.263472,Solenoid_1_FieldVolume
-119.900027,55.969473,16640.000000,-0.247051,0.115323,1.574581,mu+,672.345215,Solenoid_1_FieldVolume
17.703349,-48.053346,380.000000,0.474204,-1.287163,20.469558,pi-,280.820532,Solenoid_1_FieldVolume
-91.879528,-73.777760,4215.500000,-0.777478,-0.624302,6.298326,pi-,279.703822,Solenoid_1_FieldVolume
23.573740,1.515379,-470.000000,0.631449,0.040591,20.469558,pi+,707.826440,Solenoid_1_FieldVolume
9.687921,15.610558,3780.000000,0.119770,0.192991,9.447488,pi+,707.070257,Solenoid_1_FieldVolume
4.059924,43.675199,7660.000000,0.016731,0.179983,3.149163,pi+,705.648780,Solenoid_1_FieldVolume
14.031096,-57.680473,11540.500000,0.029683,-0.122022,1.574581,pi+,704.212133,Solenoid_1_FieldVolume
-43.259566,181.199819,15790.000000,-0.089135,0.373357,1.574581,pi+,703.535222,Solenoid_1_FieldVolume
-69.405786,-2.038221,-470.000000,-1.859112,-0.054596,20.469558,pi-,1100.012413,Solenoid_1_FieldVolume
-108.910510,-86.531935,3780.000000,-1.346442,-1.069779,9.447488,pi-,1099.112395,Solenoid_1_FieldVolume
-186.836263,297.654480,7660.000000,-0.769941,1.226617,3.149163,pi-,1007.944986,Solenoid_1_FieldVolume
-36.358971,101.625043,380.000000,-0.973916,2.722141,20.469558,pi+,1305.650182,Solenoid_1_FieldVolume
-100.227833,63.127551,4215.500000,-0.848121,0.534181,6.298326,pi+,1304.906593,Solenoid_1_FieldVolume
-231.435333,-145.604244,-470.000000,-6.199255,-3.900173,20.469558,pi+,1325.425127,Solenoid_1_FieldVolume
-0.450833,54.377595,1230.000000,-0.012076,1.456565,20.469558,pi+,858.035618,Solenoid_1_FieldVolume
60.905299,230.911881,5110.500000,0.515376,1.953961,6.298326,pi+,856.186795,Solenoid_1_FieldVolume
-125.963458,246.164905,9360.000000,-0.519088,1.014431,3.149163,pi+,783.268797,Solenoid_1_FieldVolume
187.543737,-21.259716,-470.000000,5.023569,-0.569465,20.469558,pi-,732.203339,Solenoid_1_FieldVolume
224.629839,-64.603378,3780.000000,2.777059,-0.798680,9.447488,pi-,609.292938,Solenoid_1_FieldVolume
-38.651735,138.776891,-470.000000,-1.035330,3.717295,20.469558,pi-,1434.162658,Solenoid_1_FieldVolume
50.995987,48.089112,3780.000000,0.630454,0.594517,9.447488,pi-,1275.742347,Solenoid_1_FieldVolume
-40.608853,-24.209116,2930.000000,-0.585713,-0.349175,11.022070,pi-,650.421556,Solenoid_1_FieldVolume
48.701185,-64.349474,-470.000000,1.304516,-1.723673,20.469558,pi+,627.632046,Solenoid_1_FieldVolume
-26.063365,129.962721,3780.000000,-0.322217,1.606706,9.447488,pi+,624.280743,Solenoid_1_FieldVolume
-29.768835,33.796295,2930.000000,-0.429365,0.487454,11.022070,pi-,1105.057022,Solenoid_1_FieldVolume
36.221165,-22.017912,-834.076199,-0.000000,0.000000,20.469558,pi-,407.951154,Solenoid_1_FieldVolume
49.633903,-23.412836,2930.000000,0.715884,-0.337690,11.022070,mu-,274.884520,Solenoid_1_FieldVolume
3.386049,11.116919,6810.000000,0.013954,0.045812,3.149163,mu-,273.485375,Solenoid_1_FieldVolume
-130.018723,36.367319,10645.500000,-0.550105,0.153869,3.149163,mu-,272.651594,Solenoid_1_FieldVolume
-47.633926,-13.436269,380.000000,-1.275928,-0.359906,20.469558,pi+,416.440859,Solenoid_1_FieldVolume
-85.920590,-76.368974,4215.500000,-0.727054,-0.646229,6.298326,pi+,415.415101,Solenoid_1_FieldVolume
-199.225607,37.392024,380.000000,-5.336481,1.001587,20.469558,pi+,537.940671,Solenoid_1_FieldVolume
-37.568500,-79.536769,2080.000000,-0.619270,-1.311066,12.596651,mu+,844.531798,Solenoid_1_FieldVolume
317.891842,91.628402,5960.000000,1.965020,0.566393,4.723744,mu+,803.735502,Solenoid_1_FieldVolume
303.251173,213.422104,10210.000000,1.249680,0.879500,3.149163,mu+,685.917359,Solenoid_1_FieldVolume
-58.303761,0.397612,2080.000000,-0.961066,0.006554,12.596651,pi-,3511.322046,Solenoid_1_FieldVolume
138.410165,15.271823,5148.646188,-0.000000,-0.000000,4.723744,pi-,3510.091531,Solenoid_1_FieldVolume
697.773633,55.784923,9916.624950,-0.000000,-0.000000,3.149163,pi-,414.585961,Solenoid_1_FieldVolume
-4.837398,54.490196,-470.000000,-0.129575,1.459581,20.469558,pi+,1058.869753,Solenoid_1_FieldVolume
58.980999,3.845217,3780.000000,0.729172,0.047538,9.447488,pi+,1058.069779,Solenoid_1_FieldVolume
-265.434029,296.103100,6810.000000,-1.093838,1.220224,3.149163,mu+,685.336397,Solenoid_1_FieldVolume
-285.179005,261.137536,10645.500000,-1.206583,1.104864,3.149163,mu+,551.872301,Solenoid_1_FieldVolume
19.226119,57.470329,-470.000000,0.514993,1.539407,20.469558,pi+,196.847367,Solenoid_1_FieldVolume
-51.139440,-22.710904,2930.000000,-0.737599,-0.327566,11.022070,mu+,158.029002,Solenoid_1_FieldVolume
-190.264848,-121.627524,-470.000000,-5.096457,-3.257930,20.469558,pi+,248.405836,Solenoid_1_FieldVolume
-147.877989,-184.214895,-470.000000,-3.961078,-4.934403,20.469558,mu+,614.571145,Solenoid_1_FieldVolume
-59.782365,-140.666420,3780.000000,-0.739079,-1.739034,9.447488,mu+,433.300408,Solenoid_1_FieldVolume
36.161257,277.253394,-470.000000,0.968620,7.426543,20.469558,pi-,693.999102,Solenoid_1_FieldVolume
153.706435,322.893453,3780.000000,1.900246,3.991875,9.447488,pi-,480.599353,Solenoid_1_FieldVolume
-2.349528,-23.608810,2930.000000,-0.033888,-0.340517,11.022070,pi-,221.286538,Solenoid_1_FieldVolume
-186.808472,196.644138,10230.500000,0.834966,-0.878928,3.149163,pi-,204.360848,Solenoid_1_FieldVolume
71.985658,-8.269864,-470.000000,1.928217,-0.221518,20.469558,pi+,202.870456,Solenoid_1_FieldVolume
45.455899,-25.191057,2930.000000,0.655624,-0.363338,11.022070,mu+,162.800650,Solenoid_1_FieldVolume
142.602102,-460.345677,3780.000000,1.762965,-5.691173,9.447488,pi-,852.787938,Solenoid_1_FieldVolume
-0.615636,-15.990111,380.000000,-0.016490,-0.428313,20.469558,pi-,748.185482,Solenoid_1_FieldVolume
-33.215257,-88.307738,4215.500000,-0.281065,-0.747254,6.298326,mu-,706.627468,Solenoid_1_FieldVolume
-23.485766,-256.642187,8510.000000,-0.096783,-1.057607,3.149163,mu-,666.821107,Solenoid_1_FieldVolume
-166.099528,-109.563370,12390.000000,-0.342243,-0.225752,1.574581,mu-,387.917506,Solenoid_1_FieldVolume
-260.481830,16.144064,16640.000000,-0.536715,0.033264,1.574581,mu-,350.407621,Solenoid_1_FieldVolume
161.241882,-113.184350,2950.000000,-2.224830,1.561728,9.447488,pi+,418.562143,Solenoid_1_FieldVolume
266.725694,-140.895452,400.000000,-7.973994,4.212191,20.469558,pi+,188.903014,Solenoid_1_FieldVolume
81.572085,111.050487,2080.000000,1.344615,1.830530,12.596651,pi-,671.014346,Solenoid_1_FieldVolume
144.754708,49.175571,2930.000000,2.087840,0.709274,11.022070,pi-,593.903986,Solenoid_1_FieldVolume
-112.289378,74.918010,2930.000000,-1.619583,1.080565,11.022070,pi+,665.091379,Solenoid_1_FieldVolume
-254.504676,96.949247,5960.000000,-1.573198,0.599283,4.723744,mu+,182.514680,Solenoid_1_FieldVolume
222.613729,138.964749,380.000000,5.962958,3.722327,20.469558,mu-,387.140908,Solenoid_1_FieldVolume
222.073423,178.359873,4215.500000,1.879170,1.509269,6.298326,mu-,161.178639,Solenoid_1_FieldVolume
-46.474796,40.272296,2080.000000,-0.766080,0.663839,12.596651,pi+,998.017028,Solenoid_1_FieldVolume
31.904704,31.004606,1230.000000,0.854603,0.830493,20.469558,pi-,279.480679,Solenoid_1_FieldVolume
-164.428345,119.244006,10210.000000,-0.677600,0.491398,3.149163,pi-,416.523767,Solenoid_1_FieldVolume
-394.045100,-7.714120,10210.000000,-1.623837,-0.031789,3.149163,pi-,2237.016231,Solenoid_1_FieldVolume
-160.658369,-418.629271,5980.000000,0.738926,1.925428,3.149163,pi+,218.854170,Solenoid_1_FieldVolume
40.597880,55.848265,1230.000000,1.087460,1.495958,20.469558,mu-,115.126445,Solenoid_1_FieldVolume
53.251838,70.026497,3330.427710,-0.000000,-0.000000,9.447488,mu-,111.574663,Solenoid_1_FieldVolume
73.478872,83.855594,4215.500000,0.621773,0.709580,6.298326,mu-,108.785313,Solenoid_1_FieldVolume
138.767053,-322.235860,380.000000,3.717031,-8.631449,20.469558,pi-,243.836513,Solenoid_1_FieldVolume
36.137610,29.853855,2080.000000,0.595684,0.492104,12.596651,mu+,194.905466,Solenoid_1_FieldVolume
38.093592,-98.775101,5960.000000,0.235472,-0.610570,4.723744,mu+,193.191172,Solenoid_1_FieldVolume
10.548478,-133.520200,9360.000000,0.043470,-0.550229,3.149163,mu+,190.267405,Solenoid_1_FieldVolume
-89.228229,2.390076,13240.000000,-0.183852,0.004925,1.574581,mu+,188.531260,Solenoid_1_FieldVolume
-91.397393,30.601776,17490.000000,-0.188322,0.063054,1.574581,mu+,186.634244,Solenoid_1_FieldVolume
-130.893853,-92.230493,1230.000000,-3.506139,-2.470497,20.469558,pi+,487.899027,Solenoid_1_FieldVolume
-75.186639,-121.440966,3780.000000,-0.929519,-1.501353,9.447488,pi-,415.349017,Solenoid_1_FieldVolume
-77.739437,-99.362317,1230.000000,-2.082338,-2.661531,20.469558,pi+,630.750170,Solenoid_1_FieldVolume
-41.067490,21.097441,2080.000000,-0.676947,0.347765,12.596651,pi+,476.575443,Solenoid_1_FieldVolume
-76.820741,53.416440,5960.000000,-0.474861,0.330189,4.723744,pi+,475.414912,Solenoid_1_FieldVolume
-187.037332,-22.898027,10210.000000,-0.770770,-0.094361,3.149163,pi+,474.509177,Solenoid_1_FieldVolume
-387.217496,-105.914957,1230.000000,-10.372055,-2.837051,20.469558,pi+,726.364293,Solenoid_1_FieldVolume
-7.042100,-3.049064,380.000000,-0.188631,-0.081673,20.469558,pi-,615.968584,Solenoid_1_FieldVolume
17.797200,52.846408,4215.500000,0.150599,0.447183,6.298326,pi-,615.187895,Solenoid_1_FieldVolume
-177.675784,168.415473,8510.000000,-0.732192,0.694030,3.149163,pi-,613.631209,Solenoid_1_FieldVolume
-430.452087,-49.803773,14940.000000,-0.886934,-0.102619,1.574581,pi-,401.653705,Solenoid_1_FieldVolume
44.920336,-17.648078,-470.000000,1.203242,-0.472724,20.469558,pi+,414.804060,Solenoid_1_FieldVolume
30.216016,-15.776080,3396.300120,-0.000000,0.000000,9.447488,pi+,414.069465,Solenoid_1_FieldVolume
-49.665465,-96.351907,6810.000000,-0.204668,-0.397061,3.149163,mu+,405.263887,Solenoid_1_FieldVolume
-15.581434,15.512721,10645.500000,-0.065925,0.065634,3.149163,mu+,403.905074,Solenoid_1_FieldVolume
-75.672068,-103.834518,14940.000000,-0.155920,-0.213948,1.574581,mu+,402.873409,Solenoid_1_FieldVolume
35.225031,-1.881681,1230.000000,0.943542,-0.050403,20.469558,pi-,231.976985,Solenoid_1_FieldVolume
65.340034,58.507378,4215.500000,0.552903,0.495085,6.298326,mu-,157.174979,Solenoid_1_FieldVolume
-51.273082,49.995594,-470.000000,-1.373407,1.339188,20.469558,pi-,417.158057,Solenoid_1_FieldVolume
-44.576887,80.280845,3780.000000,-0.551096,0.992498,9.447488,pi-,416.334382,Solenoid_1_FieldVolume
8.503309,-118.204556,2930.000000,0.122646,-1.704899,11.022070,pi+,492.740246,Solenoid_1_FieldVolume
-106.867999,78.578625,5110.500000,-0.904310,0.664927,6.298326,pi-,1478.008862,Solenoid_1_FieldVolume
-99.016364,-53.443454,-470.000000,-2.652264,-1.431543,20.469558,pi+,1195.815368,Solenoid_1_FieldVolume
-243.908911,-40.824173,3780.000000,-3.015403,-0.504702,9.447488,pi+,1071.461714,Solenoid_1_FieldVolume
-35.469660,116.705503,2080.000000,-0.584674,1.923746,12.596651,pi+,881.400343,Solenoid_1_FieldVolume
-32.264091,-142.163983,5960.000000,-0.199438,-0.878774,4.723744,pi+,879.863877,Solenoid_1_FieldVolume
162.619707,45.056512,10210.000000,0.670146,0.185675,3.149163,pi+,879.109010,Solenoid_1_FieldVolume
-297.118243,-315.458744,14090.000000,-0.612203,-0.649994,1.574581,pi+,808.941909,Solenoid_1_FieldVolume
9.923390,116.818279,-1300.000000,-0.296668,-3.492383,20.469558,pi+,361.855338,Solenoid_1_FieldVolume
339.828511,-203.336466,2930.000000,4.901447,-2.932782,11.022070,pi-,748.373987,Solenoid_1_FieldVolume
-68.349260,-16.781790,2930.000000,-0.985822,-0.242049,11.022070,pi-,309.586354,Solenoid_1_FieldVolume
-160.004942,60.004103,5960.000000,-0.989056,0.370910,4.723744,pi+,200.654511,Solenoid_1_FieldVolume
-111.549814,-98.489221,10210.000000,-0.459690,-0.405868,3.149163,pi+,198.851441,Solenoid_1_FieldVolume
28.862370,-49.952679,-470.000000,0.773111,-1.338039,20.469558,pi-,287.021791,Solenoid_1_FieldVolume
-93.813855,60.593300,3780.000000,-1.159804,0.749104,9.447488,pi-,285.215137,Solenoid_1_FieldVolume
74.116743,213.925820,-470.000000,1.985300,5.730243,20.469558,pi-,1371.095065,Solenoid_1_FieldVolume
175.143979,-12.704728,3780.000000,2.165274,-0.157066,9.447488,pi-,1244.253438,Solenoid_1_FieldVolume
143.932821,47.874192,1230.000000,3.855402,1.282364,20.469558,pi+,427.964861,Solenoid_1_FieldVolume
-20.248695,-20.453589,380.000000,-0.542384,-0.547872,20.469558,pi+,206.668085,Solenoid_1_FieldVolume
32.742805,-14.645322,4215.500000,0.277067,-0.123928,6.298326,pi+,204.985866,Solenoid_1_FieldVolume
-103.044373,-29.760268,-470.000000,-2.760159,-0.797162,20.469558,pi-,592.328894,Solenoid_1_FieldVolume
-0.724546,70.862556,3780.000000,-0.008957,0.876061,9.447488,pi-,591.605532,Solenoid_1_FieldVolume
-61.245532,21.963208,380.000000,-1.640530,0.588309,20.469558,pi+,480.537543,Solenoid_1_FieldVolume
-124.586800,87.633680,4215.500000,-1.054245,0.741550,6.298326,pi+,479.718958,Solenoid_1_FieldVolume
61.360519,-16.226557,101.402816,-0.000000,0.000000,20.469558,mu-,115.002301,Solenoid_1_FieldVolume
19.949521,-25.967292,1230.000000,0.534370,-0.695563,20.469558,mu-,110.766705,Solenoid_1_FieldVolume
42.968616,1.447466,1949.191190,-0.000000,-0.000000,12.596651,mu-,108.670360,Solenoid_1_FieldVolume
51.759270,13.966688,2206.206687,-0.000000,-0.000000,11.022070,mu-,107.171541,Solenoid_1_FieldVolume
55.930580,20.948739,2275.026254,-0.000000,-0.000000,11.022070,mu-,106.465833,Solenoid_1_FieldVolume
55.374646,20.148490,2294.344057,-0.000000,-0.000000,11.022070,mu-,106.060312,Solenoid_1_FieldVolume
54.720802,18.666897,2297.818236,-0.000000,-0.000000,11.022070,mu-,105.847627,Solenoid_1_FieldVolume
52.941394,21.104610,2298.709680,-0.000000,-0.000000,11.022070,mu-,105.732942,Solenoid_1_FieldVolume
52.653835,20.008010,2299.123754,-0.000000,-0.000000,11.022070,mu-,105.658372,Solenoid_1_FieldVolume
377.238147,-119.034424,3780.000000,4.663729,-1.471602,9.447488,pi-,817.113694,Solenoid_1_FieldVolume
28.825239,47.157130,-470.000000,0.772116,1.263157,20.469558,pi-,717.396947,Solenoid_1_FieldVolume
-75.204661,37.080548,3780.000000,-0.929742,0.458420,9.447488,pi-,716.645977,Solenoid_1_FieldVolume
33.573768,52.554198,1230.000000,0.899311,1.407723,20.469558,pi+,1310.714263,Solenoid_1_FieldVolume
226.542821,-166.097213,2930.000000,3.267494,-2.395669,11.022070,pi+,1225.238900,Solenoid_1_FieldVolume
271.884053,52.132126,2100.000000,-4.376727,-0.839211,11.022070,mu+,344.273928,Solenoid_1_FieldVolume
-34.625483,2.609612,-470.000000,-0.927482,0.069901,20.469558,pi+,385.950687,Solenoid_1_FieldVolume
-63.728591,-114.163942,3780.000000,-0.787865,-1.411389,9.447488,pi+,384.873965,Solenoid_1_FieldVolume
60.095325,-544.031013,-947.153959,-0.000000,0.000000,20.469558,pi-,189.825392,Solenoid_1_FieldVolume
-29.570772,-53.378420,-470.000000,-0.792086,-1.429801,20.469558,pi+,228.065766,Solenoid_1_FieldVolume
125.453964,-62.807773,2930.000000,1.809459,-0.905895,11.022070,mu+,153.718720,Solenoid_1_FieldVolume
0.712991,37.181975,1230.000000,0.019098,0.995961,20.469558,pi-,1947.725148,Solenoid_1_FieldVolume
83.372913,-9.883697,5110.500000,0.705496,-0.083635,6.298326,pi-,1946.383429,Solenoid_1_FieldVolume
-30.811688,330.575640,9360.000000,-0.126973,1.362283,3.149163,pi-,1873.837003,Solenoid_1_FieldVolume
32.467773,1.843495,1230.000000,0.869686,0.049380,20.469558,pi-,2184.382384,Solenoid_1_FieldVolume
-372.177507,-84.087524,380.000000,-9.969192,-2.252379,20.469558,pi-,452.756583,Solenoid_1_FieldVolume
118.307879,429.708984,-470.000000,3.169009,11.510237,20.469558,mu+,227.442340,Solenoid_1_FieldVolume
-81.648479,-79.665299,-470.000000,-2.187046,-2.133924,20.469558,pi-,2612.368880,Solenoid_1_FieldVolume
-47.019208,-187.383894,3780.000000,-0.581290,-2.316594,9.447488,pi-,2611.433411,Solenoid_1_FieldVolume
243.247895,44.040783,7660.000000,1.002410,0.181489,3.149163,pi-,2570.393231,Solenoid_1_FieldVolume
59.512475,-95.187023,2930.000000,0.858366,-1.372910,11.022070,pi+,996.891422,Solenoid_1_FieldVolume
-1.068490,-53.502547,2080.000000,-0.017613,-0.881924,12.596651,pi-,232.054249,Solenoid_1_FieldVolume
1.833848,-16.773159,5110.500000,0.015518,-0.141933,6.298326,mu-,180.166180,Solenoid_1_FieldVolume
-18.170084,-10.502617,9360.000000,-0.074878,-0.043281,3.149163,mu-,179.128715,Solenoid_1_FieldVolume
57.977863,24.283193,13240.000000,0.119462,0.050035,1.574581,mu-,177.617496,Solenoid_1_FieldVolume
37.070683,63.703450,17490.000000,0.076383,0.131259,1.574581,mu-,176.578231,Solenoid_1_FieldVolume
-37.534614,-44.487104,380.000000,-1.005407,-1.191637,20.469558,pi-,422.003024,Solenoid_1_FieldVolume
-207.579188,-72.681280,4215.500000,-1.756521,-0.615024,6.298326,pi-,421.156567,Solenoid_1_FieldVolume
2.025607,-181.144687,1230.000000,0.054258,-4.852164,20.469558,pi+,481.354387,Solenoid_1_FieldVolume
-42.518172,-11.101921,-470.000000,-1.138897,-0.297377,20.469558,pi+,260.511022,Solenoid_1_FieldVolume
-36.738596,31.293004,3780.000000,-0.454193,0.386870,9.447488,pi+,259.420001,Solenoid_1_FieldVolume
37.973326,-59.772960,380.000000,1.017158,-1.601086,20.469558,pi+,986.794851,Solenoid_1_FieldVolume
-107.534898,-30.135761,4215.500000,-0.909953,-0.255007,6.298326,pi+,985.992329,Solenoid_1_FieldVolume
3.074251,-42.352688,1230.000000,0.082347,-1.134464,20.469558,pi-,523.307348,Solenoid_1_FieldVolume
169.949482,-109.998505,5110.500000,1.438101,-0.930800,6.298326,pi-,520.144918,Solenoid_1_FieldVolume
98.426785,-117.416412,9360.000000,0.405611,-0.483866,3.149163,pi-,481.058855,Solenoid_1_FieldVolume
30.813031,-0.568304,380.000000,0.825362,-0.015223,20.469558,pi-,543.174007,Solenoid_1_FieldVolume
-11.617710,-71.744007,4215.500000,-0.098308,-0.607093,6.298326,pi-,542.402670,Solenoid_1_FieldVolume
338.306675,3.039821,8510.000000,1.394142,0.012527,3.149163,pi-,467.905555,Solenoid_1_FieldVolume
-7.505649,-118.758644,2930.000000,-0.108256,-1.712891,11.022070,pi+,794.477589,Solenoid_1_FieldVolume
-175.939467,-107.897212,6810.000000,-0.725036,-0.444638,3.149163,pi+,711.429023,Solenoid_1_FieldVolume
98.541850,-355.380276,10210.000000,0.406085,-1.464501,3.149163,mu+,513.463981,Solenoid_1_FieldVolume
63.018562,48.100771,2080.000000,1.038783,0.792882,12.596651,mu-,317.010167,Solenoid_1_FieldVolume
-48.733026,-192.014529,1230.000000,-1.305369,-5.143324,20.469558,mu-,372.074753,Solenoid_1_FieldVolume
-9.990278,-16.975508,5110.500000,-0.084537,-0.143646,6.298326,mu-,182.573192,Solenoid_1_FieldVolume
-6.830887,8.734029,9360.000000,-0.028150,0.035992,3.149163,mu-,181.322536,Solenoid_1_FieldVolume
71.080547,302.327251,2930.000000,1.025216,4.360555,11.022070,pi+,2645.767498,Solenoid_1_FieldVolume
2.009434,-28.599225,3780.000000,0.024842,-0.353567,9.447488,mu+,894.856122,Solenoid_1_FieldVolume
-82.277134,58.113635,7660.000000,-0.339059,0.239483,3.149163,mu+,892.045907,Solenoid_1_FieldVolume
-24.703795,-129.956600,-470.000000,-0.661719,-3.481033,20.469558,pi+,270.097816,Solenoid_1_FieldVolume
-13.623564,-139.764375,3780.000000,-0.168426,-1.727883,9.447488,pi+,268.936264,Solenoid_1_FieldVolume
68.461963,-115.673874,7660.000000,0.282128,-0.476685,3.149163,pi+,266.674229,Solenoid_1_FieldVolume
-138.574034,94.900721,11540.500000,-0.293151,0.200761,1.574581,pi+,265.094234,Solenoid_1_FieldVolume
161.206921,156.263840,15790.000000,0.332162,0.321977,1.574581,pi+,264.320999,Solenoid_1_FieldVolume
241.161428,0.809495,3780.000000,2.981437,0.010008,9.447488,pi+,1474.148804,Solenoid_1_FieldVolume
200.567252,130.245708,2080.000000,3.306104,2.146940,12.596651,pi-,697.989635,Solenoid_1_FieldVolume
317.857612,-4.194148,5960.000000,1.964809,-0.025926,4.723744,pi-,627.874465,Solenoid_1_FieldVolume
17.782380,-114.718950,10210.000000,0.073280,-0.472750,3.149163,pi-,520.308799,Solenoid_1_FieldVolume
-54.157967,15.840036,2080.000000,-0.892727,0.261103,12.596651,pi+,1730.928412,Solenoid_1_FieldVolume
-142.939791,-89.266237,2930.000000,-2.061663,-1.287513,11.022070,pi+,1045.345940,Solenoid_1_FieldVolume
-41.163011,-328.609702,5960.000000,-0.254446,-2.031272,4.723744,mu+,831.827430,Solenoid_1_FieldVolume
92.715545,-322.181720,10210.000000,0.382075,-1.327692,3.149163,mu+,761.651702,Solenoid_1_FieldVolume
32.155132,-45.873794,2080.000000,0.530038,-0.756173,12.596651,pi+,1619.714788,Solenoid_1_FieldVolume
160.902024,-25.632991,5960.000000,0.994602,-0.158448,4.723744,pi+,1618.368649,Solenoid_1_FieldVolume
-77.718522,-200.670575,10210.000000,-0.320274,-0.826952,3.149163,pi+,1617.122044,Solenoid_1_FieldVolume
111.861938,6.591000,-470.000000,2.996347,0.176547,20.469558,pi-,457.887892,Solenoid_1_FieldVolume
172.841423,18.841025,3780.000000,2.136808,0.232928,9.447488,pi-,457.059428,Solenoid_1_FieldVolume
-47.277813,202.068513,8510.000000,-0.194829,0.832713,3.149163,pi-,312.333337,Solenoid_1_FieldVolume
-52.031700,31.413540,380.000000,-1.393727,0.841447,20.469558,pi+,610.473980,Solenoid_1_FieldVolume
-79.871386,3.399791,4215.500000,-0.675866,0.028769,6.298326,pi+,609.459472,Solenoid_1_FieldVolume
-185.570018,84.641997,8510.000000,-0.764723,0.348805,3.149163,pi+,606.290944,Solenoid_1_FieldVolume
-203.880954,-122.345609,12390.000000,-0.420091,-0.252090,1.574581,pi+,605.319557,Solenoid_1_FieldVolume
126.444323,-251.723708,16640.000000,0.260535,-0.518669,1.574581,pi+,488.492670,Solenoid_1_FieldVolume
18.405938,-79.145329,-106.363540,-0.000000,0.000000,20.469558,pi-,622.632006,Solenoid_1_FieldVolume
28.238920,-137.422107,3780.000000,0.349113,-1.698925,9.447488,mu-,361.527004,Solenoid_1_FieldVolume
84.223560,-55.578767,380.000000,2.256022,-1.488740,20.469558,pi+,971.200076,Solenoid_1_FieldVolume
58.991812,173.081442,4215.500000,0.499185,1.464603,6.298326,pi+,970.242595,Solenoid_1_FieldVolume
84.505965,-62.216095,2930.000000,1.218854,-0.897361,11.022070,pi+,574.696375,Solenoid_1_FieldVolume
36.590494,-37.764019,-470.000000,0.980117,-1.011552,20.469558,pi-,258.188191,Solenoid_1_FieldVolume
12.397418,-20.316639,3780.000000,0.153267,-0.251171,9.447488,pi-,257.292344,Solenoid_1_FieldVolume
-58.560851,8.467524,6810.000000,-0.241326,0.034894,3.149163,mu-,164.123841,Solenoid_1_FieldVolume
-14.207651,19.771531,10645.500000,-0.060112,0.083653,3.149163,mu-,162.962284,Solenoid_1_FieldVolume
-123.194734,47.531388,14940.000000,-0.253839,0.097937,1.574581,mu-,161.467036,Solenoid_1_FieldVolume
-28.351501,-39.463592,1230.000000,-0.759427,-1.057077,20.469558,mu+,219.650849,Solenoid_1_FieldVolume
100.816962,48.313636,380.000000,2.700495,1.294135,20.469558,pi+,535.685413,Solenoid_1_FieldVolume
152.946331,-75.550627,3780.000000,1.890849,-0.934019,9.447488,mu+,467.749312,Solenoid_1_FieldVolume
42.489312,-288.249048,7660.000000,0.175096,-1.187857,3.149163,mu+,397.397977,Solenoid_1_FieldVolume
-54.318586,44.523177,1230.000000,-1.454984,1.192603,20.469558,pi-,353.111905,Solenoid_1_FieldVolume
-21.678767,41.007133,2930.000000,-0.312679,0.591458,11.022070,pi+,219.071905,Solenoid_1_FieldVolume
4.930690,60.366926,380.000000,0.132074,1.616996,20.469558,mu-,726.199043,Solenoid_1_FieldVolume
97.351379,21.659169,4215.500000,0.823781,0.183278,6.298326,mu-,725.609227,Solenoid_1_FieldVolume
104.948072,26.857626,8510.000000,0.432485,0.110679,3.149163,mu-,267.268728,Solenoid_1_FieldVolume
160.904009,-44.106048,1230.000000,4.309994,-1.181430,20.469558,pi-,565.519040,Solenoid_1_FieldVolume
157.308496,291.473520,4215.500000,1.331134,2.466429,6.298326,mu-,496.982070,Solenoid_1_FieldVolume
7.519631,-63.114669,2930.000000,0.108458,-0.910321,11.022070,pi+,842.787463,Solenoid_1_FieldVolume
77.678584,-31.657218,5960.000000,0.480163,-0.195686,4.723744,mu+,686.021818,Solenoid_1_FieldVolume
77.957263,-11.583003,10210.000000,0.321257,-0.047733,3.149163,mu+,685.258796,Solenoid_1_FieldVolume
-86.256292,-58.166261,14090.000000,-0.177729,-0.119850,1.574581,mu+,684.171591,Solenoid_1_FieldVolume
-485.494323,-52.622849,380.000000,-13.004510,-1.409562,20.469558,pi-,452.363028,Solenoid_1_FieldVolume
-473.604195,-112.480001,3780.000000,-5.855086,-1.390571,9.447488,mu-,189.964863,Solenoid_1_FieldVolume
151.630771,-174.776479,380.000000,4.061600,-4.681584,20.469558,mu-,171.040424,Solenoid_1_FieldVolume
-10.424545,33.346739,2080.000000,-0.171836,0.549680,12.596651,pi-,1100.843809,Solenoid_1_FieldVolume
189.889765,-185.685413,5960.000000,1.173787,-1.147798,4.723744,pi-,1099.744645,Solenoid_1_FieldVolume
147.204249,-74.533059,2080.000000,2.426481,-1.228586,12.596651,mu+,1151.204708,Solenoid_1_FieldVolume
220.738107,-175.087319,5960.000000,1.364473,-1.082287,4.723744,mu+,772.835373,Solenoid_1_FieldVolume
252.993725,-128.433810,10210.000000,1.042572,-0.529268,3.149163,mu+,732.776414,Solenoid_1_FieldVolume
-230.574358,-101.638472,380.000000,-6.176193,-2.722500,20.469558,mu+,128.917653,Solenoid_1_FieldVolume
75.541818,56.740099,1230.000000,2.023472,1.519847,20.469558,pi+,392.206637,Solenoid_1_FieldVolume
73.318233,217.621812,5110.500000,0.620414,1.841501,6.298326,pi+,390.771375,Solenoid_1_FieldVolume
-90.738137,146.665183,9360.000000,-0.373927,0.604399,3.149163,pi+,275.407399,Solenoid_1_FieldVolume
-91.813632,-1.531931,1230.000000,-2.459331,-0.041034,20.469558,pi+,1859.412792,Solenoid_1_FieldVolume
-139.686553,-75.198400,5110.500000,-1.182018,-0.636324,6.298326,pi+,1857.708451,Solenoid_1_FieldVolume
81.498318,-80.434891,1230.000000,2.183024,-2.154539,20.469558,mu+,212.876276,Solenoid_1_FieldVolume
119.839207,-72.719477,380.000000,3.210028,-1.947873,20.469558,pi-,2582.069003,Solenoid_1_FieldVolume
-401.192104,6.107604,198.703674,0.000000,-0.000000,20.469558,pi+,365.700566,Solenoid_1_FieldVolume
116.286134,-25.332661,2080.000000,1.916834,-0.417578,12.596651,mu+,582.432738,Solenoid_1_FieldVolume
22.937519,-8.110777,380.000000,0.614407,-0.217256,20.469558,pi-,358.478465,Solenoid_1_FieldVolume
15.471173,-42.917668,4215.500000,0.130916,-0.363166,6.298326,pi-,357.321194,Solenoid_1_FieldVolume
142.307788,-63.134066,8510.000000,0.586442,-0.260172,3.149163,pi-,355.765452,Solenoid_1_FieldVolume
223.861543,148.506177,12390.000000,0.461260,0.305993,1.574581,pi-,354.279281,Solenoid_1_FieldVolume
231.671782,132.398878,16640.000000,0.477353,0.272804,1.574581,pi-,353.407200,Solenoid_1_FieldVolume
77.115425,-346.675195,4215.500000,0.652545,-2.933542,6.298326,pi-,392.883936,Solenoid_1_FieldVolume
222.375532,-516.692326,1230.000000,5.956578,-13.840183,20.469558,mu+,187.927737,Solenoid_1_FieldVolume
-4.683599,-123.740061,-470.000000,-0.125455,-3.314516,20.469558,pi-,403.130828,Solenoid_1_FieldVolume
42.159126,-55.909455,-470.000000,1.129279,-1.497597,20.469558,pi+,229.562508,Solenoid_1_FieldVolume
-41.462209,-12.931618,1230.000000,-1.110612,-0.346388,20.469558,pi+,1140.666766,Solenoid_1_FieldVolume
-81.068581,-68.517766,-470.000000,-2.171513,-1.835325,20.469558,pi-,687.994769,Solenoid_1_FieldVolume
-144.358152,-50.000366,3780.000000,-1.784675,-0.618146,9.447488,pi-,648.872520,Solenoid_1_FieldVolume
48.065964,33.252752,1230.000000,1.287501,0.890712,20.469558,pi+,374.383091,Solenoid_1_FieldVolume
7.123619,-106.098838,380.000000,0.190814,-2.841976,20.469558,mu+,812.883157,Solenoid_1_FieldVolume
58.239244,-83.437925,4215.500000,0.492816,-0.706046,6.298326,mu+,812.170293,Solenoid_1_FieldVolume
206.883777,-156.787746,8510.000000,0.852556,-0.646113,3.149163,mu+,316.272480,Solenoid_1_FieldVolume
-11.428916,-11.263246,2930.000000,-0.164843,-0.162453,11.022070,pi-,1702.931025,Solenoid_1_FieldVolume
-27.029277,219.135835,6810.000000,-0.111386,0.903046,3.149163,pi-,1699.620184,Solenoid_1_FieldVolume
-148.223077,-92.056486,10645.500000,-0.627127,-0.389488,3.149163,pi-,1620.477358,Solenoid_1_FieldVolume
401.488542,-274.424019,14940.000000,0.827255,-0.565443,1.574581,pi-,1543.285731,Solenoid_1_FieldVolume
-227.340835,46.107337,-470.000000,-6.089579,1.235037,20.469558,pi-,281.344324,Solenoid_1_FieldVolume
105.322408,-64.094293,2930.000000,1.519096,-0.924451,11.022070,pi+,251.467042,Solenoid_1_FieldVolume
-13.773118,-74.118603,6003.718324,0.000000,0.000000,3.149163,pi+,249.181116,Solenoid_1_FieldVolume
-129.411957,-175.948397,10210.000000,-0.533299,-0.725073,3.149163,mu+,170.785003,Solenoid_1_FieldVolume
77.090323,58.412093,2080.000000,1.270739,0.962851,12.596651,pi+,160.331801,Solenoid_1_FieldVolume
146.480791,-79.843999,5110.500000,1.239510,-0.675634,6.298326,mu+,134.194800,Solenoid_1_FieldVolume
140.528668,-95.536484,9360.000000,0.579110,-0.393700,3.149163,mu+,132.476526,Solenoid_1_FieldVolume
-80.273654,-68.356623,2080.000000,-1.323212,-1.126775,12.596651,pi+,678.460262,Solenoid_1_FieldVolume
-104.800349,-268.075092,5960.000000,-0.647814,-1.657083,4.723744,pi+,641.698172,Solenoid_1_FieldVolume
-35.674176,23.797128,2930.000000,-0.514539,0.343233,11.022070,pi-,593.537483,Solenoid_1_FieldVolume
-63.940226,64.128700,6810.000000,-0.263494,0.264271,3.149163,pi-,592.324613,Solenoid_1_FieldVolume
-77.477074,14.029225,10645.500000,-0.327803,0.059357,3.149163,pi-,558.286354,Solenoid_1_FieldVolume
64.345394,27.442652,-470.000000,1.723564,0.735082,20.469558,pi+,1595.395434,Solenoid_1_FieldVolume
51.416571,46.856808,3780.000000,0.635654,0.579283,9.447488,pi+,1594.612738,Solenoid_1_FieldVolume
58.918976,-83.635367,7660.000000,0.242802,-0.344656,3.149163,pi+,1593.359075,Solenoid_1_FieldVolume
-59.877220,17.515022,11540.500000,-0.126669,0.037053,1.574581,pi+,1592.208031,Solenoid_1_FieldVolume
37.243280,179.356526,15790.000000,0.076739,0.369559,1.574581,pi+,1591.396316,Solenoid_1_FieldVolume
101.539214,215.582930,2080.000000,1.673749,3.553619,12.596651,pi-,806.626608,Solenoid_1_FieldVolume
-94.592242,-90.872307,2930.000000,-1.364332,-1.310678,11.022070,pi-,776.428711,Solenoid_1_FieldVolume
24.042612,-1.623246,380.000000,0.644008,-0.043480,20.469558,pi-,396.619403,Solenoid_1_FieldVolume
-12.266756,-100.324004,4215.500000,-0.103800,-0.848935,6.298326,pi-,395.763403,Solenoid_1_FieldVolume
235.799983,-162.569687,8510.000000,0.971718,-0.669940,1.574581,pi-,329.489032,Solenoid_1_FieldVolume
61.621068,-62.062408,12390.000000,0.126968,-0.127878,1.574581,pi-,204.382014,Solenoid_1_FieldVolume
128.986107,-87.045918,16640.000000,0.265772,-0.179356,1.574581,pi-,203.030057,Solenoid_1_FieldVolume
107.290772,-44.817020,380.000000,2.873904,-1.200474,20.469558,pi+,187.949404,Solenoid_1_FieldVolume
61.910217,-69.357498,3780.000000,0.765385,-0.857455,9.447488,mu+,127.397606,Solenoid_1_FieldVolume
-112.685683,-214.917397,4215.500000,-0.953538,-1.818616,6.298326,pi-,1217.525264,Solenoid_1_FieldVolume
-106.575147,-106.948433,2080.000000,-1.756760,-1.762913,12.596651,pi+,634.313911,Solenoid_1_FieldVolume
-147.728185,7.418802,1230.000000,-3.957065,0.198721,20.469558,pi+,223.098643,Solenoid_1_FieldVolume
-175.972814,139.783028,2080.000000,-2.900695,2.304151,12.596651,pi-,231.012810,Solenoid_1_FieldVolume
-364.748428,485.349945,-470.000000,-9.770196,13.000642,20.469558,pi-,605.430254,Solenoid_1_FieldVolume
-483.363282,419.241780,3780.000000,-5.975736,5.183013,9.447488,pi-,350.384276,Solenoid_1_FieldVolume
-42.402729,200.256725,2080.000000,-0.698957,3.300985,12.596651,pi+,168.302399,Solenoid_1_FieldVolume
35.335117,84.711820,-470.000000,0.946491,2.269101,20.469558,pi-,477.791062,Solenoid_1_FieldVolume
-76.238199,-44.192645,-470.000000,-2.042126,-1.183750,20.469558,pi+,1093.283155,Solenoid_1_FieldVolume
-167.850372,-88.408814,3780.000000,-2.075105,-1.092983,9.447488,pi+,1092.514883,Solenoid_1_FieldVolume
-661.615770,230.140876,7520.906122,0.000000,-0.000000,3.149163,pi+,1017.613213,Solenoid_1_FieldVolume
-698.457360,53.456214,7615.975917,0.000000,-0.000000,3.149163,pi+,385.275465,Solenoid_1_FieldVolume
22.868966,107.216690,2930.000000,0.329846,1.546418,11.022070,pi+,975.958562,Solenoid_1_FieldVolume
131.922594,298.462974,-470.000000,3.533695,7.994665,20.469558,pi-,466.149400,Solenoid_1_FieldVolume
-7.447718,-128.322855,380.000000,-0.199495,-3.437272,20.469558,mu+,289.337666,Solenoid_1_FieldVolume
-74.005237,-90.971147,4215.500000,-0.626227,-0.769792,6.298326,mu+,236.330244,Solenoid_1_FieldVolume
-67.570957,-71.483203,2415.675196,0.000000,0.000000,11.022070,pi+,151.948279,Solenoid_1_FieldVolume
-70.388876,111.033859,-470.000000,-1.885445,2.974166,20.469558,pi+,844.758566,Solenoid_1_FieldVolume
-115.245897,-0.063630,380.000000,-3.086991,-0.001704,20.469558,pi+,716.124769,Solenoid_1_FieldVolume
-28.067818,31.126978,4215.500000,-0.237508,0.263394,6.298326,pi+,715.210899,Solenoid_1_FieldVolume
93.608854,94.302265,8510.000000,0.385757,0.388614,3.149163,pi+,714.056827,Solenoid_1_FieldVolume
-156.031763,93.031401,12390.000000,-0.321499,0.191688,1.574581,pi+,692.915446,Solenoid_1_FieldVolume
404.359901,149.625277,16640.000000,0.833172,0.308299,1.574581,pi+,563.703304,Solenoid_1_FieldVolume
-216.074330,-102.480201,380.000000,-5.787793,-2.745047,20.469558,pi+,576.867988,Solenoid_1_FieldVolume
-370.859014,-224.721626,-470.000000,-9.933874,-6.019421,20.469558,pi+,949.761195,Solenoid_1_FieldVolume
-217.385806,-197.552936,3780.000000,-2.687503,-2.442312,9.447488,pi+,713.311843,Solenoid_1_FieldVolume
-35.115116,13.767373,2080.000000,-0.578829,0.226938,12.596651,pi+,509.447427,Solenoid_1_FieldVolume
-13.651990,-14.193395,5960.000000,-0.084389,-0.087735,4.723744,pi+,508.198167,Solenoid_1_FieldVolume
-13.726492,55.824346,10210.000000,-0.056566,0.230049,3.149163,pi+,507.342564,Solenoid_1_FieldVolume
84.017720,-121.999795,14090.000000,0.173116,-0.251377,1.574581,pi+,505.272596,Solenoid_1_FieldVolume
29.044745,-25.893906,17490.000000,0.059846,-0.053354,1.574581,mu+,306.191811,Solenoid_1_FieldVolume
-62.667122,-43.408568,-470.000000,-1.678609,-1.162747,20.469558,pi+,585.923083,Solenoid_1_FieldVolume
-57.665293,-9.019242,2930.000000,-0.831724,-0.130087,11.022070,pi+,582.860794,Solenoid_1_FieldVolume
-80.219689,-2.417962,6810.000000,-0.330581,-0.009964,3.149163,pi+,581.625896,Solenoid_1_FieldVolume
-80.125078,-0.302596,10645.500000,-0.339006,-0.001280,3.149163,pi+,580.836447,Solenoid_1_FieldVolume
220.859466,59.871191,14940.000000,0.455074,0.123363,1.574581,pi+,579.818145,Solenoid_1_FieldVolume
82.966714,-36.282564,1230.000000,2.222356,-0.971869,20.469558,pi+,281.469722,Solenoid_1_FieldVolume
-58.645887,42.939697,1230.000000,-1.570896,1.150188,20.469558,pi+,925.286498,Solenoid_1_FieldVolume
-225.661389,368.837029,4215.500000,-1.909531,3.121073,6.298326,pi+,933.226482,Solenoid_1_FieldVolume
219.150941,-39.521436,380.000000,5.870204,-1.058626,20.469558,pi+,279.810200,Solenoid_1_FieldVolume
-0.179386,-31.242775,2930.000000,-0.002587,-0.450624,11.022070,pi-,1106.697858,Solenoid_1_FieldVolume
77.693410,-28.003861,2080.000000,1.280680,-0.461609,12.596651,pi-,1654.945654,Solenoid_1_FieldVolume
103.105906,-178.069441,5960.000000,0.637340,-1.100721,4.723744,pi-,1653.489903,Solenoid_1_FieldVolume
56.156507,-120.448456,-470.000000,1.504215,-3.226347,20.469558,pi-,2408.010285,Solenoid_1_FieldVolume
213.702838,-24.215822,3780.000000,2.641971,-0.299376,9.447488,pi-,2367.464034,Solenoid_1_FieldVolume
-184.885202,-75.301170,-1300.000000,5.527302,2.251193,20.469558,mu-,214.576783,Solenoid_1_FieldVolume
-237.160102,207.961563,2930.000000,-3.420630,2.999491,11.022070,pi-,508.274025,Solenoid_1_FieldVolume
208.369544,176.841319,380.000000,5.581412,4.736893,20.469558,mu-,223.680899,Solenoid_1_FieldVolume
68.947895,-242.233353,1250.000000,-1.268466,4.456477,12.596651,pi+,216.429258,Solenoid_1_FieldVolume
-262.114506,-244.800713,-470.000000,-7.021031,-6.557262,20.469558,pi+,512.877486,Solenoid_1_FieldVolume
-234.772667,39.822517,-1070.671717,0.000000,-0.000000,20.469558,pi-,472.971011,Solenoid_1_FieldVolume
-275.866580,87.631314,2930.000000,-3.978905,1.263932,11.022070,mu-,308.717421,Solenoid_1_FieldVolume
-42.398435,112.439779,-470.000000,-1.135690,3.011826,20.469558,pi+,460.830744,Solenoid_1_FieldVolume
-57.604200,113.645560,3780.000000,-0.712151,1.404980,9.447488,pi+,460.062954,Solenoid_1_FieldVolume
9.195433,-93.810092,-470.000000,0.246310,-2.512808,20.469558,pi-,604.457814,Solenoid_1_FieldVolume
117.147878,-44.950540,3780.000000,1.448279,-0.555716,9.447488,pi-,603.485942,Solenoid_1_FieldVolume
-176.027881,47.509763,6810.000000,-0.725401,0.195785,3.149163,pi-,533.325897,Solenoid_1_FieldVolume
-318.687952,-17.202035,10645.500000,-1.348358,-0.072781,3.149163,pi-,423.519456,Solenoid_1_FieldVolume
-17.048280,117.341538,1230.000000,-0.456657,3.143125,20.469558,pi+,330.043862,Solenoid_1_FieldVolume
-1.014475,34.174865,2080.000000,-0.016722,0.563331,12.596651,mu-,171.879032,Solenoid_1_FieldVolume
-48.870777,-137.121881,2930.000000,-0.704878,-1.977749,11.022070,pi+,257.889644,Solenoid_1_FieldVolume
-14.431814,-83.307238,-470.000000,-0.386572,-2.231478,20.469558,pi+,811.985270,Solenoid_1_FieldVolume
-148.691923,-155.741681,3780.000000,-1.838252,-1.925407,9.447488,pi+,811.071540,Solenoid_1_FieldVolume
-42.869422,-42.038698,1230.000000,-1.148306,-1.126054,20.469558,pi+,552.103098,Solenoid_1_FieldVolume
60.476939,-156.308067,380.000000,1.619943,-4.186887,20.469558,pi-,657.569001,Solenoid_1_FieldVolume
-20.801494,75.077608,380.000000,-0.557191,2.011038,20.469558,pi+,343.976231,Solenoid_1_FieldVolume
-22.608960,-45.100260,3965.393331,0.000000,0.000000,6.298326,pi+,342.802814,Solenoid_1_FieldVolume
128.245424,-172.926380,-422.025686,-0.000000,0.000000,20.469558,pi+,488.513179,Solenoid_1_FieldVolume
141.962341,-231.063575,3780.000000,1.755056,-2.856599,9.447488,mu+,254.236003,Solenoid_1_FieldVolume
-91.656050,24.188766,1230.000000,-2.455110,0.647923,20.469558,pi-,432.655926,Solenoid_1_FieldVolume
-23.259199,-255.840709,4215.500000,-0.196818,-2.164906,6.298326,mu-,278.825063,Solenoid_1_FieldVolume
-53.483176,79.307062,-470.000000,-1.432607,2.124329,20.469558,mu+,386.302855,Solenoid_1_FieldVolume
-79.077428,98.675348,3780.000000,-0.977620,1.219906,9.447488,mu+,385.429464,Solenoid_1_FieldVolume
-78.135937,-39.779611,-470.000000,-2.092959,-1.065541,20.469558,pi+,186.915991,Solenoid_1_FieldVolume
-36.109530,37.137216,2080.000000,-0.595221,0.612161,12.596651,pi-,396.140153,Solenoid_1_FieldVolume
-34.168535,9.241828,5960.000000,-0.211210,0.057128,4.723744,pi-,394.089704,Solenoid_1_FieldVolume
35.256461,28.492285,10210.000000,0.145290,0.117415,3.149163,pi-,393.263039,Solenoid_1_FieldVolume
62.521153,-113.198093,14090.000000,0.128823,-0.233241,1.574581,pi-,391.978761,Solenoid_1_FieldVolume
46.314116,13.696907,380.000000,1.240576,0.366887,20.469558,mu-,290.799089,Solenoid_1_FieldVolume
-6.451011,-84.159288,4215.500000,-0.054588,-0.712150,6.298326,mu-,288.805418,Solenoid_1_FieldVolume
-69.159620,-6.519532,1230.000000,-1.852518,-0.174633,20.469558,pi+,522.297649,Solenoid_1_FieldVolume
160.655945,-144.200640,5110.500000,1.359460,-1.220216,6.298326,mu+,319.688967,Solenoid_1_FieldVolume
214.523112,-117.480634,9360.000000,0.884037,-0.484131,3.149163,mu+,235.187827,Solenoid_1_FieldVolume
-66.905272,-14.278187,-470.000000,-1.792133,-0.382457,20.469558,pi-,387.039253,Solenoid_1_FieldVolume
-65.656569,41.693273,3780.000000,-0.811701,0.515447,9.447488,pi-,386.151752,Solenoid_1_FieldVolume
91.356141,-8.260982,7660.000000,0.376473,-0.034043,3.149163,pi-,347.813045,Solenoid_1_FieldVolume
-48.869008,-68.762632,380.000000,-1.309011,-1.841884,20.469558,pi-,474.475919,Solenoid_1_FieldVolume
38.393594,-193.767269,4215.500000,0.324884,-1.639645,6.298326,pi-,473.500850,Solenoid_1_FieldVolume
86.280625,-142.735357,-470.000000,2.311123,-3.823327,20.469558,pi+,172.029686,Solenoid_1_FieldVolume
109.291830,-137.650538,380.000000,2.927504,-3.687124,20.469558,pi+,387.799824,Solenoid_1_FieldVolume
411.536002,158.931888,-470.000000,11.023453,4.257169,20.469558,pi+,269.520031,Solenoid_1_FieldVolume
-21.376325,-118.164459,2930.000000,-0.308317,-1.704321,11.022070,pi+,1124.955675,Solenoid_1_FieldVolume
249.367209,-28.236014,6810.000000,1.027628,-0.116359,3.149163,pi+,1080.251961,Solenoid_1_FieldVolume
-46.906532,45.899384,10645.500000,-0.198460,0.194199,3.149163,pi+,1008.639806,Solenoid_1_FieldVolume
40.794442,-111.499937,3780.000000,0.504335,-1.378454,9.447488,mu+,797.690968,Solenoid_1_FieldVolume
90.472100,-126.281015,380.000000,2.423397,-3.382579,20.469558,pi-,1121.757141,Solenoid_1_FieldVolume
-253.728490,-213.119834,4215.500000,-2.147033,-1.803405,6.298326,pi-,961.096451,Solenoid_1_FieldVolume
14.536906,-23.511425,2930.000000,0.209670,-0.339112,11.022070,pi-,386.771442,Solenoid_1_FieldVolume
126.895970,-173.008486,6810.000000,0.522931,-0.712958,3.149163,pi-,385.511207,Solenoid_1_FieldVolume
65.977890,-34.484582,10210.000000,0.271891,-0.142109,3.149163,mu-,366.722290,Solenoid_1_FieldVolume
272.347475,-75.782749,14090.000000,0.561164,-0.156148,1.574581,mu-,287.915993,Solenoid_1_FieldVolume
16.949395,-50.437338,-470.000000,0.454009,-1.351021,20.469558,pi+,843.959638,Solenoid_1_FieldVolume
34.251995,-121.567120,3780.000000,0.423451,-1.502913,9.447488,pi+,796.806149,Solenoid_1_FieldVolume
-51.421243,55.116473,-470.000000,-1.377376,1.476357,20.469558,pi+,169.912236,Solenoid_1_FieldVolume
51.144827,74.804705,3780.000000,0.632295,0.924797,9.447488,pi+,166.656311,Solenoid_1_FieldVolume
-245.034470,220.520132,380.000000,-6.563523,5.906879,20.469558,pi+,435.453504,Solenoid_1_FieldVolume
83.373129,-6.988395,2080.000000,1.374303,-0.115195,12.596651,pi+,467.292498,Solenoid_1_FieldVolume
119.795024,60.422782,380.000000,3.208844,1.618492,20.469558,pi-,655.081095,Solenoid_1_FieldVolume
-210.043684,248.559412,4215.500000,-1.777375,2.103293,6.298326,pi-,653.813197,Solenoid_1_FieldVolume
-53.880512,-14.143773,-470.000000,-1.443250,-0.378857,20.469558,pi+,319.980672,Solenoid_1_FieldVolume
-8.480819,-27.278317,2930.000000,-0.122321,-0.393443,11.022070,mu+,220.405031,Solenoid_1_FieldVolume
100.015893,166.977426,380.000000,2.679038,4.472678,20.469558,pi+,245.715926,Solenoid_1_FieldVolume
-57.630775,236.267029,2100.000000,0.927727,-3.803372,11.022070,mu+,121.681021,Solenoid_1_FieldVolume
-13.521282,-116.315240,2080.000000,-0.222882,-1.917313,12.596651,pi-,1737.730966,Solenoid_1_FieldVolume
-235.561030,-157.946592,5960.000000,-1.456100,-0.976333,4.723744,pi-,1702.511646,Solenoid_1_FieldVolume
-81.340899,37.111168,1230.000000,-2.178807,0.994064,20.469558,pi-,179.899496,Solenoid_1_FieldVolume
18.004646,61.249480,380.000000,0.482275,1.640636,20.469558,pi-,753.085161,Solenoid_1_FieldVolume
28.589030,93.084773,4215.500000,0.241918,0.787677,6.298326,pi-,752.314735,Solenoid_1_FieldVolume
91.359592,115.825702,8510.000000,0.376488,0.477311,3.149163,pi-,751.156383,Solenoid_1_FieldVolume
-121.463964,-77.353202,12390.000000,-0.250273,-0.159384,1.574581,pi-,750.177090,Solenoid_1_FieldVolume
279.799283,11.091952,16640.000000,0.576518,0.022855,1.574581,pi-,749.478166,Solenoid_1_FieldVolume
-82.628529,12.812566,380.000000,-2.213298,0.343199,20.469558,pi+,619.612945,Solenoid_1_FieldVolume
-50.283417,82.781819,3780.000000,-0.621645,1.023417,9.447488,mu+,514.253605,Solenoid_1_FieldVolume
45.866904,-11.988855,1230.000000,1.228596,-0.321135,20.469558,pi+,920.811953,Solenoid_1_FieldVolume
-26.986448,-2.978303,1230.000000,-0.722862,-0.079777,20.469558,pi-,245.967216,Solenoid_1_FieldVolume
-69.552211,-93.474195,5110.500000,-0.588546,-0.790972,6.298326,mu-,196.893265,Solenoid_1_FieldVolume
-125.417211,-118.461917,9360.000000,-0.516837,-0.488175,3.149163,mu-,196.002982,Solenoid_1_FieldVolume
14.529274,-22.722896,380.000000,0.389183,-0.608658,20.469558,pi+,1267.059917,Solenoid_1_FieldVolume
-7.483845,58.122295,4215.500000,-0.063328,0.491827,6.298326,pi+,1266.342172,Solenoid_1_FieldVolume
230.545139,-262.835440,7491.296428,-0.000000,0.000000,3.149163,mu+,107.496210,Solenoid_1_FieldVolume
204.111595,-249.001542,7395.184028,-0.000000,0.000000,3.149163,mu+,106.589647,Solenoid_1_FieldVolume
211.455215,-266.534997,7366.392762,-0.000000,0.000000,3.149163,mu+,106.174534,Solenoid_1_FieldVolume
205.573786,-253.517020,7358.306553,-0.000000,0.000000,3.149163,mu+,105.919706,Solenoid_1_FieldVolume
210.341261,-250.573116,7355.762316,-0.000000,0.000000,3.149163,mu+,105.785034,Solenoid_1_FieldVolume
212.461533,-251.044798,7355.127453,-0.000000,0.000000,3.149163,mu+,105.701014,Solenoid_1_FieldVolume
-6.532414,-23.032765,1230.000000,-0.174978,-0.616958,20.469558,pi-,2792.177244,Solenoid_1_FieldVolume
-53.898038,-201.402018,5110.500000,-0.456082,-1.704250,6.298326,pi-,1885.939968,Solenoid_1_FieldVolume
285.292153,202.539954,9360.000000,1.175672,0.834655,3.149163,pi-,1818.388267,Solenoid_1_FieldVolume
-102.782470,-91.579129,380.000000,-2.753144,-2.453050,20.469558,pi+,234.010850,Solenoid_1_FieldVolume
-112.296605,-71.766934,3780.000000,-1.388303,-0.887242,9.447488,mu+,186.272037,Solenoid_1_FieldVolume
-118.499297,0.788124,7660.000000,-0.488329,0.003248,3.149163,mu+,184.801101,Solenoid_1_FieldVolume
-99.114156,101.471533,380.000000,-2.654884,2.718029,20.469558,pi-,348.449992,Solenoid_1_FieldVolume
-66.937486,178.117721,4215.500000,-0.566420,1.507220,6.298326,pi-,347.570602,Solenoid_1_FieldVolume
7.444978,-111.133484,-470.000000,0.199422,-2.976835,20.469558,pi-,551.937566,Solenoid_1_FieldVolume
39.463501,58.644305,3780.000000,0.487880,0.725009,9.447488,pi-,550.628925,Solenoid_1_FieldVolume
151.167309,138.322430,4215.500000,1.279167,1.170475,6.298326,pi-,742.931643,Solenoid_1_FieldVolume
94.183053,383.121651,9360.000000,0.388123,1.578822,3.149163,pi-,400.030095,Solenoid_1_FieldVolume
-116.894684,563.839583,380.000000,-3.131155,15.103075,20.469558,pi-,364.314731,Solenoid_1_FieldVolume
21.006292,110.418956,2080.000000,0.346263,1.820120,12.596651,pi-,445.820140,Solenoid_1_FieldVolume
-50.644847,102.708179,5960.000000,-0.313057,0.634882,4.723744,pi-,444.331072,Solenoid_1_FieldVolume
-131.882110,105.092352,9360.000000,-0.543478,0.433079,3.149163,mu-,243.163484,Solenoid_1_FieldVolume
-154.541577,260.183716,13240.000000,-0.318428,0.536101,1.574581,mu-,203.456204,Solenoid_1_FieldVolume
-90.595196,-101.172477,1230.000000,-2.426694,-2.710018,20.469558,mu+,309.494272,Solenoid_1_FieldVolume
63.077181,-111.969100,5110.500000,0.533755,-0.947475,6.298326,mu+,308.076659,Solenoid_1_FieldVolume
-34.341645,-47.660063,9360.000000,-0.141520,-0.196404,3.149163,mu+,306.991124,Solenoid_1_FieldVolume
-0.151695,125.016298,13240.000000,-0.000313,0.257592,1.574581,mu+,305.820066,Solenoid_1_FieldVolume
68.095230,38.331246,17490.000000,0.140308,0.078980,1.574581,mu+,305.032829,Solenoid_1_FieldVolume
-39.634690,-117.514135,380.000000,-1.061660,-3.147748,20.469558,pi+,656.163282,Solenoid_1_FieldVolume
-58.433093,-26.108935,2080.000000,-0.963197,-0.430374,12.596651,mu-,201.604994,Solenoid_1_FieldVolume
-30.125696,59.372582,5960.000000,-0.186219,0.367006,4.723744,mu-,200.298915,Solenoid_1_FieldVolume
-79.641419,64.211028,10210.000000,-0.328198,0.264610,3.149163,mu-,199.437470,Solenoid_1_FieldVolume
-129.118589,242.022378,14090.000000,-0.266045,0.498680,1.574581,mu-,197.755616,Solenoid_1_FieldVolume
98.400763,131.307241,-1300.000000,-2.941775,-3.925543,20.469558,mu+,125.789724,Solenoid_1_FieldVolume
-142.387181,449.704030,7680.000000,0.654890,-2.068352,3.149163,pi-,254.503579,Solenoid_1_FieldVolume
227.865956,230.432861,-470.000000,6.103645,6.172403,20.469558,mu-,316.640673,Solenoid_1_FieldVolume
2.575178,61.578174,380.000000,0.068979,1.649440,20.469558,pi+,2333.511764,Solenoid_1_FieldVolume
86.628022,75.976527,4215.500000,0.733040,0.642908,6.298326,pi+,2332.362847,Solenoid_1_FieldVolume
-193.312627,-272.506786,8510.000000,-0.796630,-1.122985,3.149163,pi+,2288.766371,Solenoid_1_FieldVolume
6.487370,-75.296073,2080.000000,0.106936,-1.241163,12.596651,pi+,535.458961,Solenoid_1_FieldVolume
88.551774,-147.785043,5960.000000,0.547375,-0.913520,4.723744,pi+,533.948766,Solenoid_1_FieldVolume
-128.100136,-131.046349,2080.000000,-2.111573,-2.160137,12.596651,pi-,536.380460,Solenoid_1_FieldVolume
10.350338,-17.110529,380.000000,0.277245,-0.458325,20.469558,pi+,773.890353,Solenoid_1_FieldVolume
140.534423,-7.244112,4215.500000,1.189193,-0.061299,6.298326,pi+,773.129315,Solenoid_1_FieldVolume
93.459154,-172.678212,2080.000000,1.540559,-2.846387,12.596651,pi-,915.751499,Solenoid_1_FieldVolume
-101.770517,83.365097,2930.000000,-1.467866,1.202399,11.022070,pi+,504.173361,Solenoid_1_FieldVolume
20.150044,-37.165108,1230.000000,0.539742,-0.995509,20.469558,pi+,3363.347606,Solenoid_1_FieldVolume
78.903094,59.898651,5110.500000,0.667673,0.506858,6.298326,pi+,3362.048604,Solenoid_1_FieldVolume
208.087989,-60.829462,9360.000000,0.857518,-0.250675,3.149163,pi+,3361.243555,Solenoid_1_FieldVolume
-17.261153,-102.965855,-470.000000,-0.462359,-2.758056,20.469558,pi-,1233.657120,Solenoid_1_FieldVolume
-95.825669,-6.340685,3780.000000,-1.184676,-0.078389,9.447488,pi-,1192.091619,Solenoid_1_FieldVolume
-80.688547,-67.049445,2080.000000,-1.330051,-1.105227,12.596651,mu+,152.090972,Solenoid_1_FieldVolume
20.172069,-13.060986,-470.000000,0.540331,-0.349853,20.469558,pi-,681.009136,Solenoid_1_FieldVolume
-45.249311,-46.518323,3780.000000,-0.559409,-0.575098,9.447488,pi-,680.067038,Solenoid_1_FieldVolume
-43.058130,11.062237,6810.000000,-0.177440,0.045587,3.149163,mu-,426.852771,Solenoid_1_FieldVolume
136.982462,-128.049190,10645.500000,0.579568,-0.541772,3.149163,mu-,426.268094,Solenoid_1_FieldVolume
-11.723663,-158.519265,14940.000000,-0.024156,-0.326624,1.574581,mu-,387.453575,Solenoid_1_FieldVolume
39.262769,-28.064816,1230.000000,1.051697,-0.751748,20.469558,pi+,627.121659,Solenoid_1_FieldVolume
194.544177,147.767354,5110.500000,1.646220,1.250397,6.298326,pi+,625.813016,Solenoid_1_FieldVolume
-90.058152,41.044589,12390.000000,-0.185562,0.084571,1.574581,pi-,441.919385,Solenoid_1_FieldVolume
32.853816,406.969391,16640.000000,0.067694,0.838549,1.574581,pi-,406.782733,Solenoid_1_FieldVolume
55.717678,81.210735,-470.000000,1.492460,2.175321,20.469558,pi-,224.624815,Solenoid_1_FieldVolume
68.343602,89.764182,3780.000000,0.844920,1.109739,9.447488,pi-,223.338795,Solenoid_1_FieldVolume
71.880277,-417.327852,-470.000000,1.925394,-11.178594,20.469558,pi-,326.287784,Solenoid_1_FieldVolume
21.482517,-47.745733,2930.000000,0.309849,-0.688651,11.022070,pi+,1176.176983,Solenoid_1_FieldVolume
-1.202313,24.123503,-470.000000,-0.032205,0.646175,20.469558,pi+,890.275570,Solenoid_1_FieldVolume
23.649774,-48.840898,3780.000000,0.292378,-0.603811,9.447488,pi+,694.415589,Solenoid_1_FieldVolume
87.578895,-6.227744,-470.000000,2.345899,-0.166817,20.469558,pi-,1783.616995,Solenoid_1_FieldVolume
-45.177616,-30.161338,3780.000000,-0.558523,-0.372879,9.447488,pi-,1782.866736,Solenoid_1_FieldVolume
338.963354,4.279104,6810.000000,1.396848,0.017634,3.149163,mu-,1550.566268,Solenoid_1_FieldVolume
65.492238,300.067562,10645.500000,0.277095,1.269575,3.149163,mu-,1344.201668,Solenoid_1_FieldVolume
121.349627,60.179660,14940.000000,0.250037,0.123998,1.574581,mu-,381.730831,Solenoid_1_FieldVolume
-10.967599,86.794313,1230.000000,-0.293779,2.324883,20.469558,pi-,528.909029,Solenoid_1_FieldVolume
-135.408509,-130.137036,4215.500000,-1.145817,-1.101211,6.298326,mu-,386.457747,Solenoid_1_FieldVolume
281.582160,-61.714204,8510.000000,1.160384,-0.254321,3.149163,mu-,347.974139,Solenoid_1_FieldVolume
2.288138,-334.232586,12390.000000,0.004715,-0.688677,1.574581,mu-,245.987947,Solenoid_1_FieldVolume
177.460074,-218.118143,16640.000000,0.365651,-0.449426,1.574581,mu-,157.068116,Solenoid_1_FieldVolume
-98.194625,-59.991188,2080.000000,-1.618617,-0.988881,12.596651,mu-,782.221474,Solenoid_1_FieldVolume
-58.188480,225.243516,5960.000000,-0.359687,1.392323,4.723744,mu-,781.033287,Solenoid_1_FieldVolume
26.224859,196.963549,10210.000000,0.108071,0.811675,3.149163,mu-,718.095465,Solenoid_1_FieldVolume
204.216013,-13.623582,2080.000000,3.366249,-0.224568,12.596651,pi-,774.965602,Solenoid_1_FieldVolume
-101.863769,19.543641,2080.000000,-1.679099,0.322153,12.596651,pi-,918.818694,Solenoid_1_FieldVolume
22.469542,197.901292,-470.000000,0.601872,5.301008,20.469558,pi+,1783.114276,Solenoid_1_FieldVolume
-44.169478,-66.630152,2080.000000,-0.728079,-1.098316,12.596651,mu+,549.522252,Solenoid_1_FieldVolume
-408.583551,181.718693,5960.000000,-2.525623,1.123278,4.723744,mu+,548.227936,Solenoid_1_FieldVolume
-217.154392,-26.367113,10210.000000,-0.894881,-0.108657,3.149163,mu+,368.492009,Solenoid_1_FieldVolume
-40.140750,-32.597444,2930.000000,-0.578962,-0.470163,11.022070,pi-,315.864282,Solenoid_1_FieldVolume
-8.737564,-104.101339,6810.000000,-0.036007,-0.428996,3.149163,pi-,314.402814,Solenoid_1_FieldVolume
-9.076529,-75.289288,10645.500000,-0.038402,-0.318546,3.149163,pi-,313.613677,Solenoid_1_FieldVolume
-22.937678,65.382847,14090.000000,-0.047262,0.134719,1.574581,mu-,261.784483,Solenoid_1_FieldVolume
-10.233739,-19.193490,-470.000000,-0.274122,-0.514119,20.469558,pi+,623.189936,Solenoid_1_FieldVolume
-9.055324,47.952840,3780.000000,-0.111949,0.592833,9.447488,pi+,568.073067,Solenoid_1_FieldVolume
166.435608,-63.397107,2080.000000,2.743486,-1.045023,12.596651,pi-,1711.976575,Solenoid_1_FieldVolume
-26.951715,-57.780575,380.000000,-0.721932,-1.547717,20.469558,pi-,473.092422,Solenoid_1_FieldVolume
-112.705452,-196.807784,4215.500000,-0.953706,-1.665374,6.298326,pi-,472.060406,Solenoid_1_FieldVolume
143.816049,-206.946487,1879.761601,-0.000000,0.000000,12.596651,pi+,151.582749,Solenoid_1_FieldVolume
-66.904658,-142.181356,2930.000000,-0.964986,-2.050724,11.022070,mu+,1401.418598,Solenoid_1_FieldVolume
-294.407638,279.046844,6810.000000,-1.213237,1.149936,3.149163,mu+,426.024774,Solenoid_1_FieldVolume
127.373613,-65.964906,2930.000000,1.837147,-0.951431,11.022070,pi-,419.256242,Solenoid_1_FieldVolume
133.182413,21.482096,2080.000000,2.195348,0.354106,12.596651,pi-,559.476190,Solenoid_1_FieldVolume
59.122075,36.014149,2080.000000,0.974555,0.593649,12.596651,pi-,2295.264149,Solenoid_1_FieldVolume
-64.568300,-16.522887,5960.000000,-0.399123,-0.102135,4.723744,pi-,2294.025996,Solenoid_1_FieldVolume
103.489523,-141.601985,10210.000000,0.426474,-0.583534,3.149163,pi-,2293.295084,Solenoid_1_FieldVolume
272.799483,-15.960551,14090.000000,0.562095,-0.032886,1.574581,pi-,2292.002503,Solenoid_1_FieldVolume
105.831022,-16.400407,380.000000,2.834803,-0.439303,20.469558,pi+,470.570460,Solenoid_1_FieldVolume
198.915028,-66.445080,3780.000000,2.459152,-0.821449,9.447488,mu+,398.747787,Solenoid_1_FieldVolume
154.913507,284.030059,7660.000000,0.638389,1.170471,3.149163,mu+,263.075693,Solenoid_1_FieldVolume
44.270873,340.343175,10210.000000,0.182438,1.402534,3.149163,mu+,110.238873,Solenoid_1_FieldVolume
73.263354,6.407066,-1300.000000,-2.190271,-0.191545,20.469558,pi+,248.680524,Solenoid_1_FieldVolume
-60.160620,8.079842,1230.000000,-1.611470,0.216428,20.469558,pi-,284.765779,Solenoid_1_FieldVolume
3.990350,-59.700838,380.000000,0.106886,-1.599154,20.469558,pi+,300.344720,Solenoid_1_FieldVolume
5.714304,-93.155857,3780.000000,0.070645,-1.151670,9.447488,mu+,189.747956,Solenoid_1_FieldVolume
61.852535,-136.948218,-470.000000,1.656790,-3.668312,20.469558,pi-,368.235885,Solenoid_1_FieldVolume
33.791507,11.057113,2080.000000,0.557011,0.182263,12.596651,pi-,377.660900,Solenoid_1_FieldVolume
123.998784,215.383788,-470.000000,3.321446,5.769296,20.469558,pi-,1603.600204,Solenoid_1_FieldVolume
336.280024,25.905122,2930.000000,4.850266,0.373637,11.022070,pi-,1236.349335,Solenoid_1_FieldVolume
222.769680,193.171784,1230.000000,5.967136,5.174323,20.469558,pi+,580.463511,Solenoid_1_FieldVolume
-20.663124,-198.693627,-1300.000000,0.617742,5.940117,20.469558,mu+,128.769926,Solenoid_1_FieldVolume
17.643321,0.421544,1230.000000,0.472596,0.011292,20.469558,pi-,781.663496,Solenoid_1_FieldVolume
-23.966035,181.522809,5110.500000,-0.202799,1.536034,6.298326,pi-,780.424208,Solenoid_1_FieldVolume
131.974141,167.029272,9360.000000,0.543858,0.688318,3.149163,pi-,779.765734,Solenoid_1_FieldVolume
21.445547,-6.375733,2080.000000,0.353503,-0.105096,12.596651,pi+,1324.622245,Solenoid_1_FieldVolume
107.511090,16.101689,5960.000000,0.664570,0.099531,4.723744,pi+,1323.001060,Solenoid_1_FieldVolume
-85.623231,-108.130893,10210.000000,-0.352848,-0.445601,3.149163,pi+,1322.130211,Solenoid_1_FieldVolume
-75.597612,188.565759,14090.000000,-0.155767,0.388534,1.574581,pi+,1321.062653,Solenoid_1_FieldVolume
35.506190,-85.430325,2930.000000,0.512116,-1.232187,11.022070,pi-,333.036958,Solenoid_1_FieldVolume
-0.943278,115.877646,2930.000000,-0.013605,1.671337,11.022070,pi-,470.511699,Solenoid_1_FieldVolume
-27.338754,-42.379931,1230.000000,-0.732299,-1.135194,20.469558,pi+,261.323069,Solenoid_1_FieldVolume
-159.281946,-161.311393,2080.000000,-2.625566,-2.659019,12.596651,pi+,556.718867,Solenoid_1_FieldVolume
-108.926059,31.771995,2080.000000,-1.795512,0.523722,12.596651,pi-,481.707260,Solenoid_1_FieldVolume
-156.566118,-170.796005,2930.000000,-2.258199,-2.463441,11.022070,pi+,845.246347,Solenoid_1_FieldVolume
188.104229,217.281494,1230.000000,5.038583,5.820128,20.469558,pi-,312.624247,Solenoid_1_FieldVolume
37.637002,20.894490,380.000000,1.008149,0.559682,20.469558,pi-,848.413013,Solenoid_1_FieldVolume
78.202933,100.868240,4215.500000,0.661748,0.853540,6.298326,pi-,847.636675,Solenoid_1_FieldVolume
-92.559655,561.042573,8510.000000,-0.381433,2.312024,3.149163,pi-,729.755203,Solenoid_1_FieldVolume
53.863265,-10.773684,380.000000,1.442788,-0.288585,20.469558,pi-,833.319942,Solenoid_1_FieldVolume
6.867137,9.942459,4215.500000,0.058109,0.084132,6.298326,pi-,832.643926,Solenoid_1_FieldVolume
-46.410400,-80.639765,7660.000000,-0.191255,-0.332312,3.149163,mu-,535.022530,Solenoid_1_FieldVolume
-97.037522,-85.159002,11540.500000,-0.205281,-0.180152,1.574581,mu-,533.695213,Solenoid_1_FieldVolume
79.159298,-138.679832,15790.000000,0.163105,-0.285746,1.574581,mu-,500.886981,Solenoid_1_FieldVolume
-94.447497,-202.095219,2080.000000,-1.556851,-3.331290,12.596651,pi+,1167.057461,Solenoid_1_FieldVolume
11.094116,-283.701955,3800.500000,-0.099173,2.536089,6.298326,mu-,260.617763,Solenoid_1_FieldVolume
50.617481,110.456957,1230.000000,1.355846,2.958713,20.469558,mu-,360.575708,Solenoid_1_FieldVolume
56.449638,-3.471098,2930.000000,0.814190,-0.050065,11.022070,pi+,633.179983,Solenoid_1_FieldVolume
87.290023,-151.748374,4905.346061,-0.000000,0.000000,6.298326,mu+,109.602406,Solenoid_1_FieldVolume
71.805257,-173.144030,5376.575262,-0.000000,0.000000,4.723744,mu+,107.870863,Solenoid_1_FieldVolume
76.721941,-169.632343,5539.363578,-0.000000,0.000000,4.723744,mu+,106.825673,Solenoid_1_FieldVolume
67.367400,-162.383274,5589.034476,-0.000000,0.000000,4.723744,mu+,106.292538,Solenoid_1_FieldVolume
78.279913,-162.950389,5603.920979,-0.000000,0.000000,4.723744,mu+,105.952030,Solenoid_1_FieldVolume
72.578454,-164.589590,5608.327016,-0.000000,0.000000,4.723744,mu+,105.801967,Solenoid_1_FieldVolume
71.396689,-162.996324,5609.775376,-0.000000,0.000000,4.723744,mu+,105.701245,Solenoid_1_FieldVolume
-5.997730,-207.896687,1230.000000,-0.160656,-5.568746,20.469558,pi+,554.491988,Solenoid_1_FieldVolume
-123.837376,-74.591015,-470.000000,-3.317123,-1.998004,20.469558,pi-,1442.647123,Solenoid_1_FieldVolume
-150.932339,-39.694535,2930.000000,-2.176942,-0.572526,11.022070,mu-,214.017640,Solenoid_1_FieldVolume
349.529925,-56.674663,1230.000000,9.362551,-1.518094,20.469558,pi+,379.787143,Solenoid_1_FieldVolume
251.756352,43.465084,-470.000000,6.743576,1.164261,20.469558,pi+,787.642495,Solenoid_1_FieldVolume
233.979994,41.820248,380.000000,6.267416,1.120202,20.469558,pi-,194.376640,Solenoid_1_FieldVolume
-44.311099,64.583457,-470.000000,-1.186922,1.729940,20.469558,pi-,833.694816,Solenoid_1_FieldVolume
-90.180922,-6.374181,3780.000000,-1.114891,-0.078803,9.447488,pi-,833.000290,Solenoid_1_FieldVolume
-183.135219,-21.192424,7660.000000,-0.754689,-0.087333,3.149163,pi-,761.921118,Solenoid_1_FieldVolume
-96.457811,98.635317,2930.000000,-1.391239,1.422646,11.022070,pi+,998.592213,Solenoid_1_FieldVolume
-102.214217,8.615851,2080.000000,-1.684875,0.142022,12.596651,pi+,359.499321,Solenoid_1_FieldVolume
-143.404231,16.169837,2930.000000,-2.068361,0.233222,11.022070,pi-,1834.253382,Solenoid_1_FieldVolume
311.549878,-627.404912,6643.990068,-0.000000,0.000000,3.149163,pi-,542.877515,Solenoid_1_FieldVolume
-190.235907,-363.466363,-470.000000,-5.095682,-9.735854,20.469558,pi+,503.793375,Solenoid_1_FieldVolume
-160.371007,356.080772,1230.000000,-4.295717,9.538023,20.469558,mu-,190.202749,Solenoid_1_FieldVolume
-155.341249,432.071477,-470.000000,-4.160990,11.573519,20.469558,pi+,945.181718,Solenoid_1_FieldVolume
-157.951365,251.204829,3780.000000,-1.952725,3.105601,9.447488,pi+,700.320300,Solenoid_1_FieldVolume
1.687329,-50.335804,380.000000,0.045197,-1.348301,20.469558,pi-,545.791480,Solenoid_1_FieldVolume
-297.664996,96.268248,4215.500000,-2.518821,0.814615,6.298326,pi-,544.881044,Solenoid_1_FieldVolume
34.889599,-136.004652,1230.000000,0.934557,-3.643037,20.469558,pi-,294.675689,Solenoid_1_FieldVolume
17.738764,-45.179830,4215.500000,0.150104,-0.382309,6.298326,mu-,275.478035,Solenoid_1_FieldVolume
-65.447988,-260.072554,-450.000000,1.956624,7.775093,20.469558,pi+,220.057953,Solenoid_1_FieldVolume
40.906856,-0.763884,-470.000000,1.095736,-0.020461,20.469558,pi+,207.207646,Solenoid_1_FieldVolume
59.636502,33.309199,3387.781557,-0.000000,-0.000000,9.447488,pi+,205.588199,Solenoid_1_FieldVolume
-7.122409,72.192921,2080.000000,-0.117404,1.190011,12.596651,pi+,356.694723,Solenoid_1_FieldVolume
54.884166,-85.924176,1230.000000,1.470134,-2.301575,20.469558,mu-,172.428660,Solenoid_1_FieldVolume
-56.166575,-18.745755,1230.000000,-1.504485,-0.502126,20.469558,pi+,239.199825,Solenoid_1_FieldVolume
-67.884259,72.763951,166.974321,0.000000,-0.000000,20.469558,pi+,584.394565,Solenoid_1_FieldVolume
-7.336723,125.952748,3780.000000,-0.090703,1.557132,9.447488,mu+,415.378432,Solenoid_1_FieldVolume
510.902104,236.300061,380.000000,13.685086,6.329562,20.469558,mu+,154.816413,Solenoid_1_FieldVolume
255.689760,-313.091870,1230.000000,6.848937,-8.386517,20.469558,pi+,446.116534,Solenoid_1_FieldVolume
-307.878394,67.900263,380.000000,-8.246868,1.818785,20.469558,pi+,466.938566,Solenoid_1_FieldVolume
37.039594,24.293901,-1300.000000,-1.107330,-0.726287,20.469558,mu+,189.664007,Solenoid_1_FieldVolume
-9.192683,-43.917294,2080.000000,-0.151530,-0.723922,12.596651,pi+,521.512023,Solenoid_1_FieldVolume
-43.453483,57.620899,5960.000000,-0.268604,0.356179,4.723744,pi+,520.343046,Solenoid_1_FieldVolume
-30.623786,70.346568,-470.000000,-0.820292,1.884312,20.469558,pi+,337.773218,Solenoid_1_FieldVolume
-11.330161,131.910465,3780.000000,-0.140073,1.630786,9.447488,pi+,336.939549,Solenoid_1_FieldVolume
-60.673994,-33.135655,-933.387157,0.000000,0.000000,20.469558,pi-,296.636721,Solenoid_1_FieldVolume
-64.087420,3.516418,2930.000000,-0.924352,0.050718,11.022070,pi-,292.778566,Solenoid_1_FieldVolume
45.270794,50.869319,-470.000000,1.212629,1.362592,20.469558,pi+,465.438192,Solenoid_1_FieldVolume
53.225027,44.623011,3780.000000,0.658012,0.551666,9.447488,pi+,464.567178,Solenoid_1_FieldVolume
-417.947572,-225.599559,7660.000000,-1.722337,-0.929683,3.149163,pi+,417.688802,Solenoid_1_FieldVolume
-82.060747,-93.216698,1230.000000,-2.198089,-2.496914,20.469558,pi-,327.189546,Solenoid_1_FieldVolume
23.841206,75.208085,380.000000,0.638613,2.014533,20.469558,pi+,960.359779,Solenoid_1_FieldVolume
-8.758494,-80.748159,4215.500000,-0.074114,-0.683285,6.298326,pi+,959.644675,Solenoid_1_FieldVolume
255.835497,-3.348153,2080.000000,4.217133,-0.055190,12.596651,pi+,1014.361913,Solenoid_1_FieldVolume
-136.583769,-26.311870,1230.000000,-3.658549,-0.704793,20.469558,pi-,1040.655186,Solenoid_1_FieldVolume
-114.729100,262.528745,5110.500000,-0.970830,2.221500,6.298326,pi-,1039.131108,Solenoid_1_FieldVolume
122.559381,53.657280,9360.000000,0.505060,0.221119,3.149163,pi-,909.297819,Solenoid_1_FieldVolume
-266.217545,285.632526,1230.000000,-7.130935,7.650987,20.469558,pi+,352.582658,Solenoid_1_FieldVolume
-12.812587,-52.678776,1230.000000,-0.343200,-1.411060,20.469558,pi-,362.295322,Solenoid_1_FieldVolume
-270.450471,-74.203144,5110.500000,-2.288533,-0.627902,6.298326,pi-,255.484461,Solenoid_1_FieldVolume
7.964007,-36.621584,2080.000000,0.131277,-0.603662,12.596651,pi-,479.212146,Solenoid_1_FieldVolume
-43.818860,67.141612,1230.000000,-1.173737,1.798463,20.469558,mu+,442.769435,Solenoid_1_FieldVolume
-19.400812,-10.828912,-470.000000,-0.519672,-0.290065,20.469558,pi-,485.116409,Solenoid_1_FieldVolume
-9.668502,-15.892367,2930.000000,-0.139452,-0.229220,11.022070,mu-,342.680805,Solenoid_1_FieldVolume
-30.860588,-93.898292,6810.000000,-0.127175,-0.386949,3.149163,mu-,340.966315,Solenoid_1_FieldVolume
-77.672213,-66.177314,10645.500000,-0.328628,-0.279994,3.149163,mu-,340.107242,Solenoid_1_FieldVolume
-51.192177,-60.136552,14940.000000,-0.105480,-0.123910,1.574581,mu-,338.828013,Solenoid_1_FieldVolume
-214.836316,-365.836177,380.000000,-5.754632,-9.799332,20.469558,mu+,114.635960,Solenoid_1_FieldVolume
44.594210,1.572494,380.000000,1.194506,0.042121,20.469558,pi+,273.312869,Solenoid_1_FieldVolume
33.849746,71.837743,4215.500000,0.286434,0.607886,6.298326,pi+,271.887738,Solenoid_1_FieldVolume
17.157068,-82.177058,-1300.000000,-0.512925,2.456754,20.469558,pi+,319.255638,Solenoid_1_FieldVolume
67.143639,-35.468690,160.327031,-0.000000,0.000000,20.469558,mu+,112.123548,Solenoid_1_FieldVolume
74.428885,-27.899335,-137.090195,-0.000000,0.000000,20.469558,mu+,109.015628,Solenoid_1_FieldVolume
69.610217,-33.565966,-230.448743,-0.000000,0.000000,20.469558,mu+,107.491753,Solenoid_1_FieldVolume
69.830553,-32.893521,-259.846636,-0.000000,0.000000,20.469558,mu+,106.633207,Solenoid_1_FieldVolume
71.622977,-30.131104,-264.062387,-0.000000,0.000000,20.469558,mu+,106.153782,Solenoid_1_FieldVolume
71.222286,-30.672394,-266.624522,-0.000000,0.000000,20.469558,mu+,105.899661,Solenoid_1_FieldVolume
70.979014,-31.069735,-267.683846,-0.000000,0.000000,20.469558,mu+,105.765405,Solenoid_1_FieldVolume
71.976681,-31.753112,-268.058405,-0.000000,0.000000,20.469558,mu+,105.681559,Solenoid_1_FieldVolume
41.125358,-13.524244,1230.000000,1.101589,-0.362262,20.469558,pi+,1301.874070,Solenoid_1_FieldVolume
-126.959668,54.814826,5110.500000,-1.074324,0.463839,6.298326,pi+,1300.607325,Solenoid_1_FieldVolume
158.040810,34.643711,9360.000000,0.651277,0.142765,3.149163,pi+,1224.811140,Solenoid_1_FieldVolume
-323.423169,-104.753376,13240.000000,-0.666404,-0.215841,1.574581,pi+,1223.759645,Solenoid_1_FieldVolume
-497.902116,-492.029961,13366.263375,0.000000,0.000000,1.574581,pi+,304.340021,Solenoid_1_FieldVolume
-6.872708,-14.431771,-470.000000,-0.184093,-0.386571,20.469558,pi-,903.154772,Solenoid_1_FieldVolume
-148.783203,-9.740551,1230.000000,-3.985325,-0.260912,20.469558,pi-,317.356980,Solenoid_1_FieldVolume
35.277048,-23.297503,2080.000000,0.581499,-0.384031,12.596651,pi-,436.793971,Solenoid_1_FieldVolume
-90.579346,35.541860,-470.000000,-2.426269,0.952029,20.469558,pi+,820.189999,Solenoid_1_FieldVolume
86.866120,-69.133080,-470.000000,2.326806,-1.851807,20.469558,pi+,214.415719,Solenoid_1_FieldVolume
36.999471,13.170708,2930.000000,0.533654,0.189965,11.022070,mu+,174.418292,Solenoid_1_FieldVolume
51.867211,26.929030,380.000000,1.389321,0.721324,20.469558,pi-,587.493471,Solenoid_1_FieldVolume
285.075136,5.734492,4215.500000,2.412286,0.048525,6.298326,pi-,482.219538,Solenoid_1_FieldVolume
-45.830740,19.799355,380.000000,-1.227628,0.530348,20.469558,pi+,167.322091,Solenoid_1_FieldVolume
-65.207083,-5.227993,3780.000000,-0.806144,-0.064633,9.447488,mu+,135.018048,Solenoid_1_FieldVolume
-16.428783,-30.618884,2930.000000,-0.236957,-0.441625,11.022070,pi-,380.596076,Solenoid_1_FieldVolume
-149.856684,221.154625,6810.000000,-0.617551,0.911365,3.149163,pi-,378.449399,Solenoid_1_FieldVolume
-22.243898,155.010375,2930.000000,-0.320830,2.235760,11.022070,pi+,260.583063,Solenoid_1_FieldVolume
106.122736,12.517205,-470.000000,2.842616,0.335287,20.469558,pi-,367.317726,Solenoid_1_FieldVolume
73.227416,119.898214,2930.000000,1.056181,1.729327,11.022070,mu-,165.438955,Solenoid_1_FieldVolume
-59.587105,-12.637764,-470.000000,-1.596107,-0.338517,20.469558,pi+,1675.661760,Solenoid_1_FieldVolume
-34.888513,-57.287175,3780.000000,-0.431321,-0.708231,9.447488,pi+,1675.019933,Solenoid_1_FieldVolume
-110.652085,112.333315,6810.000000,-0.455991,0.462919,3.149163,pi+,1671.965121,Solenoid_1_FieldVolume
124.096817,91.956055,10645.500000,0.525049,0.389063,3.149163,pi+,1671.121523,Solenoid_1_FieldVolume
110.046373,-206.828904,14940.000000,0.226747,-0.426165,1.574581,pi+,1669.979866,Solenoid_1_FieldVolume
-198.746716,43.348200,2930.000000,-2.866582,0.625224,11.022070,pi-,815.598750,Solenoid_1_FieldVolume
37.396836,-50.695455,1230.000000,1.001716,-1.357935,20.469558,mu+,258.076858,Solenoid_1_FieldVolume
-78.432236,-94.584249,5110.500000,-0.663688,-0.800365,6.298326,mu+,255.974740,Solenoid_1_FieldVolume
-75.569423,-256.397066,9360.000000,-0.311417,-1.056597,3.149163,mu+,209.832042,Solenoid_1_FieldVolume
-88.410887,-7.259474,380.000000,-2.368185,-0.194453,20.469558,pi+,281.672212,Solenoid_1_FieldVolume
27.412489,30.948732,2080.000000,0.451861,0.510152,12.596651,pi+,867.369293,Solenoid_1_FieldVolume
34.991566,-136.135259,5960.000000,0.216297,-0.841508,4.723744,pi+,865.952763,Solenoid_1_FieldVolume
158.374440,-20.692789,10210.000000,0.652652,-0.085274,3.149163,pi+,865.094021,Solenoid_1_FieldVolume
-201.008452,-223.273282,14090.000000,-0.414172,-0.460048,1.574581,pi+,863.505630,Solenoid_1_FieldVolume
-226.327213,-275.424499,13538.783038,0.000000,0.000000,1.574581,mu+,108.837169,Solenoid_1_FieldVolume
-224.280323,-249.037801,13260.000000,0.515773,0.572708,1.574581,mu+,107.475047,Solenoid_1_FieldVolume
73.847703,-41.162948,2080.000000,1.217288,-0.678520,12.596651,pi-,936.900763,Solenoid_1_FieldVolume
-24.377444,-31.120935,1230.000000,-0.652977,-0.833609,20.469558,pi+,1083.806460,Solenoid_1_FieldVolume
-141.412278,130.844924,5110.500000,-1.196621,1.107201,6.298326,pi+,1082.669959,Solenoid_1_FieldVolume
-14.821241,-158.882828,9360.000000,-0.061077,-0.654747,3.149163,pi+,1081.989389,Solenoid_1_FieldVolume
131.773775,-27.908949,-470.000000,3.529708,-0.747572,20.469558,pi+,644.879904,Solenoid_1_FieldVolume
36.352340,163.530489,3780.000000,0.449418,2.021699,9.447488,pi+,643.974070,Solenoid_1_FieldVolume
-27.098962,-63.955821,2080.000000,-0.446693,-1.054233,12.596651,pi+,780.419510,Solenoid_1_FieldVolume
40.672168,-66.987580,5960.000000,0.251411,-0.414078,4.723744,pi+,776.661137,Solenoid_1_FieldVolume
36.979496,-12.678683,10210.000000,0.152390,-0.052248,3.149163,pi+,775.802962,Solenoid_1_FieldVolume
-60.349892,-182.780756,14090.000000,-0.124349,-0.376614,1.574581,pi+,774.156533,Solenoid_1_FieldVolume
67.934113,117.321727,1230.000000,1.819691,3.142594,20.469558,pi+,497.516697,Solenoid_1_FieldVolume
-162.238942,317.609270,4215.500000,-1.372855,2.687588,6.298326,mu+,394.404023,Solenoid_1_FieldVolume
-203.741120,-202.511260,1230.000000,-5.457434,-5.424491,20.469558,pi-,528.452272,Solenoid_1_FieldVolume
-139.156760,-271.916881,4215.500000,-1.177535,-2.300942,6.298326,mu-,259.740012,Solenoid_1_FieldVolume
271.491364,149.949581,1230.000000,7.272201,4.016568,20.469558,pi-,795.072209,Solenoid_1_FieldVolume
269.172255,-224.174831,2080.000000,4.436973,-3.695246,12.596651,pi-,436.559772,Solenoid_1_FieldVolume
-8.737796,16.680508,380.000000,-0.234052,0.446806,20.469558,pi+,3963.654850,Solenoid_1_FieldVolume
2.085200,-19.287273,4215.500000,0.017645,-0.163208,6.298326,pi+,3962.420942,Solenoid_1_FieldVolume
-66.340381,-17.132797,8510.000000,-0.273385,-0.070603,3.149163,pi+,3961.072445,Solenoid_1_FieldVolume
-102.822953,35.357930,12390.000000,-0.211864,0.072854,1.574581,pi+,3959.979098,Solenoid_1_FieldVolume
-109.366490,108.115384,16640.000000,-0.225346,0.222769,1.574581,pi+,3958.721499,Solenoid_1_FieldVolume
-44.374843,-57.400914,-470.000000,-1.188630,-1.537548,20.469558,pi+,242.933638,Solenoid_1_FieldVolume
-49.163545,-7.691418,3780.000000,-0.607800,-0.095088,9.447488,pi+,241.886008,Solenoid_1_FieldVolume
-132.736105,116.431565,6810.000000,-0.546998,0.479808,3.149163,mu+,170.304242,Solenoid_1_FieldVolume
-166.979419,173.286769,10645.500000,-0.706484,0.733170,3.149163,mu+,139.299260,Solenoid_1_FieldVolume
-13.768586,72.675910,-470.000000,-0.368807,1.946706,20.469558,pi+,1055.076714,Solenoid_1_FieldVolume
30.667821,-3.972486,3780.000000,0.379141,-0.049111,9.447488,pi+,1018.797625,Solenoid_1_FieldVolume
-102.921412,303.641532,6810.000000,-0.424133,1.251289,3.149163,mu+,486.535050,Solenoid_1_FieldVolume
-363.097994,409.788145,10645.500000,-1.536255,1.733799,3.149163,mu+,269.090000,Solenoid_1_FieldVolume
-101.590727,483.846465,1230.000000,-2.721222,12.960370,20.469558,pi+,244.014521,Solenoid_1_FieldVolume
13.981728,-137.467147,2930.000000,0.201663,-1.982729,11.022070,pi+,424.713854,Solenoid_1_FieldVolume
-46.368444,-7.233290,2930.000000,-0.668786,-0.104328,11.022070,pi-,1194.936741,Solenoid_1_FieldVolume
-192.483321,-74.330537,6810.000000,-0.793212,-0.306312,3.149163,pi-,1193.671853,Solenoid_1_FieldVolume
82.135888,13.972776,10210.000000,0.338477,0.057581,3.149163,mu-,1060.866654,Solenoid_1_FieldVolume
-207.949400,288.380357,14090.000000,-0.428474,0.594199,1.574581,mu-,1023.646788,Solenoid_1_FieldVolume
-382.622221,42.044230,-470.000000,-10.248965,1.126202,20.469558,pi+,229.739205,Solenoid_1_FieldVolume
-87.940412,-12.623584,-470.000000,-2.355583,-0.338137,20.469558,pi-,749.728614,Solenoid_1_FieldVolume
-102.967491,-2.642949,3780.000000,-1.272969,-0.032674,9.447488,pi-,748.971638,Solenoid_1_FieldVolume
-129.516258,16.426517,7660.000000,-0.533729,0.067693,3.149163,pi-,745.934399,Solenoid_1_FieldVolume
86.447823,12.150310,11540.500000,0.182879,0.025704,1.574581,pi-,744.792616,Solenoid_1_FieldVolume
0.222367,-112.195982,-470.000000,0.005956,-3.005295,20.469558,pi+,404.873730,Solenoid_1_FieldVolume
-63.200544,-187.303218,3780.000000,-0.781337,-2.315597,9.447488,pi+,403.843780,Solenoid_1_FieldVolume
15.006085,2.045086,2930.000000,0.216437,0.029497,11.022070,pi-,669.627628,Solenoid_1_FieldVolume
-79.603344,-15.882528,6810.000000,-0.328041,-0.065451,3.149163,pi-,668.297854,Solenoid_1_FieldVolume
-63.500651,98.688489,10645.500000,-0.268669,0.417548,3.149163,pi-,667.540299,Solenoid_1_FieldVolume
369.897498,-256.768076,14940.000000,0.762163,-0.529063,1.574581,pi-,560.887920,Solenoid_1_FieldVolume
-46.700419,13.789171,1230.000000,-1.250923,0.369358,20.469558,pi+,875.720267,Solenoid_1_FieldVolume
-110.700814,-32.700815,5110.500000,-0.936743,-0.276712,6.298326,pi+,874.450298,Solenoid_1_FieldVolume
-0.068856,-72.048944,9360.000000,-0.000284,-0.296909,3.149163,pi+,872.995595,Solenoid_1_FieldVolume
-187.704115,161.855503,13240.000000,-0.386759,0.333499,1.574581,pi+,871.955260,Solenoid_1_FieldVolume
139.215522,190.077055,17490.000000,0.286850,0.391648,1.574581,pi+,871.224185,Solenoid_1_FieldVolume
187.230055,56.266987,-470.000000,5.015167,1.507174,20.469558,pi-,503.382807,Solenoid_1_FieldVolume
27.500883,92.922040,380.000000,0.736642,2.489021,20.469558,mu+,515.074325,Solenoid_1_FieldVolume
36.109935,148.598853,4215.500000,0.305560,1.257433,6.298326,mu+,513.689713,Solenoid_1_FieldVolume
105.406849,146.247015,8510.000000,0.434375,0.602675,3.149163,mu+,436.206143,Solenoid_1_FieldVolume
21.070996,148.037883,12390.000000,0.043416,0.305028,1.574581,mu+,435.084398,Solenoid_1_FieldVolume
123.631318,208.305715,16640.000000,0.254739,0.429208,1.574581,mu+,419.253460,Solenoid_1_FieldVolume
144.237114,4.204819,2080.000000,2.377571,0.069311,12.596651,pi-,309.846853,Solenoid_1_FieldVolume
60.044899,-23.260534,5110.500000,0.508096,-0.196829,6.298326,mu-,269.527272,Solenoid_1_FieldVolume
37.028054,-6.805859,9360.000000,0.152590,-0.028047,3.149163,mu-,268.707666,Solenoid_1_FieldVolume
114.068273,-94.104983,13240.000000,0.235034,-0.193901,1.574581,mu-,267.416597,Solenoid_1_FieldVolume
20.234593,22.392673,17490.000000,0.041693,0.046139,1.574581,mu-,266.613554,Solenoid_1_FieldVolume
63.117948,9.760013,380.000000,1.690685,0.261433,20.469558,pi+,831.765151,Solenoid_1_FieldVolume
48.076394,-71.138839,3780.000000,0.594360,-0.879477,9.447488,mu+,822.436580,Solenoid_1_FieldVolume
50.456634,-124.660307,7660.000000,0.207929,-0.513718,3.149163,mu+,786.844744,Solenoid_1_FieldVolume
-239.641082,-26.397579,2930.000000,-3.456414,-0.380740,11.022070,pi-,662.532347,Solenoid_1_FieldVolume
-226.614806,-98.177446,-470.000000,-6.070132,-2.629793,20.469558,pi+,1370.168124,Solenoid_1_FieldVolume
-419.060247,-200.351974,3780.000000,-5.180769,-2.476916,9.447488,pi+,1162.730727,Solenoid_1_FieldVolume
155.878861,41.364385,-470.000000,4.175390,1.107991,20.469558,pi+,1553.605853,Solenoid_1_FieldVolume
168.161073,-22.856218,3780.000000,2.078946,-0.282567,9.447488,pi+,1435.227580,Solenoid_1_FieldVolume
-130.027511,469.064147,7660.000000,-0.535836,1.932986,3.149163,pi+,1343.771672,Solenoid_1_FieldVolume
41.385525,119.164221,2080.000000,0.682189,1.964275,12.596651,pi+,466.146259,Solenoid_1_FieldVolume
92.513235,-30.835361,5960.000000,0.571862,-0.190606,4.723744,pi+,464.941784,Solenoid_1_FieldVolume
55.403482,-128.200804,10210.000000,0.228315,-0.528308,3.149163,pi+,338.571445,Solenoid_1_FieldVolume
-46.800571,8.295590,1230.000000,-1.253606,0.222207,20.469558,pi+,400.355355,Solenoid_1_FieldVolume
-51.956448,-39.168758,4215.500000,-0.439652,-0.331443,6.298326,mu+,270.204279,Solenoid_1_FieldVolume
-54.782411,-27.287241,380.000000,-1.467408,-0.730919,20.469558,pi-,319.720520,Solenoid_1_FieldVolume
32.472528,-34.989821,4215.500000,0.274780,-0.296081,6.298326,pi-,317.773923,Solenoid_1_FieldVolume
36.105658,57.147253,2080.000000,0.595157,0.942002,12.596651,mu-,485.645140,Solenoid_1_FieldVolume
62.955702,-107.437216,380.000000,1.686339,-2.877826,20.469558,pi+,339.694287,Solenoid_1_FieldVolume
38.456675,-91.724509,3780.000000,0.475433,-1.133974,9.447488,pi+,277.793489,Solenoid_1_FieldVolume
-31.321208,-44.338635,2080.000000,-0.516291,-0.730868,12.596651,mu-,308.561859,Solenoid_1_FieldVolume
25.265938,-62.170339,2930.000000,0.364418,-0.896701,11.022070,pi+,530.900709,Solenoid_1_FieldVolume
-13.947939,-109.512592,6810.000000,-0.057479,-0.451295,3.149163,pi+,497.634097,Solenoid_1_FieldVolume
-214.895324,-229.639144,10210.000000,-0.885571,-0.946330,3.149163,mu+,277.791842,Solenoid_1_FieldVolume
-11.253780,-23.106142,380.000000,-0.301445,-0.618924,20.469558,pi-,268.146948,Solenoid_1_FieldVolume
-0.322719,-4.963380,4215.500000,-0.002731,-0.042000,6.298326,pi-,267.319536,Solenoid_1_FieldVolume
-39.616030,51.550376,8510.000000,-0.163255,0.212436,3.149163,pi-,265.974688,Solenoid_1_FieldVolume
131.960386,109.537008,11540.500000,0.279160,0.231724,1.574581,mu-,229.834421,Solenoid_1_FieldVolume
-61.521345,120.676171,15790.000000,-0.126763,0.248650,1.574581,mu-,228.693541,Solenoid_1_FieldVolume
88.365254,16.851846,-470.000000,2.366962,0.451396,20.469558,pi+,341.637472,Solenoid_1_FieldVolume
169.155666,18.409593,2100.000000,-2.723029,-0.296353,11.022070,pi+,202.631286,Solenoid_1_FieldVolume
59.017953,-81.026949,2080.000000,0.972838,-1.335629,12.596651,pi+,562.636594,Solenoid_1_FieldVolume
58.883237,-106.418815,-1300.000000,-1.760365,3.181482,20.469558,pi-,342.620958,Solenoid_1_FieldVolume
49.140902,41.583443,2930.000000,0.708774,0.599770,11.022070,pi+,412.810909,Solenoid_1_FieldVolume
178.768704,-170.099851,6810.000000,0.736695,-0.700972,3.149163,pi+,370.843858,Solenoid_1_FieldVolume
82.115442,-107.477451,10210.000000,0.338393,-0.442908,3.149163,mu+,195.273421,Solenoid_1_FieldVolume
-51.354039,-56.295866,-470.000000,-1.375576,-1.507948,20.469558,pi-,962.564040,Solenoid_1_FieldVolume
21.945335,-121.928460,3780.000000,0.271306,-1.507380,9.447488,pi-,961.894096,Solenoid_1_FieldVolume
-222.868951,-74.312709,7660.000000,-0.918430,-0.306238,3.149163,pi-,870.596733,Solenoid_1_FieldVolume
420.738560,285.884950,14940.000000,0.866920,0.589058,1.574581,pi-,302.578113,Solenoid_1_FieldVolume
32.243270,-9.619856,2080.000000,0.531491,-0.158571,12.596651,pi+,295.642978,Solenoid_1_FieldVolume
-100.369430,72.102785,-470.000000,-2.688508,1.931354,20.469558,pi-,764.776601,Solenoid_1_FieldVolume
-187.643134,-84.941765,2100.000000,3.020636,1.367373,11.022070,pi-,220.092353,Solenoid_1_FieldVolume
-46.516126,522.079126,1230.000000,-1.245987,13.984475,20.469558,pi+,227.308232,Solenoid_1_FieldVolume
118.650191,343.097610,-450.000000,-3.547149,-10.257198,20.469558,pi+,151.782769,Solenoid_1_FieldVolume
220.536756,-165.524533,2930.000000,3.180867,-2.387409,11.022070,pi+,529.558164,Solenoid_1_FieldVolume
99.428602,0.658394,380.000000,2.663307,0.017636,20.469558,pi+,593.558306,Solenoid_1_FieldVolume
94.080474,61.210163,4215.500000,0.796102,0.517956,6.298326,pi+,592.810123,Solenoid_1_FieldVolume
94.346376,225.179745,8510.000000,0.388796,0.927953,3.149163,pi+,516.342712,Solenoid_1_FieldVolume
138.634484,-186.181236,1230.000000,3.713480,-4.987073,20.469558,mu-,315.114843,Solenoid_1_FieldVolume
61.749559,-207.381247,2930.000000,0.890632,-2.991121,11.022070,pi-,423.907979,Solenoid_1_FieldVolume
236.856756,-201.323567,2100.000000,-3.812865,3.240860,11.022070,pi-,231.782793,Solenoid_1_FieldVolume
-72.500316,39.111745,-470.000000,-1.942002,1.047652,20.469558,pi+,1404.723668,Solenoid_1_FieldVolume
-61.239367,76.056660,3780.000000,-0.757092,0.940275,9.447488,pi+,1403.925678,Solenoid_1_FieldVolume
-18.257893,-238.918019,7660.000000,-0.075240,-0.984567,3.149163,pi+,1402.800387,Solenoid_1_FieldVolume
-26.497697,-25.471707,2080.000000,-0.436782,-0.419870,12.596651,pi-,252.483372,Solenoid_1_FieldVolume
-88.333015,50.324587,5960.000000,-0.546023,0.311077,4.723744,pi-,250.640948,Solenoid_1_FieldVolume
-61.606187,107.689223,9360.000000,-0.253876,0.443781,3.149163,mu-,211.873018,Solenoid_1_FieldVolume
-70.462949,27.585654,13240.000000,-0.145187,0.056839,1.574581,mu-,210.359196,Solenoid_1_FieldVolume
57.859539,-1.705449,17490.000000,0.119218,-0.003514,1.574581,mu-,208.985155,Solenoid_1_FieldVolume
-81.243526,-44.079263,1230.000000,-2.176199,-1.180712,20.469558,pi-,536.524701,Solenoid_1_FieldVolume
-58.750893,-210.056955,5110.500000,-0.497146,-1.777488,6.298326,pi-,535.237599,Solenoid_1_FieldVolume
-14.281308,-186.630816,8622.076527,0.000000,0.000000,3.149163,pi-,457.379068,Solenoid_1_FieldVolume
-353.547509,-105.200234,12390.000000,-0.728474,-0.216762,1.574581,mu-,263.578066,Solenoid_1_FieldVolume
-22.023515,-51.871684,-470.000000,-0.589925,-1.389441,20.469558,pi+,812.850288,Solenoid_1_FieldVolume
-75.680344,-33.702197,2930.000000,-1.091560,-0.486097,11.022070,mu+,646.887263,Solenoid_1_FieldVolume
-27.462933,-22.430510,6810.000000,-0.113173,-0.092435,3.149163,mu+,645.792783,Solenoid_1_FieldVolume
-57.830633,30.258264,10645.500000,-0.244679,0.128022,3.149163,mu+,645.067803,Solenoid_1_FieldVolume
-189.059751,-294.465396,14940.000000,-0.389552,-0.606737,1.574581,mu+,605.643360,Solenoid_1_FieldVolume
5.261537,62.152660,1230.000000,0.140936,1.664829,20.469558,pi-,1338.823169,Solenoid_1_FieldVolume
-125.740852,-64.046902,5110.500000,-1.064010,-0.541961,6.298326,pi-,1336.987596,Solenoid_1_FieldVolume
277.914293,34.743729,9360.000000,1.145269,0.143177,3.149163,pi-,1216.527274,Solenoid_1_FieldVolume
-13.787198,24.169231,1230.000000,-0.369306,0.647400,20.469558,pi+,354.597275,Solenoid_1_FieldVolume
-137.451701,195.412602,5110.500000,-1.163107,1.653568,6.298326,pi+,353.210261,Solenoid_1_FieldVolume
-34.666783,8.413168,140.680549,0.000000,-0.000000,20.469558,mu-,124.215392,Solenoid_1_FieldVolume
-31.905900,3.769560,-404.194574,0.000000,-0.000000,20.469558,mu-,115.550717,Solenoid_1_FieldVolume
-27.375838,22.630543,1230.000000,-0.733293,0.606184,20.469558,pi+,277.011099,Solenoid_1_FieldVolume
-30.765328,-116.167523,2080.000000,-0.507128,-1.914878,12.596651,pi+,294.611322,Solenoid_1_FieldVolume
-19.116915,-1.586891,2080.000000,-0.315119,-0.026158,12.596651,pi+,539.297618,Solenoid_1_FieldVolume
29.620292,58.485066,5960.000000,0.183095,0.361520,4.723744,pi+,537.920473,Solenoid_1_FieldVolume
-61.459496,-31.642912,10210.000000,-0.253271,-0.130399,3.149163,pi+,537.171197,Solenoid_1_FieldVolume
-39.035722,-23.438577,2930.000000,-0.563024,-0.338061,11.022070,pi+,531.901124,Solenoid_1_FieldVolume
-86.776963,333.763620,380.000000,-2.324418,8.940233,20.469558,pi-,592.466187,Solenoid_1_FieldVolume
51.494471,-9.549104,2930.000000,0.742720,-0.137730,11.022070,pi+,949.674851,Solenoid_1_FieldVolume
73.543297,59.750339,5960.000000,0.454601,0.369341,4.723744,pi+,946.108015,Solenoid_1_FieldVolume
-35.160224,7.130200,10210.000000,-0.144893,0.029383,3.149163,pi+,945.314148,Solenoid_1_FieldVolume
180.652050,115.977189,14090.000000,0.372228,0.238968,1.574581,pi+,944.313393,Solenoid_1_FieldVolume
15.498249,135.003966,2080.000000,0.255470,2.225374,12.596651,mu-,781.119645,Solenoid_1_FieldVolume
-128.443292,91.495358,-470.000000,-3.440498,2.450806,20.469558,pi-,598.833023,Solenoid_1_FieldVolume
-151.820064,152.768962,3780.000000,-1.876925,1.888656,9.447488,pi-,548.130535,Solenoid_1_FieldVolume
337.869511,237.694584,7660.000000,1.392340,0.979525,3.149163,pi-,401.253237,Solenoid_1_FieldVolume
241.589427,-43.237260,380.000000,6.471244,-1.158158,20.469558,pi-,405.304400,Solenoid_1_FieldVolume
322.144151,396.561695,3780.000000,3.982612,4.902623,9.447488,pi+,538.240790,Solenoid_1_FieldVolume
54.280508,-21.353780,-470.000000,1.453964,-0.571985,20.469558,pi+,709.953093,Solenoid_1_FieldVolume
6.841219,-76.384033,3780.000000,0.084577,-0.944322,9.447488,pi+,709.212543,Solenoid_1_FieldVolume
-89.253001,-76.980799,7660.000000,-0.367806,-0.317233,3.149163,pi+,708.065905,Solenoid_1_FieldVolume
58.964465,-255.761002,11540.500000,0.124738,-0.541058,1.574581,pi+,668.265001,Solenoid_1_FieldVolume
-241.044323,-378.863960,11560.000000,0.554325,0.871266,1.574581,pi+,244.130006,Solenoid_1_FieldVolume
155.737387,-73.894980,-470.000000,4.171601,-1.979360,20.469558,pi+,738.846864,Solenoid_1_FieldVolume
342.973499,402.528767,3780.000000,4.240121,4.976393,9.447488,pi-,228.235084,Solenoid_1_FieldVolume
361.465558,125.578862,3780.000000,4.468736,1.552510,9.447488,pi+,911.917679,Solenoid_1_FieldVolume
-48.247019,95.506355,380.000000,-1.292350,2.558245,20.469558,pi+,579.734738,Solenoid_1_FieldVolume
97.653945,79.849620,3780.000000,1.207279,0.987167,9.447488,mu+,414.811006,Solenoid_1_FieldVolume
188.670050,164.875380,380.000000,5.053739,4.416372,20.469558,pi+,302.510951,Solenoid_1_FieldVolume
114.854888,132.432454,380.000000,3.076517,3.547352,20.469558,pi+,408.438511,Solenoid_1_FieldVolume
140.646062,167.287477,4215.500000,1.190137,1.415575,6.298326,pi+,365.481771,Solenoid_1_FieldVolume
-63.688572,-167.972161,8510.000000,-0.262457,-0.692203,3.149163,pi+,236.534136,Solenoid_1_FieldVolume
77.563885,-54.148771,380.000000,2.077636,-1.450436,20.469558,pi-,1873.240694,Solenoid_1_FieldVolume
-207.785244,-58.427374,4215.500000,-1.758264,-0.494408,6.298326,pi-,1716.772800,Solenoid_1_FieldVolume
-54.377198,92.785513,2080.000000,-0.896341,1.529455,12.596651,pi-,1072.373252,Solenoid_1_FieldVolume
97.369272,-50.479231,380.000000,2.608145,-1.352143,20.469558,mu+,656.064237,Solenoid_1_FieldVolume
24.457795,45.330552,4215.500000,0.206960,0.383584,6.298326,mu+,655.205246,Solenoid_1_FieldVolume
245.244137,242.227871,8510.000000,1.010637,0.998207,3.149163,mu+,585.871393,Solenoid_1_FieldVolume
67.167187,502.902945,12390.000000,0.138396,1.036217,1.574581,mu+,466.937020,Solenoid_1_FieldVolume
279.024135,512.454178,16640.000000,0.574921,1.055897,1.574581,mu+,274.230324,Solenoid_1_FieldVolume
32.384085,-27.482853,2080.000000,0.533812,-0.453021,12.596651,pi-,1480.765576,Solenoid_1_FieldVolume
74.557805,-181.060844,5960.000000,0.460873,-1.119212,4.723744,pi-,1479.503680,Solenoid_1_FieldVolume
-16.475102,263.103124,10210.000000,-0.067893,1.084233,3.149163,pi-,1400.192024,Solenoid_1_FieldVolume
67.423585,-114.771673,1230.000000,1.806016,-3.074288,20.469558,pi-,1018.742011,Solenoid_1_FieldVolume
-1.764872,37.361850,-470.000000,-0.047274,1.000779,20.469558,pi+,784.470776,Solenoid_1_FieldVolume
11.851937,-1.394026,3780.000000,0.146523,-0.017234,9.447488,pi+,783.536350,Solenoid_1_FieldVolume
-54.961720,203.069458,5960.000000,-0.339741,1.255256,4.723744,pi-,171.604974,Solenoid_1_FieldVolume
-32.884685,-42.994031,380.000000,-0.880853,-1.151643,20.469558,pi+,180.248303,Solenoid_1_FieldVolume
-41.938294,-63.155446,4215.500000,-0.354879,-0.534417,6.298326,pi+,178.518570,Solenoid_1_FieldVolume
17.370617,163.206353,1609.690213,-0.000000,-0.000000,12.596651,pi-,473.420698,Solenoid_1_FieldVolume
32.107844,-85.098880,2080.000000,0.529258,-1.402750,12.596651,pi-,375.852091,Solenoid_1_FieldVolume
-89.735521,9.742079,380.000000,-2.403667,0.260953,20.469558,pi-,369.663647,Solenoid_1_FieldVolume
-58.871028,52.907542,4215.500000,-0.498163,0.447700,6.298326,pi-,367.744789,Solenoid_1_FieldVolume
258.908722,356.621960,-470.000000,6.935160,9.552519,20.469558,mu+,173.434685,Solenoid_1_FieldVolume
23.562418,47.093143,1549.051125,-0.000000,-0.000000,12.596651,pi+,304.775517,Solenoid_1_FieldVolume
-148.228717,-60.803905,5110.500000,-1.254301,-0.514518,6.298326,mu+,283.772133,Solenoid_1_FieldVolume
-151.758070,-128.742044,9360.000000,-0.625386,-0.530538,3.149163,mu+,283.058694,Solenoid_1_FieldVolume
-4.913755,56.696197,1230.000000,-0.131620,1.518671,20.469558,pi+,283.834034,Solenoid_1_FieldVolume
119.215563,69.856307,5110.500000,1.008794,0.591119,6.298326,pi+,282.356894,Solenoid_1_FieldVolume
135.154911,76.701359,9360.000000,0.556966,0.316082,3.149163,pi+,281.378304,Solenoid_1_FieldVolume
-71.083165,103.008267,2080.000000,-1.171718,1.697964,12.596651,pi-,206.604901,Solenoid_1_FieldVolume
-2.908220,-28.270160,2080.000000,-0.047938,-0.465999,12.596651,pi+,560.996214,Solenoid_1_FieldVolume
-196.066318,-119.864425,5960.000000,-1.211967,-0.740931,4.723744,pi+,525.197011,Solenoid_1_FieldVolume
-58.657092,-142.492351,10210.000000,-0.241722,-0.587203,3.149163,mu+,287.033549,Solenoid_1_FieldVolume
40.401026,-40.140243,1230.000000,1.082187,-1.075201,20.469558,pi-,1651.386605,Solenoid_1_FieldVolume
88.140730,-122.028301,5110.500000,0.745841,-1.032595,6.298326,pi-,1649.462548,Solenoid_1_FieldVolume
239.171167,237.995416,7785.109520,-0.000000,-0.000000,3.149163,pi-,453.154487,Solenoid_1_FieldVolume
-4.105181,7.159868,380.000000,-0.109962,0.191785,20.469558,pi-,390.591292,Solenoid_1_FieldVolume
8.639216,115.081624,4215.500000,0.073104,0.973813,6.298326,pi-,389.764962,Solenoid_1_FieldVolume
-305.260147,105.478208,8510.000000,-1.257959,0.434670,3.149163,pi-,347.558736,Solenoid_1_FieldVolume
27.875125,31.213376,2930.000000,0.402051,0.450200,11.022070,pi+,240.018318,Solenoid_1_FieldVolume
10.074749,12.548113,2080.000000,0.166070,0.206840,12.596651,pi-,327.782482,Solenoid_1_FieldVolume
-16.330051,-142.460113,5960.000000,-0.100943,-0.880605,4.723744,pi-,326.404583,Solenoid_1_FieldVolume
54.636454,-160.438674,10210.000000,0.225154,-0.661158,3.149163,pi-,325.461000,Solenoid_1_FieldVolume
-15.264226,-128.162901,14090.000000,-0.031451,-0.264076,1.574581,pi-,324.280257,Solenoid_1_FieldVolume
-91.329623,-114.828440,17490.000000,-0.188182,-0.236601,1.574581,mu-,201.999999,Solenoid_1_FieldVolume
434.662904,26.122729,1230.000000,11.642933,0.699727,20.469558,pi+,539.224378,Solenoid_1_FieldVolume
95.364890,53.871170,1230.000000,2.554455,1.443000,20.469558,pi+,515.101226,Solenoid_1_FieldVolume
-267.579265,-66.198206,-470.000000,-7.167411,-1.773193,20.469558,pi+,1472.036843,Solenoid_1_FieldVolume
-603.298532,130.550610,3780.000000,-7.458474,1.613974,9.447488,pi+,1242.926948,Solenoid_1_FieldVolume
-142.029576,28.452047,2080.000000,-2.341182,0.468997,12.596651,pi+,562.345745,Solenoid_1_FieldVolume
74.647554,165.927679,5110.500000,0.631662,1.404069,6.298326,mu+,527.142089,Solenoid_1_FieldVolume
-223.704686,137.775393,9360.000000,-0.921874,0.567764,3.149163,mu+,447.241995,Solenoid_1_FieldVolume
-103.823515,53.642797,1230.000000,-2.781029,1.436882,20.469558,mu+,992.866403,Solenoid_1_FieldVolume
58.199397,-110.022997,5110.500000,0.492479,-0.931007,6.298326,mu+,991.761636,Solenoid_1_FieldVolume
-25.662688,184.302729,9360.000000,-0.105754,0.759501,3.149163,mu+,856.331486,Solenoid_1_FieldVolume
-153.873196,-316.565032,13240.000000,-0.317051,-0.652273,1.574581,mu+,793.282532,Solenoid_1_FieldVolume
-109.736195,76.013311,17490.000000,-0.226108,0.156623,1.574581,mu+,645.485914,Solenoid_1_FieldVolume
-491.859052,-104.703007,1230.000000,-13.174996,-2.804587,20.469558,mu+,270.300995,Solenoid_1_FieldVolume
77.784282,696.167979,3861.935899,-0.000000,-0.000000,6.298326,pi-,209.889963,Solenoid_1_FieldVolume
303.220775,631.472416,4009.303616,-0.000000,-0.000000,6.298326,pi-,342.469035,Solenoid_1_FieldVolume
-231.216132,-28.871048,4215.500000,-1.956535,-0.244305,6.298326,mu+,147.114938,Solenoid_1_FieldVolume
-355.313480,-218.981815,4215.500000,-3.006638,-1.853009,6.298326,pi-,549.670672,Solenoid_1_FieldVolume
-119.522848,56.580934,380.000000,-3.201553,1.515584,20.469558,pi+,627.115354,Solenoid_1_FieldVolume
-142.316050,2.184342,4215.500000,-1.204269,0.018484,6.298326,pi+,550.383678,Solenoid_1_FieldVolume
-69.198644,25.242138,380.000000,-1.853563,0.676139,20.469558,pi+,308.796195,Solenoid_1_FieldVolume
-19.358097,51.386583,4215.500000,-0.163807,0.434830,6.298326,pi+,307.303255,Solenoid_1_FieldVolume
-139.861282,63.221760,2930.000000,-2.017260,0.911866,11.022070,pi-,1067.557120,Solenoid_1_FieldVolume
-276.905831,275.469470,6810.000000,-1.141113,1.135194,3.149163,pi-,977.455246,Solenoid_1_FieldVolume
37.423388,-12.739625,10645.500000,0.158337,-0.053901,3.149163,pi-,807.874826,Solenoid_1_FieldVolume
-198.177574,451.062892,12410.000000,0.455745,-1.037301,1.574581,mu-,147.938319,Solenoid_1_FieldVolume
80.492706,117.846333,2930.000000,1.160970,1.699732,11.022070,pi-,791.508684,Solenoid_1_FieldVolume
-153.436092,216.812233,380.000000,-4.109958,5.807559,20.469558,mu-,288.820369,Solenoid_1_FieldVolume
-26.301656,-28.188315,380.000000,-0.704519,-0.755056,20.469558,pi-,1528.409469,Solenoid_1_FieldVolume
-34.685855,-77.682643,4215.500000,-0.293509,-0.657345,6.298326,pi-,1527.633079,Solenoid_1_FieldVolume
80.302091,65.852894,7660.000000,0.330920,0.271376,3.149163,mu-,1361.638357,Solenoid_1_FieldVolume
-166.967278,35.315569,11540.500000,-0.353216,0.074709,1.574581,mu-,1360.413547,Solenoid_1_FieldVolume
-111.290097,-277.940331,15790.000000,-0.229310,-0.572688,1.574581,mu-,1359.624093,Solenoid_1_FieldVolume
58.203643,81.277813,380.000000,1.559050,2.177117,20.469558,pi+,380.869558,Solenoid_1_FieldVolume
16.028648,-6.838945,3780.000000,0.198159,-0.084549,9.447488,mu+,224.771083,Solenoid_1_FieldVolume
14.758959,79.265710,2080.000000,0.243283,1.306597,12.596651,pi-,455.704279,Solenoid_1_FieldVolume
162.495358,108.934498,5110.500000,1.375025,0.921796,6.298326,mu-,357.036410,Solenoid_1_FieldVolume
61.029839,243.167243,9360.000000,0.251500,1.002078,3.149163,mu-,321.337919,Solenoid_1_FieldVolume
-43.047788,-184.074539,7660.000000,-0.177397,-0.758560,3.149163,pi+,383.742370,Solenoid_1_FieldVolume
258.104721,41.033881,8530.000000,-1.187117,-0.188730,3.149163,pi+,208.141511,Solenoid_1_FieldVolume
39.717015,68.784855,-470.000000,1.063865,1.842479,20.469558,pi+,1784.850359,Solenoid_1_FieldVolume
-36.356991,-9.929629,3780.000000,-0.449475,-0.122758,9.447488,pi+,1783.399089,Solenoid_1_FieldVolume
203.698787,207.925234,7660.000000,0.839431,0.856848,3.149163,pi+,1745.379688,Solenoid_1_FieldVolume
45.383256,-38.033620,380.000000,1.215641,-1.018773,20.469558,pi+,277.667313,Solenoid_1_FieldVolume
110.293055,15.644165,4215.500000,0.933292,0.132380,6.298326,pi+,276.653183,Solenoid_1_FieldVolume
-76.510552,-150.403586,-470.000000,-2.049421,-4.028729,20.469558,pi-,342.122903,Solenoid_1_FieldVolume
-46.159232,-26.415749,-470.000000,-1.236427,-0.707575,20.469558,pi+,1190.572897,Solenoid_1_FieldVolume
-44.871934,-128.285772,3780.000000,-0.554744,-1.585975,9.447488,pi+,1189.827841,Solenoid_1_FieldVolume
111.600953,152.145925,2950.000000,-1.539880,-2.099323,9.447488,mu+,142.492562,Solenoid_1_FieldVolume
37.384720,29.734271,2080.000000,0.616241,0.490133,12.596651,pi-,632.331527,Solenoid_1_FieldVolume
-60.067069,3.650676,5913.539181,0.000000,-0.000000,4.723744,pi-,631.093409,Solenoid_1_FieldVolume
11.287175,67.955300,9360.000000,0.046514,0.280040,3.149163,mu-,394.712308,Solenoid_1_FieldVolume
128.770605,-23.727141,13240.000000,0.265328,-0.048889,1.574581,mu-,393.496901,Solenoid_1_FieldVolume
40.765518,-95.938815,17490.000000,0.083996,-0.197679,1.574581,mu-,392.689965,Solenoid_1_FieldVolume
132.324308,-229.816103,380.000000,3.544455,-6.155882,20.469558,pi+,300.214187,Solenoid_1_FieldVolume
-35.574662,-34.013982,2930.000000,-0.513104,-0.490594,11.022070,pi+,3525.815840,Solenoid_1_FieldVolume
-110.343783,94.762377,6810.000000,-0.454720,0.390510,3.149163,pi+,3524.566115,Solenoid_1_FieldVolume
-13.384150,219.337649,10645.500000,-0.056628,0.928010,3.149163,pi+,3523.758503,Solenoid_1_FieldVolume
29.649026,131.549685,2080.000000,0.488728,2.168434,12.596651,pi+,400.125927,Solenoid_1_FieldVolume
-154.551128,91.953979,1230.000000,-4.139825,2.463090,20.469558,pi-,517.386167,Solenoid_1_FieldVolume
295.298923,413.145027,2930.000000,4.259183,5.958912,11.022070,pi-,325.475423,Solenoid_1_FieldVolume
199.327055,413.417547,380.000000,5.339199,11.073853,20.469558,pi+,313.666517,Solenoid_1_FieldVolume
68.961076,-102.763852,-470.000000,1.847200,-2.752645,20.469558,pi+,366.019660,Solenoid_1_FieldVolume
58.408270,-111.173276,3780.000000,0.722091,-1.374416,9.447488,pi+,365.266056,Solenoid_1_FieldVolume
279.239458,7.761833,7660.000000,1.150729,0.031986,3.149163,pi+,281.328284,Solenoid_1_FieldVolume
-87.616312,46.834168,-112.098151,0.000000,-0.000000,20.469558,pi+,269.451703,Solenoid_1_FieldVolume
-178.182498,110.163199,3780.000000,-2.202839,1.361928,9.447488,mu+,196.689210,Solenoid_1_FieldVolume
4.768503,66.901451,-470.000000,0.127730,1.792030,20.469558,pi+,317.073881,Solenoid_1_FieldVolume
-51.599107,6.675154,3780.000000,-0.637911,0.082524,9.447488,pi+,316.103416,Solenoid_1_FieldVolume
163.198215,-113.701070,1230.000000,4.371447,-3.045611,20.469558,pi+,464.782305,Solenoid_1_FieldVolume
-120.538391,-125.030522,2080.000000,-1.986927,-2.060974,12.596651,pi-,1404.047910,Solenoid_1_FieldVolume
-338.972012,-90.380835,5960.000000,-2.095326,-0.558681,4.723744,pi-,1365.518159,Solenoid_1_FieldVolume
13.434334,-357.967752,9360.000000,0.055362,-1.475164,3.149163,mu-,1144.753761,Solenoid_1_FieldVolume
236.786903,-126.682667,13240.000000,0.487893,-0.261026,1.574581,mu-,210.538134,Solenoid_1_FieldVolume
149.695496,-214.109139,17490.000000,0.308443,-0.441166,1.574581,mu-,209.612427,Solenoid_1_FieldVolume
-149.163073,-98.712265,1230.000000,-3.995500,-2.644119,20.469558,pi-,548.540341,Solenoid_1_FieldVolume
-240.614407,200.372053,6810.000000,-0.991558,0.825721,3.149163,pi-,288.151128,Solenoid_1_FieldVolume
165.960116,-70.247448,-470.000000,4.445428,-1.881657,20.469558,pi+,908.482970,Solenoid_1_FieldVolume
229.557593,-98.027176,3780.000000,2.837980,-1.211893,9.447488,pi+,733.624505,Solenoid_1_FieldVolume
-47.182206,139.070692,1230.000000,-1.263828,3.725164,20.469558,pi-,1145.542609,Solenoid_1_FieldVolume
-100.582625,-188.181274,5110.500000,-0.851123,-1.592377,6.298326,pi-,1141.012723,Solenoid_1_FieldVolume
71.252059,270.531833,9360.000000,0.293626,1.114846,3.149163,pi-,982.809412,Solenoid_1_FieldVolume
-12.845504,-216.338963,13240.000000,-0.026468,-0.445760,1.574581,pi-,947.768131,Solenoid_1_FieldVolume
28.499175,-30.144398,-470.000000,0.763382,-0.807452,20.469558,pi+,267.460649,Solenoid_1_FieldVolume
0.783897,-4.531773,3780.000000,0.009691,-0.056026,9.447488,pi+,266.166649,Solenoid_1_FieldVolume
-41.068138,7.551232,-470.000000,-1.100056,0.202268,20.469558,pi-,993.420700,Solenoid_1_FieldVolume
-79.290500,-10.735231,3780.000000,-0.980255,-0.132718,9.447488,pi-,992.794533,Solenoid_1_FieldVolume
20.045725,132.943220,7660.000000,0.082607,0.547851,3.149163,pi-,991.595567,Solenoid_1_FieldVolume
37.258953,-187.577658,11540.500000,0.078821,-0.396817,1.574581,pi-,990.390716,Solenoid_1_FieldVolume
-95.424932,-283.118490,2080.000000,-1.572962,-4.666859,12.596651,mu+,284.350550,Solenoid_1_FieldVolume
-41.658715,60.622431,380.000000,-1.115875,1.623840,20.469558,pi-,672.304448,Solenoid_1_FieldVolume
-32.396725,18.059421,4215.500000,-0.274139,0.152818,6.298326,pi-,671.517114,Solenoid_1_FieldVolume
8.073391,-37.989132,8510.000000,0.033270,-0.156551,3.149163,pi-,670.312264,Solenoid_1_FieldVolume
-87.997442,89.341119,11540.500000,-0.186157,0.189000,1.574581,pi-,666.327819,Solenoid_1_FieldVolume
-23.448216,-168.635015,15790.000000,-0.048314,-0.347468,1.574581,pi-,665.715543,Solenoid_1_FieldVolume
55.829935,33.939311,1230.000000,1.495467,0.909103,20.469558,pi-,475.911151,Solenoid_1_FieldVolume
-16.116911,24.504803,-470.000000,-0.431710,0.656389,20.469558,pi+,580.354270,Solenoid_1_FieldVolume
-36.302684,105.165449,3780.000000,-0.448804,1.300142,9.447488,pi+,579.513247,Solenoid_1_FieldVolume
222.330737,-1.512559,7660.000000,0.916212,-0.006233,3.149163,pi+,577.283461,Solenoid_1_FieldVolume
274.475402,68.678234,11540.500000,0.580648,0.145288,1.574581,pi+,576.255522,Solenoid_1_FieldVolume
283.547329,-47.337517,12390.000000,0.584241,-0.097538,1.574581,pi-,171.782217,Solenoid_1_FieldVolume
12.545517,11.570105,380.000000,0.336046,0.309918,20.469558,pi-,436.222158,Solenoid_1_FieldVolume
63.877834,228.663923,4215.500000,0.540530,1.934938,6.298326,pi-,434.924436,Solenoid_1_FieldVolume
-22.272311,-18.754439,380.000000,-0.596589,-0.502359,20.469558,pi+,646.203855,Solenoid_1_FieldVolume
12.668923,25.226462,4215.500000,0.107204,0.213465,6.298326,pi+,645.475542,Solenoid_1_FieldVolume
95.655959,71.909173,7660.000000,0.394193,0.296333,3.149163,mu+,593.606086,Solenoid_1_FieldVolume
47.775841,150.357555,11540.500000,0.101069,0.318079,1.574581,mu+,592.375253,Solenoid_1_FieldVolume
504.658219,46.586868,15790.000000,1.039834,0.095991,1.574581,mu+,476.239791,Solenoid_1_FieldVolume
-37.044365,-60.084965,1230.000000,-0.992275,-1.609443,20.469558,pi-,277.029018,Solenoid_1_FieldVolume
58.685055,5.547171,1230.000000,1.571945,0.148587,20.469558,mu+,129.707946,Solenoid_1_FieldVolume
-20.655526,-94.649148,2080.000000,-0.340481,-1.560174,12.596651,pi+,675.695868,Solenoid_1_FieldVolume
-101.787859,282.035407,-951.887524,0.000000,-0.000000,20.469558,pi+,305.181917,Solenoid_1_FieldVolume
-75.157205,-10.407612,2080.000000,-1.238874,-0.171557,12.596651,pi-,586.025006,Solenoid_1_FieldVolume
-129.118199,-51.945845,2080.000000,-2.128354,-0.856263,12.596651,pi+,1071.291785,Solenoid_1_FieldVolume
-4.419002,4.775757,380.000000,-0.118368,0.127924,20.469558,pi-,196.600035,Solenoid_1_FieldVolume
-42.641629,6.657551,-470.000000,-1.142204,0.178330,20.469558,pi-,776.274329,Solenoid_1_FieldVolume
-48.393157,94.139738,2930.000000,-0.697989,1.357805,11.022070,mu-,750.145773,Solenoid_1_FieldVolume
-161.871396,-84.356447,6810.000000,-0.667063,-0.347628,3.149163,mu-,671.673704,Solenoid_1_FieldVolume
-208.282920,93.031175,10645.500000,-0.881238,0.393612,3.149163,mu-,544.573051,Solenoid_1_FieldVolume
375.878786,-590.521073,14754.740936,-0.000000,0.000000,1.574581,mu-,224.498381,Solenoid_1_FieldVolume
-0.900836,-142.206604,-588.931093,0.000000,0.000000,20.469558,mu-,649.666928,Solenoid_1_FieldVolume
-206.717613,-166.434025,2930.000000,-2.981549,-2.400527,11.022070,mu-,223.430360,Solenoid_1_FieldVolume
-80.594156,-116.415720,2080.000000,-1.328495,-1.918970,12.596651,pi-,696.084056,Solenoid_1_FieldVolume
-257.358548,-88.846733,5960.000000,-1.590839,-0.549198,4.723744,pi-,648.303925,Solenoid_1_FieldVolume
-86.810408,88.467414,9360.000000,-0.357741,0.364569,3.149163,mu-,347.795135,Solenoid_1_FieldVolume
-129.015556,242.512227,13240.000000,-0.265833,0.499689,1.574581,mu-,261.818823,Solenoid_1_FieldVolume
-90.762890,100.569823,17490.000000,-0.187014,0.207221,1.574581,mu-,255.648824,Solenoid_1_FieldVolume
-22.698905,-58.942837,2930.000000,-0.327393,-0.850150,11.022070,pi-,543.288640,Solenoid_1_FieldVolume
-8.620799,-76.628794,6810.000000,-0.035526,-0.315783,3.149163,pi-,542.174040,Solenoid_1_FieldVolume
16.062457,-84.027128,10645.500000,0.067960,-0.355516,3.149163,pi-,541.524432,Solenoid_1_FieldVolume
44.437472,123.398634,14940.000000,0.091562,0.254259,1.574581,pi-,540.370677,Solenoid_1_FieldVolume
-114.964367,-72.636777,1230.000000,-3.079449,-1.945658,20.469558,pi+,1035.273726,Solenoid_1_FieldVolume
253.994185,168.927598,5110.500000,2.149281,1.429454,6.298326,pi+,1033.167130,Solenoid_1_FieldVolume
40.988535,42.740866,2080.000000,0.675645,0.704530,12.596651,pi-,1404.316452,Solenoid_1_FieldVolume
161.531234,-79.240728,5960.000000,0.998491,-0.489820,4.723744,pi-,1403.109406,Solenoid_1_FieldVolume
-27.072438,-4.011083,7660.000000,-0.111564,-0.016529,3.149163,pi-,672.510519,Solenoid_1_FieldVolume
-597.138016,-340.950171,11540.500000,-1.263235,-0.721274,1.574581,pi+,270.844206,Solenoid_1_FieldVolume
-48.861352,501.733628,-1141.791307,0.000000,-0.000000,20.469558,pi+,580.885422,Solenoid_1_FieldVolume
107.833231,27.297223,-470.000000,2.888434,0.731187,20.469558,pi-,932.110450,Solenoid_1_FieldVolume
209.162693,257.951314,3780.000000,2.585842,3.189007,9.447488,pi-,842.655138,Solenoid_1_FieldVolume
361.009822,-140.506750,6810.000000,1.487700,-0.579020,3.149163,pi+,2190.763992,Solenoid_1_FieldVolume
-13.641050,-116.927627,7660.000000,-0.056214,-0.481852,3.149163,pi-,826.132785,Solenoid_1_FieldVolume
-129.064606,-27.525437,2080.000000,-2.127471,-0.453723,12.596651,pi-,2338.235581,Solenoid_1_FieldVolume
192.606632,-26.163596,5960.000000,1.190581,-0.161728,4.723744,pi-,2337.012913,Solenoid_1_FieldVolume
244.035178,266.401477,7680.000000,-1.122406,-1.225277,3.149163,mu-,134.720155,Solenoid_1_FieldVolume
-409.739247,30.688093,2930.000000,-5.909790,0.442623,11.022070,pi+,240.718108,Solenoid_1_FieldVolume
-43.866705,162.822892,2930.000000,-0.632702,2.348443,11.022070,pi+,1997.596736,Solenoid_1_FieldVolume
-117.473170,-288.257563,6810.000000,-0.484100,-1.187893,3.149163,pi+,1981.127413,Solenoid_1_FieldVolume
-700.453622,-8.060629,7162.077283,0.000000,0.000000,3.149163,pi+,569.372196,Solenoid_1_FieldVolume
-76.457093,-41.427942,1230.000000,-2.047989,-1.109694,20.469558,pi-,391.661127,Solenoid_1_FieldVolume
109.593209,166.944933,5110.500000,0.927370,1.412677,6.298326,pi-,390.300458,Solenoid_1_FieldVolume
51.263111,343.467708,8510.000000,0.211252,1.415410,3.149163,mu-,321.864742,Solenoid_1_FieldVolume
55.658433,-16.472593,-470.000000,1.490874,-0.441237,20.469558,pi+,867.363595,Solenoid_1_FieldVolume
78.139987,-84.245314,3780.000000,0.966031,-1.041510,9.447488,pi+,866.558785,Solenoid_1_FieldVolume
160.327309,-39.494438,7660.000000,0.660699,-0.162754,3.149163,pi+,865.353990,Solenoid_1_FieldVolume
-51.286744,118.408492,11540.500000,-0.108496,0.250491,1.574581,pi+,863.895126,Solenoid_1_FieldVolume
396.258524,167.942144,15790.000000,0.816479,0.346040,1.574581,pi+,734.259772,Solenoid_1_FieldVolume
-61.600297,117.290841,2889.767009,0.000000,-0.000000,11.022070,pi-,320.661696,Solenoid_1_FieldVolume
54.894231,-22.726928,5960.000000,0.339324,-0.140485,4.723744,pi-,316.990125,Solenoid_1_FieldVolume
107.634228,118.345564,10210.000000,0.443554,0.487695,3.149163,pi-,316.246932,Solenoid_1_FieldVolume
317.020399,-202.036324,14090.000000,0.653211,-0.416290,1.574581,pi-,234.315048,Solenoid_1_FieldVolume
-41.393694,-66.785851,380.000000,-1.108777,-1.788934,20.469558,pi-,415.994583,Solenoid_1_FieldVolume
90.696421,26.116132,4215.500000,0.767467,0.220993,6.298326,pi-,415.067812,Solenoid_1_FieldVolume
-0.168922,-9.885444,1230.000000,-0.004525,-0.264793,20.469558,pi+,329.069927,Solenoid_1_FieldVolume
-8.710963,20.043025,4215.500000,-0.073712,0.169603,6.298326,mu+,242.801508,Solenoid_1_FieldVolume
123.212119,53.879659,8510.000000,0.507750,0.222035,3.149163,mu+,241.524844,Solenoid_1_FieldVolume
112.220013,226.110915,12390.000000,0.231226,0.465895,1.574581,mu+,240.244587,Solenoid_1_FieldVolume
22.079758,67.128060,16640.000000,0.045495,0.138315,1.574581,mu+,239.223143,Solenoid_1_FieldVolume
-187.233480,-87.153520,1230.000000,-5.015259,-2.334505,20.469558,pi+,1051.738634,Solenoid_1_FieldVolume
106.752614,-162.331868,2080.000000,1.759685,-2.675841,12.596651,pi+,1106.266718,Solenoid_1_FieldVolume
-25.650173,92.747892,2930.000000,-0.369960,1.337730,11.022070,pi+,802.714170,Solenoid_1_FieldVolume
-125.416289,-105.866565,2930.000000,-1.808916,-1.526945,11.022070,pi-,1363.968266,Solenoid_1_FieldVolume
-261.229899,213.792354,6810.000000,-1.076513,0.881026,3.149163,pi-,1330.355639,Solenoid_1_FieldVolume
127.478780,595.438222,10230.500000,-0.569784,-2.661392,3.149163,pi-,190.560920,Solenoid_1_FieldVolume
-77.051086,85.222456,-470.000000,-2.063900,2.282779,20.469558,pi-,637.120585,Solenoid_1_FieldVolume
-118.471337,-98.619667,3780.000000,-1.464640,-1.219218,9.447488,pi-,636.351375,Solenoid_1_FieldVolume
67.330963,-96.602826,1230.000000,1.803535,-2.587615,20.469558,pi+,413.283539,Solenoid_1_FieldVolume
-40.784517,-42.531476,380.000000,-1.092459,-1.139253,20.469558,pi-,240.788516,Solenoid_1_FieldVolume
13.848024,-23.550649,4215.500000,0.117181,-0.199284,6.298326,pi-,239.576086,Solenoid_1_FieldVolume
-221.289604,217.640111,8510.000000,-0.911922,0.896882,3.149163,pi-,162.863868,Solenoid_1_FieldVolume
-80.247586,109.923434,380.000000,-2.149522,2.944422,20.469558,pi-,1026.927473,Solenoid_1_FieldVolume
131.386050,-88.733276,4215.500000,1.111780,-0.750855,6.298326,pi-,1026.180689,Solenoid_1_FieldVolume
36.142878,-645.600856,8510.000000,0.148943,-2.660484,3.149163,pi-,911.073492,Solenoid_1_FieldVolume
529.268749,-458.120717,9438.230690,-0.000000,0.000000,3.149163,pi+,289.815487,Solenoid_1_FieldVolume
-18.063661,-61.935570,1230.000000,-0.483855,-1.659014,20.469558,pi+,634.568576,Solenoid_1_FieldVolume
169.293312,-203.001275,5110.500000,1.432548,-1.717783,6.298326,pi+,631.383466,Solenoid_1_FieldVolume
-116.455249,-204.666126,9360.000000,-0.479905,-0.843417,3.149163,pi+,509.843295,Solenoid_1_FieldVolume
-98.437037,34.302348,380.000000,-2.636746,0.918827,20.469558,pi+,611.931282,Solenoid_1_FieldVolume
-28.465722,28.469287,4215.500000,-0.240875,0.240905,6.298326,pi+,611.130297,Solenoid_1_FieldVolume
96.350780,-101.415486,7660.000000,0.397056,-0.417927,3.149163,mu+,426.251015,Solenoid_1_FieldVolume
218.802233,105.023399,2930.000000,3.155849,1.514783,11.022070,pi-,1073.727564,Solenoid_1_FieldVolume
452.999697,-47.949379,6810.000000,1.866785,-0.197597,3.149163,pi-,953.436512,Solenoid_1_FieldVolume
160.287047,313.640885,9380.000000,-0.737218,-1.442548,3.149163,pi-,180.727979,Solenoid_1_FieldVolume
-73.531648,70.199367,1230.000000,-1.969628,1.880369,20.469558,pi-,682.678371,Solenoid_1_FieldVolume
-297.092951,-235.426524,2080.000000,-4.897211,-3.880716,12.596651,pi-,743.554036,Solenoid_1_FieldVolume
-134.519761,203.724388,1230.000000,-3.603263,5.456986,20.469558,pi-,792.622907,Solenoid_1_FieldVolume
75.306779,-145.318093,2080.000000,1.241339,-2.395390,12.596651,mu-,162.765796,Solenoid_1_FieldVolume
284.078035,-58.606865,380.000000,7.609349,-1.569851,20.469558,pi+,286.959384,Solenoid_1_FieldVolume
47.162403,13.996872,380.000000,1.263298,0.374922,20.469558,pi-,251.764582,Solenoid_1_FieldVolume
75.965251,-14.593336,3780.000000,0.939145,-0.180415,9.447488,mu-,205.644915,Solenoid_1_FieldVolume
-304.771864,-117.907301,2930.000000,-4.395814,-1.700612,11.022070,pi+,323.298442,Solenoid_1_FieldVolume
1.955364,-70.457724,-470.000000,0.052377,-1.887289,20.469558,pi+,1157.160811,Solenoid_1_FieldVolume
44.927746,-100.770169,2930.000000,0.648006,-1.453438,11.022070,mu+,904.046205,Solenoid_1_FieldVolume
160.822811,-135.086819,6810.000000,0.662741,-0.556685,3.149163,mu+,902.885277,Solenoid_1_FieldVolume
-33.093637,98.361222,10645.500000,-0.140018,0.416163,3.149163,mu+,902.079579,Solenoid_1_FieldVolume
511.713249,-205.007039,14940.000000,1.054370,-0.422411,1.574581,mu+,791.882494,Solenoid_1_FieldVolume
427.732316,-24.444545,1230.000000,11.457290,-0.654775,20.469558,pi-,2121.752198,Solenoid_1_FieldVolume
-20.661921,-20.385774,-470.000000,-0.553453,-0.546056,20.469558,pi+,501.174908,Solenoid_1_FieldVolume
45.784577,-91.946225,2930.000000,0.660364,-1.326168,11.022070,mu+,462.991482,Solenoid_1_FieldVolume
-46.071202,-99.500252,-470.000000,-1.234069,-2.665226,20.469558,pi-,405.681397,Solenoid_1_FieldVolume
-36.280738,-79.375450,2930.000000,-0.523288,-1.144855,11.022070,mu-,258.182258,Solenoid_1_FieldVolume
22.801701,-35.497884,1230.000000,0.610769,-0.950851,20.469558,pi+,2159.511536,Solenoid_1_FieldVolume
-66.005331,64.899591,5110.500000,-0.558533,0.549176,6.298326,pi+,2158.035630,Solenoid_1_FieldVolume
293.793309,6.789658,9360.000000,1.210705,0.027980,3.149163,pi+,2116.437310,Solenoid_1_FieldVolume
-260.812364,-183.714136,1230.000000,-6.986152,-4.920989,20.469558,pi+,263.413342,Solenoid_1_FieldVolume
-135.760336,-208.068727,1230.000000,-3.636493,-5.573354,20.469558,pi-,507.239923,Solenoid_1_FieldVolume
48.333278,-114.826475,-470.000000,1.294661,-3.075756,20.469558,pi-,476.841187,Solenoid_1_FieldVolume
166.121996,81.631432,380.000000,4.449764,2.186589,20.469558,pi+,876.445444,Solenoid_1_FieldVolume
-1.644201,27.402200,380.000000,-0.044042,0.733999,20.469558,pi-,879.225056,Solenoid_1_FieldVolume
26.575494,27.848350,3780.000000,0.328548,0.344284,9.447488,mu-,580.868994,Solenoid_1_FieldVolume
-68.729428,47.722719,7660.000000,-0.283230,0.196663,3.149163,mu-,579.728657,Solenoid_1_FieldVolume
-40.976703,93.521470,11540.500000,-0.086686,0.197843,1.574581,mu-,578.431039,Solenoid_1_FieldVolume
-151.542754,-108.051167,15790.000000,-0.312249,-0.222636,1.574581,mu-,577.834683,Solenoid_1_FieldVolume
6.896393,-32.753923,-560.640524,-0.000000,0.000000,20.469558,pi+,292.566575,Solenoid_1_FieldVolume
19.470806,-98.590388,2930.000000,0.280833,-1.421998,11.022070,mu+,237.499175,Solenoid_1_FieldVolume
-19.953580,-0.791041,-470.000000,-0.534479,-0.021189,20.469558,pi-,183.519101,Solenoid_1_FieldVolume
5.851245,4.504505,3780.000000,0.072338,0.055688,9.447488,pi-,181.969694,Solenoid_1_FieldVolume
-41.634512,110.039157,6810.000000,-0.171573,0.453465,3.149163,mu-,157.432404,Solenoid_1_FieldVolume
-102.679429,107.197790,10645.500000,-0.434433,0.453550,3.149163,mu-,156.301573,Solenoid_1_FieldVolume
-13.768630,-91.679589,830.988554,0.000000,0.000000,20.469558,pi+,171.040583,Solenoid_1_FieldVolume
129.864386,-20.151573,2930.000000,1.873072,-0.290652,11.022070,mu-,181.369398,Solenoid_1_FieldVolume
119.944211,-40.808835,2930.000000,1.729991,-0.588598,11.022070,pi+,596.922506,Solenoid_1_FieldVolume
-103.399164,64.587506,1230.000000,-2.769663,1.730049,20.469558,pi+,309.627097,Solenoid_1_FieldVolume
42.511852,5.716778,1230.000000,1.138728,0.153130,20.469558,pi+,638.596460,Solenoid_1_FieldVolume
54.443384,-65.837658,380.000000,1.458327,-1.763535,20.469558,pi-,1268.366448,Solenoid_1_FieldVolume
18.339300,-108.571459,4215.500000,0.155186,-0.918724,6.298326,pi-,1267.608116,Solenoid_1_FieldVolume
158.885677,11.924350,8510.000000,0.654759,0.049140,3.149163,pi-,1147.388299,Solenoid_1_FieldVolume
-7.063044,-287.880450,12390.000000,-0.014553,-0.593169,1.574581,pi-,1146.339429,Solenoid_1_FieldVolume
-69.755792,-696.515707,12966.750108,0.000000,0.000000,1.574581,pi-,347.177056,Solenoid_1_FieldVolume
82.338525,-11.424460,380.000000,2.205530,-0.306017,20.469558,pi+,1989.718309,Solenoid_1_FieldVolume
-9.010466,-105.590638,4215.500000,-0.076246,-0.893501,6.298326,pi+,1989.012239,Solenoid_1_FieldVolume
17.893347,-20.857651,2080.000000,0.294950,-0.343813,12.596651,pi+,262.985814,Solenoid_1_FieldVolume
174.789262,-12.434822,5960.000000,1.080444,-0.076865,4.723744,pi+,261.541743,Solenoid_1_FieldVolume
158.575434,93.968510,9360.000000,0.653480,0.387239,3.149163,mu+,225.045549,Solenoid_1_FieldVolume
47.783336,-111.635680,1230.000000,1.279930,-2.990287,20.469558,pi-,857.754908,Solenoid_1_FieldVolume
-71.579526,163.812122,1230.000000,-1.917338,4.387891,20.469558,pi+,251.692609,Solenoid_1_FieldVolume
253.811611,209.009282,2930.000000,3.660800,3.014602,11.022070,pi-,1548.061831,Solenoid_1_FieldVolume
330.555563,-110.150146,1230.000000,8.854301,-2.950495,20.469558,mu-,135.731253,Solenoid_1_FieldVolume
-86.673782,5.849514,1230.000000,-2.321654,0.156686,20.469558,pi+,2453.425794,Solenoid_1_FieldVolume
45.502526,-458.128624,2080.000000,0.750053,-7.551685,12.596651,pi-,789.735245,Solenoid_1_FieldVolume
63.306012,-65.680712,1230.000000,1.695723,-1.759332,20.469558,pi-,280.929100,Solenoid_1_FieldVolume
33.477102,42.016444,1230.000000,0.896722,1.125458,20.469558,pi+,483.243401,Solenoid_1_FieldVolume
161.442721,122.694897,5110.500000,1.366117,1.038236,6.298326,pi+,478.856523,Solenoid_1_FieldVolume
70.463283,-101.968723,7660.000000,0.290375,-0.420207,3.149163,pi+,363.939548,Solenoid_1_FieldVolume
-86.393511,-82.457604,-470.000000,-2.314147,-2.208719,20.469558,mu+,473.943573,Solenoid_1_FieldVolume
-73.877419,-109.106857,3780.000000,-0.913334,-1.348869,9.447488,mu+,473.172414,Solenoid_1_FieldVolume
32.414116,224.162541,7660.000000,0.133577,0.923761,3.149163,mu+,471.892898,Solenoid_1_FieldVolume
89.945575,520.186747,3780.000000,1.111981,6.430978,9.447488,pi-,249.080344,Solenoid_1_FieldVolume
107.417445,692.215098,3917.119109,-0.000000,-0.000000,6.298326,pi-,362.769191,Solenoid_1_FieldVolume
145.106406,580.430541,2100.000000,-2.335889,-9.343637,11.022070,pi-,200.863255,Solenoid_1_FieldVolume
429.507739,-211.462273,13240.000000,0.884988,-0.435712,1.574581,pi+,1366.832009,Solenoid_1_FieldVolume
42.107751,59.086866,-470.000000,1.127903,1.582708,20.469558,pi-,277.434185,Solenoid_1_FieldVolume
59.488229,-101.007943,2930.000000,0.858016,-1.456867,11.022070,mu-,183.545998,Solenoid_1_FieldVolume
99.102983,-692.949204,8605.762019,-0.000000,0.000000,3.149163,pi-,637.918556,Solenoid_1_FieldVolume
214.956303,-14.724398,380.000000,5.757846,-0.394410,20.469558,pi-,644.682228,Solenoid_1_FieldVolume
193.787966,172.510576,4215.500000,1.639820,1.459773,6.298326,pi-,416.656544,Solenoid_1_FieldVolume
-309.969619,93.958035,1230.000000,-8.302884,2.516771,20.469558,pi-,290.621691,Solenoid_1_FieldVolume
197.717329,99.183508,380.000000,5.296080,2.656741,20.469558,pi-,514.183538,Solenoid_1_FieldVolume
182.700236,-86.128883,2080.000000,3.011588,-1.419728,12.596651,pi+,510.241028,Solenoid_1_FieldVolume
-58.733787,75.935075,2080.000000,-0.968154,1.251696,12.596651,pi-,384.420667,Solenoid_1_FieldVolume
-39.828535,134.358865,5960.000000,-0.246197,0.830527,4.723744,pi-,349.991907,Solenoid_1_FieldVolume
-57.389046,-10.281474,-470.000000,-1.537230,-0.275401,20.469558,pi+,554.599112,Solenoid_1_FieldVolume
-46.870669,50.852247,3780.000000,-0.579454,0.628677,9.447488,pi+,553.720774,Solenoid_1_FieldVolume
-3.505177,-168.893767,7660.000000,-0.014445,-0.696001,3.149163,pi+,552.552181,Solenoid_1_FieldVolume
48.010085,-230.279166,11540.500000,0.101565,-0.487152,1.574581,pi+,551.112678,Solenoid_1_FieldVolume
-186.853815,-285.011911,15790.000000,-0.385007,-0.587259,1.574581,pi+,388.770050,Solenoid_1_FieldVolume
22.665600,2.848649,2080.000000,0.373614,0.046956,12.596651,pi-,356.717562,Solenoid_1_FieldVolume
-2.350776,-130.537022,5960.000000,-0.014531,-0.806903,4.723744,pi-,355.007215,Solenoid_1_FieldVolume
178.167835,-155.786895,10210.000000,0.734219,-0.641989,3.149163,pi-,313.212590,Solenoid_1_FieldVolume
115.570565,33.442775,1230.000000,3.095687,0.895802,20.469558,pi+,170.239308,Solenoid_1_FieldVolume
33.706228,-66.745483,1230.000000,0.902859,-1.787853,20.469558,pi+,590.967272,Solenoid_1_FieldVolume
14.208795,-126.977474,4215.500000,0.120234,-1.074475,6.298326,mu+,551.501442,Solenoid_1_FieldVolume
252.682818,201.213683,-470.000000,6.768393,5.389734,20.469558,pi-,748.063756,Solenoid_1_FieldVolume
230.301574,196.740448,3780.000000,2.847178,2.432268,9.447488,pi-,527.031878,Solenoid_1_FieldVolume
83.946344,54.673826,-470.000000,2.248597,1.464500,20.469558,pi+,371.792549,Solenoid_1_FieldVolume
63.505383,84.563163,2930.000000,0.915957,1.219679,11.022070,mu+,357.234698,Solenoid_1_FieldVolume
-140.733430,139.957639,6810.000000,-0.579954,0.576757,3.149163,mu+,355.879174,Solenoid_1_FieldVolume
-100.020371,-4.294208,10645.500000,-0.423183,-0.018169,3.149163,mu+,355.136038,Solenoid_1_FieldVolume
-376.013660,-40.886706,14940.000000,-0.774765,-0.084246,1.574581,mu+,286.425907,Solenoid_1_FieldVolume
2.905910,30.710778,2930.000000,0.041913,0.442951,11.022070,pi+,758.350585,Solenoid_1_FieldVolume
-50.865787,-51.022889,380.000000,-1.362497,-1.366705,20.469558,pi-,662.016238,Solenoid_1_FieldVolume
23.083715,46.836200,4215.500000,0.195333,0.396325,6.298326,pi-,661.178880,Solenoid_1_FieldVolume
-164.591632,253.728291,8510.000000,-0.678273,1.045600,3.149163,pi-,618.267590,Solenoid_1_FieldVolume
44.365913,131.449790,-470.000000,1.188391,3.521030,20.469558,pi-,668.244123,Solenoid_1_FieldVolume
94.801234,163.650503,2930.000000,1.367346,2.360379,11.022070,mu-,425.570182,Solenoid_1_FieldVolume
43.582879,32.036714,-470.000000,1.167416,0.858139,20.469558,pi+,161.360662,Solenoid_1_FieldVolume
37.254728,26.412673,3476.163454,-0.000000,-0.000000,9.447488,pi+,156.482063,Solenoid_1_FieldVolume
-73.320613,144.859356,-470.000000,-1.963975,3.880220,20.469558,pi+,640.421550,Solenoid_1_FieldVolume
25.932683,135.764601,3780.000000,0.320601,1.678434,9.447488,pi+,601.258229,Solenoid_1_FieldVolume
-351.662211,-153.957564,7660.000000,-1.449179,-0.634450,3.149163,pi+,524.158431,Solenoid_1_FieldVolume
-7.801437,118.299584,2080.000000,-0.128597,1.950023,12.596651,mu-,217.070568,Solenoid_1_FieldVolume
78.833991,150.203237,-470.000000,2.111657,4.023362,20.469558,pi+,598.407311,Solenoid_1_FieldVolume
12.600384,49.973403,-470.000000,0.337515,1.338594,20.469558,pi-,562.139983,Solenoid_1_FieldVolume
99.754569,336.868002,3780.000000,1.233248,4.164640,9.447488,pi-,351.741235,Solenoid_1_FieldVolume
5.105945,79.700638,1230.000000,0.136768,2.134871,20.469558,pi+,397.811589,Solenoid_1_FieldVolume
3.025586,-1.033130,1230.000000,0.081044,-0.027674,20.469558,pi-,577.495986,Solenoid_1_FieldVolume
-94.094486,5.716029,2930.000000,-1.357152,0.082444,11.022070,pi+,570.405355,Solenoid_1_FieldVolume
-161.195838,310.182825,6810.000000,-0.664279,1.278245,3.149163,pi+,532.856657,Solenoid_1_FieldVolume
-17.814566,-43.708715,10645.500000,-0.075373,-0.184930,3.149163,pi+,410.860908,Solenoid_1_FieldVolume
-29.675255,-159.234411,2930.000000,-0.428015,-2.296685,11.022070,pi-,439.138755,Solenoid_1_FieldVolume
11.155865,48.596445,-470.000000,0.298822,1.301710,20.469558,pi+,1122.609327,Solenoid_1_FieldVolume
-12.226459,90.404316,3780.000000,-0.151154,1.117653,9.447488,pi+,1121.771473,Solenoid_1_FieldVolume
99.158300,165.025536,5130.000000,-0.684097,-1.138518,4.723744,pi+,288.825297,Solenoid_1_FieldVolume
83.444034,29.014255,5183.497538,-0.000000,-0.000000,4.723744,pi-,315.774307,Solenoid_1_FieldVolume
97.183220,-59.451431,5960.000000,0.600730,-0.367494,4.723744,pi+,468.637376,Solenoid_1_FieldVolume
232.822225,58.623960,10210.000000,0.959447,0.241586,3.149163,pi+,436.342632,Solenoid_1_FieldVolume
149.414736,-9.799598,4215.500000,1.264337,-0.082924,6.298326,pi+,313.995929,Solenoid_1_FieldVolume
-19.966876,0.105141,2080.000000,-0.329129,0.001733,12.596651,pi+,445.503591,Solenoid_1_FieldVolume
50.477012,25.753261,5960.000000,0.312019,0.159192,4.723744,pi+,444.269348,Solenoid_1_FieldVolume
239.211599,12.877504,10210.000000,0.985777,0.053067,3.149163,pi+,443.540569,Solenoid_1_FieldVolume
167.340054,232.511126,14090.000000,0.344799,0.479082,1.574581,mu+,374.513453,Solenoid_1_FieldVolume
47.876392,-5.953888,380.000000,1.282423,-0.159482,20.469558,pi-,712.894001,Solenoid_1_FieldVolume
94.442868,7.437562,4215.500000,0.799169,0.062936,6.298326,pi-,712.135824,Solenoid_1_FieldVolume
169.592992,7.562356,8510.000000,0.698883,0.031164,3.149163,pi-,710.919187,Solenoid_1_FieldVolume
-81.545787,-71.155095,12390.000000,-0.168023,-0.146613,1.574581,pi-,709.963832,Solenoid_1_FieldVolume
249.919326,-165.343988,16640.000000,0.514951,-0.340686,1.574581,pi-,676.015680,Solenoid_1_FieldVolume
-23.708537,63.350046,1230.000000,-0.635060,1.696902,20.469558,pi+,1485.923570,Solenoid_1_FieldVolume
88.570427,5.432285,5110.500000,0.749477,0.045968,6.298326,pi+,1484.310806,Solenoid_1_FieldVolume
-213.908441,-142.689063,9360.000000,-0.881504,-0.588013,3.149163,pi+,1399.257151,Solenoid_1_FieldVolume
-7.722813,45.178460,2930.000000,-0.111388,0.651622,11.022070,pi-,717.811527,Solenoid_1_FieldVolume
-12.007703,140.432024,6810.000000,-0.049483,0.578712,3.149163,pi-,716.676345,Solenoid_1_FieldVolume
117.337323,66.972865,10645.500000,0.496450,0.283360,3.149163,pi-,715.912890,Solenoid_1_FieldVolume
-140.719636,159.497060,2930.000000,-2.029641,2.300473,11.022070,pi-,417.617550,Solenoid_1_FieldVolume
-241.977940,-180.423353,380.000000,-6.481650,-4.832842,20.469558,pi+,557.097800,Solenoid_1_FieldVolume
-36.524373,56.643195,380.000000,-0.978346,1.517251,20.469558,pi+,1685.006178,Solenoid_1_FieldVolume
5.528904,191.894809,4215.500000,0.046785,1.623801,6.298326,pi+,1684.125355,Solenoid_1_FieldVolume
203.439676,144.430823,2950.000000,-2.807079,-1.992869,9.447488,mu-,177.682136,Solenoid_1_FieldVolume
-58.075652,-536.914643,2930.000000,-0.837642,-7.744078,11.022070,pi+,1124.530343,Solenoid_1_FieldVolume
-16.545654,-699.804431,2969.460473,0.000000,0.000000,9.447488,pi+,409.114069,Solenoid_1_FieldVolume
50.944687,-38.964824,2930.000000,0.734790,-0.562001,11.022070,pi-,794.032015,Solenoid_1_FieldVolume
147.058365,-71.673848,6810.000000,0.606019,-0.295364,3.149163,pi-,792.419875,Solenoid_1_FieldVolume
-57.309403,-157.555386,10645.500000,-0.242474,-0.666611,3.149163,pi-,791.294853,Solenoid_1_FieldVolume
429.555088,174.262818,14940.000000,0.885086,0.359063,1.574581,pi-,659.258074,Solenoid_1_FieldVolume
6.514836,-140.225038,-249.826007,-0.000000,0.000000,20.469558,pi-,164.934712,Solenoid_1_FieldVolume
-55.313219,23.782026,1230.000000,-1.481627,0.637028,20.469558,pi-,1354.060882,Solenoid_1_FieldVolume
-79.809569,-79.184610,2930.000000,-1.151117,-1.142103,11.022070,pi-,263.334071,Solenoid_1_FieldVolume
2.777639,-12.062958,797.397272,-0.000000,0.000000,20.469558,pi+,1800.212689,Solenoid_1_FieldVolume
-37.652487,-33.633990,4215.500000,-0.318613,-0.284608,6.298326,mu+,1380.869994,Solenoid_1_FieldVolume
46.612767,103.560687,8510.000000,0.192088,0.426768,3.149163,mu+,1379.254153,Solenoid_1_FieldVolume
31.175143,-103.269615,12390.000000,0.064235,-0.212784,1.574581,mu+,1377.704676,Solenoid_1_FieldVolume
-211.097014,-112.561556,16640.000000,-0.434959,-0.231930,1.574581,mu+,1376.960568,Solenoid_1_FieldVolume
-87.183770,-41.494585,-1300.000000,2.606434,1.240516,20.469558,pi+,272.334035,Solenoid_1_FieldVolume
-3.981287,18.877202,-470.000000,-0.106643,0.505647,20.469558,pi-,727.242674,Solenoid_1_FieldVolume
-34.793770,-60.618232,3780.000000,-0.430149,-0.749413,9.447488,pi-,726.527367,Solenoid_1_FieldVolume
-20.161741,-38.007620,380.000000,-0.540055,-1.018077,20.469558,pi+,325.263117,Solenoid_1_FieldVolume
-116.731116,-107.449888,4215.500000,-0.987771,-0.909234,6.298326,pi+,323.797054,Solenoid_1_FieldVolume
109.948976,-153.981267,-470.000000,2.945107,-4.124561,20.469558,pi-,961.612235,Solenoid_1_FieldVolume
90.304603,-93.815961,3780.000000,1.116420,-1.159830,9.447488,pi-,764.015941,Solenoid_1_FieldVolume
-46.787261,157.707757,2080.000000,-0.771230,2.599618,12.596651,pi-,514.725864,Solenoid_1_FieldVolume
-234.394774,-75.095630,-470.000000,-6.278527,-2.011521,20.469558,pi+,995.302922,Solenoid_1_FieldVolume
-287.161758,-120.157723,1230.000000,-7.691950,-3.218559,20.469558,mu-,168.508915,Solenoid_1_FieldVolume
287.949342,-51.144608,-470.000000,7.713046,-1.369966,20.469558,pi-,382.848188,Solenoid_1_FieldVolume
-0.945125,186.986825,2080.000000,-0.015579,3.082247,12.596651,mu-,130.274177,Solenoid_1_FieldVolume
27.001591,-172.937945,3780.000000,0.333816,-2.138002,9.447488,pi+,259.704733,Solenoid_1_FieldVolume
19.017560,78.923860,1230.000000,0.509407,2.114064,20.469558,pi-,793.709961,Solenoid_1_FieldVolume
66.554552,-155.879070,2930.000000,0.959936,-2.248290,11.022070,pi+,1020.681399,Solenoid_1_FieldVolume
-6.016397,-443.225085,6810.000000,-0.024793,-1.826505,3.149163,pi+,935.855304,Solenoid_1_FieldVolume
34.548033,-193.657023,1230.000000,0.925408,-5.187320,20.469558,pi-,213.246820,Solenoid_1_FieldVolume
385.472813,54.572912,-470.000000,10.325321,1.461797,20.469558,pi+,433.958316,Solenoid_1_FieldVolume
42.776218,-70.096860,380.000000,1.145809,-1.877623,20.469558,mu-,127.617981,Solenoid_1_FieldVolume
34.676308,-22.863191,1230.000000,0.928844,-0.612416,20.469558,pi-,437.848431,Solenoid_1_FieldVolume
-362.896021,-523.266087,-470.000000,-9.720577,-14.016269,20.469558,mu+,413.208664,Solenoid_1_FieldVolume
-47.609804,15.101931,1250.000000,0.875899,-0.277837,12.596651,pi+,221.598944,Solenoid_1_FieldVolume
-20.501858,-176.788316,2930.000000,-0.295704,-2.549870,11.022070,pi+,735.388683,Solenoid_1_FieldVolume
28.018525,8.057620,380.000000,0.750508,0.215832,20.469558,pi-,741.025385,Solenoid_1_FieldVolume
32.195358,5.181909,4215.500000,0.272435,0.043849,6.298326,pi-,739.758133,Solenoid_1_FieldVolume
29.955446,-6.359438,8331.446366,-0.000000,0.000000,3.149163,pi-,738.637560,Solenoid_1_FieldVolume
66.734598,42.414541,11540.500000,0.141176,0.089727,1.574581,mu-,566.364175,Solenoid_1_FieldVolume
-13.139460,-65.191968,15790.000000,-0.027073,-0.134326,1.574581,mu-,565.613503,Solenoid_1_FieldVolume
21.063289,64.231903,380.000000,0.564204,1.720524,20.469558,pi-,1016.387729,Solenoid_1_FieldVolume
-11.292460,-29.938209,4215.500000,-0.095556,-0.253335,6.298326,pi-,1014.894335,Solenoid_1_FieldVolume
-11.227399,179.857285,8510.000000,-0.046267,0.741181,3.149163,pi-,1013.726008,Solenoid_1_FieldVolume
164.713921,-247.297838,12390.000000,0.339388,-0.509550,1.574581,pi-,1012.444121,Solenoid_1_FieldVolume
30.376097,57.817875,1230.000000,0.813658,1.548717,20.469558,pi+,552.520888,Solenoid_1_FieldVolume
69.026261,-111.941676,5110.500000,0.584095,-0.947243,6.298326,pi+,550.865790,Solenoid_1_FieldVolume
-56.572488,-28.047866,9360.000000,-0.233132,-0.115584,3.149163,pi+,549.858567,Solenoid_1_FieldVolume
677.644543,-31.274749,13240.000000,1.396267,-0.064441,1.574581,pi+,481.393411,Solenoid_1_FieldVolume
373.934881,291.127824,1230.000000,10.016265,7.798185,20.469558,pi-,614.542855,Solenoid_1_FieldVolume
26.193668,81.725534,380.000000,0.701627,2.189110,20.469558,pi+,957.268835,Solenoid_1_FieldVolume
-19.258738,-112.164478,-470.000000,-0.515867,-3.004451,20.469558,pi-,1185.921714,Solenoid_1_FieldVolume
-137.113003,-29.727903,3780.000000,-1.695104,-0.367521,9.447488,pi-,1150.724322,Solenoid_1_FieldVolume
-32.382917,225.098651,-470.000000,-0.867413,6.029520,20.469558,pi+,490.965548,Solenoid_1_FieldVolume
28.518012,255.956507,2930.000000,0.411324,3.691736,11.022070,mu+,316.455421,Solenoid_1_FieldVolume
-11.778885,-88.720751,2080.000000,-0.194160,-1.462452,12.596651,pi-,207.943365,Solenoid_1_FieldVolume
-53.196747,-30.486141,2080.000000,-0.876883,-0.502526,12.596651,pi-,485.220762,Solenoid_1_FieldVolume
-43.262003,71.453276,380.000000,-1.158821,1.913956,20.469558,pi+,350.923865,Solenoid_1_FieldVolume
-57.567815,113.676951,4215.500000,-0.487135,0.961926,6.298326,pi+,349.979254,Solenoid_1_FieldVolume
92.781171,165.725727,8510.000000,0.382346,0.682946,3.149163,pi+,348.742675,Solenoid_1_FieldVolume
153.069862,-130.085730,12390.000000,0.315396,-0.268038,1.574581,pi+,347.232720,Solenoid_1_FieldVolume
164.876876,4.575009,15790.000000,0.339724,0.009427,1.574581,mu+,325.849830,Solenoid_1_FieldVolume
-19.682525,170.178399,-470.000000,-0.527218,4.558419,20.469558,pi-,859.224177,Solenoid_1_FieldVolume
-98.148848,252.693509,3780.000000,-1.213397,3.124006,9.447488,pi-,750.536954,Solenoid_1_FieldVolume
-1.185136,88.948806,2080.000000,-0.019536,1.466211,12.596651,pi+,1507.602456,Solenoid_1_FieldVolume
-208.313168,-5.144270,5960.000000,-1.287670,-0.031799,4.723744,pi+,1506.144513,Solenoid_1_FieldVolume
-11.584021,-29.146068,1230.000000,-0.310291,-0.780710,20.469558,pi+,513.326248,Solenoid_1_FieldVolume
-147.778988,22.400288,5110.500000,-1.250496,0.189550,6.298326,pi+,512.037600,Solenoid_1_FieldVolume
-33.298514,27.561467,9360.000000,-0.137221,0.113579,3.149163,pi+,511.402760,Solenoid_1_FieldVolume
-354.610952,94.638049,13240.000000,-0.730666,0.194999,1.574581,pi+,478.125762,Solenoid_1_FieldVolume
-326.456355,-296.383573,17490.000000,-0.672654,-0.610690,1.574581,pi+,375.407446,Solenoid_1_FieldVolume
-60.501366,-120.728592,2080.000000,-0.997290,-1.990062,12.596651,pi+,1029.754637,Solenoid_1_FieldVolume
71.867463,62.696898,1230.000000,1.925051,1.679407,20.469558,pi-,611.445321,Solenoid_1_FieldVolume
123.982353,14.088229,-470.000000,3.321006,0.377369,20.469558,pi-,573.714378,Solenoid_1_FieldVolume
-19.588576,-164.928594,2930.000000,-0.282532,-2.378814,11.022070,mu-,557.701549,Solenoid_1_FieldVolume
13.315610,-9.941744,-470.000000,0.356674,-0.266301,20.469558,pi-,803.257467,Solenoid_1_FieldVolume
-75.226028,-150.906769,14940.000000,-0.155001,-0.310939,1.574581,pi-,758.633183,Solenoid_1_FieldVolume
-399.802847,-574.593494,16347.076299,0.000000,0.000000,1.574581,pi-,211.669925,Solenoid_1_FieldVolume
295.930007,-91.612719,15790.000000,0.609755,-0.188765,1.574581,pi+,2043.756188,Solenoid_1_FieldVolume
-125.642910,-24.765017,2800.198831,0.000000,0.000000,11.022070,pi-,471.906701,Solenoid_1_FieldVolume
5.902980,-14.272573,-470.000000,0.158118,-0.382307,20.469558,pi+,692.561035,Solenoid_1_FieldVolume
44.250235,26.753396,3780.000000,0.547058,0.330748,9.447488,pi+,689.694775,Solenoid_1_FieldVolume
119.575513,4.065671,7660.000000,0.492764,0.016754,3.149163,pi+,688.558525,Solenoid_1_FieldVolume
-52.816519,85.847475,11540.500000,-0.111732,0.181609,1.574581,pi+,687.421885,Solenoid_1_FieldVolume
-13.841745,30.249873,2080.000000,-0.228164,0.498632,12.596651,pi+,585.025350,Solenoid_1_FieldVolume
87.755816,11.146199,1230.000000,2.350638,0.298563,20.469558,pi-,956.149878,Solenoid_1_FieldVolume
77.370821,-272.465221,5110.500000,0.654707,-2.305582,6.298326,pi-,954.841355,Solenoid_1_FieldVolume
442.526779,-543.019613,6169.778641,-0.000000,0.000000,3.149163,pi-,364.538756,Solenoid_1_FieldVolume
21.675766,-80.205152,-470.000000,0.580610,-2.148385,20.469558,pi-,818.863318,Solenoid_1_FieldVolume
50.509342,-6.762663,3780.000000,0.624438,-0.083606,9.447488,pi-,818.138684,Solenoid_1_FieldVolume
51.292198,-18.396020,7660.000000,0.211372,-0.075809,3.149163,pi-,746.270693,Solenoid_1_FieldVolume
78.637190,-12.436101,-1193.919264,-0.000000,0.000000,20.469558,pi-,180.704012,Solenoid_1_FieldVolume
1.574801,21.451436,380.000000,0.042183,0.574601,20.469558,pi+,1497.903039,Solenoid_1_FieldVolume
-104.388196,104.271168,4215.500000,-0.883326,0.882335,6.298326,pi+,1497.143750,Solenoid_1_FieldVolume
45.207861,23.140253,-470.000000,1.210943,0.619838,20.469558,pi-,477.457551,Solenoid_1_FieldVolume
21.898325,29.080278,3780.000000,0.270725,0.359514,9.447488,pi-,476.704556,Solenoid_1_FieldVolume
361.989716,-72.593889,-470.000000,9.696300,-1.944509,20.469558,pi-,771.561514,Solenoid_1_FieldVolume
310.870277,-32.720431,3780.000000,3.843235,-0.404517,9.447488,pi-,516.546831,Solenoid_1_FieldVolume
15.861872,-322.785799,7660.000000,0.065366,-1.330181,3.149163,pi-,446.844679,Solenoid_1_FieldVolume
175.303769,88.567383,-470.000000,4.695708,2.372377,20.469558,pi+,641.928173,Solenoid_1_FieldVolume
84.806793,149.952995,3780.000000,1.048452,1.853843,9.447488,pi+,557.138430,Solenoid_1_FieldVolume
-52.514946,8.686119,380.000000,-1.406672,0.232667,20.469558,pi+,718.264773,Solenoid_1_FieldVolume
-36.792510,176.139159,4215.500000,-0.311336,1.490477,6.298326,pi+,717.483200,Solenoid_1_FieldVolume
7.439530,13.894624,380.000000,0.199276,0.372183,20.469558,pi+,1600.893033,Solenoid_1_FieldVolume
-63.873109,27.608032,4215.500000,-0.540490,0.233617,6.298326,pi+,1600.169911,Solenoid_1_FieldVolume
191.519424,91.691159,8510.000000,0.789240,0.377854,3.149163,pi+,1598.914762,Solenoid_1_FieldVolume
47.565660,-188.915282,12390.000000,0.098008,-0.389254,1.574581,pi+,1597.853154,Solenoid_1_FieldVolume
-327.156191,-125.271930,16640.000000,-0.674096,-0.258119,1.574581,pi+,1564.648930,Solenoid_1_FieldVolume
-325.072654,-266.928584,-470.000000,-8.707436,-7.149981,20.469558,pi+,743.408287,Solenoid_1_FieldVolume
-400.524009,-403.406234,3780.000000,-4.951608,-4.987241,9.447488,pi+,455.347392,Solenoid_1_FieldVolume
109.417953,-64.806526,380.000000,2.930883,-1.735915,20.469558,pi+,645.588136,Solenoid_1_FieldVolume
175.360686,-188.182604,4215.500000,1.483890,-1.592388,6.298326,pi+,583.465027,Solenoid_1_FieldVolume
-214.884240,518.708209,-470.000000,-5.755915,13.894181,20.469558,mu+,482.327984,Solenoid_1_FieldVolume
-222.407651,482.080935,3780.000000,-2.749587,5.959882,9.447488,mu+,182.138574,Solenoid_1_FieldVolume
58.668086,-74.573919,-470.000000,1.571490,-1.997546,20.469558,pi-,760.992511,Solenoid_1_FieldVolume
43.158249,-90.801577,3780.000000,0.533558,-1.122564,9.447488,pi-,760.278821,Solenoid_1_FieldVolume
14.855445,-127.347070,7660.000000,0.061218,-0.524790,3.149163,pi-,697.757016,Solenoid_1_FieldVolume
88.353697,-76.061584,11540.500000,0.186911,-0.160907,1.574581,pi-,655.856796,Solenoid_1_FieldVolume
107.674040,-222.502978,15790.000000,0.221859,-0.458461,1.574581,pi-,619.411035,Solenoid_1_FieldVolume
-124.919563,-129.391724,-470.000000,-3.346111,-3.465902,20.469558,mu+,166.212226,Solenoid_1_FieldVolume
77.921433,37.706583,-470.000000,2.087213,1.010013,20.469558,pi+,441.042147,Solenoid_1_FieldVolume
230.854606,0.171850,3780.000000,2.854015,0.002125,9.447488,pi+,383.573506,Solenoid_1_FieldVolume
-21.216298,14.322948,2080.000000,-0.349725,0.236096,12.596651,pi+,508.049453,Solenoid_1_FieldVolume
67.778943,-83.480009,5960.000000,0.418970,-0.516024,4.723744,pi+,463.234605,Solenoid_1_FieldVolume
65.916694,-31.026272,1230.000000,1.765653,-0.831073,20.469558,pi-,1057.448399,Solenoid_1_FieldVolume
-148.986914,156.402708,5110.500000,-1.260717,1.323469,6.298326,pi-,1000.765583,Solenoid_1_FieldVolume
207.722245,154.512198,9360.000000,0.856011,0.636736,3.149163,pi-,916.355660,Solenoid_1_FieldVolume
13.531582,-30.315333,2930.000000,0.195170,-0.437247,11.022070,pi-,694.568840,Solenoid_1_FieldVolume
-21.822147,10.981364,-470.000000,-0.584531,0.294148,20.469558,pi+,692.048842,Solenoid_1_FieldVolume
-11.259096,115.826982,3780.000000,-0.139194,1.431949,9.447488,pi+,690.486748,Solenoid_1_FieldVolume
23.077446,-58.897672,1230.000000,0.618155,-1.577640,20.469558,mu-,124.013110,Solenoid_1_FieldVolume
-126.508373,-30.522659,2080.000000,-2.085335,-0.503128,12.596651,mu+,410.692146,Solenoid_1_FieldVolume
-237.154905,-0.024141,-470.000000,-6.352460,-0.000647,20.469558,pi-,1380.133194,Solenoid_1_FieldVolume
-174.511249,61.209708,380.000000,-4.674479,1.639571,20.469558,pi-,537.014993,Solenoid_1_FieldVolume
-184.195801,160.406335,4215.500000,-1.558652,1.357347,6.298326,pi-,366.814851,Solenoid_1_FieldVolume
-15.993096,-14.430006,380.000000,-0.428393,-0.386524,20.469558,mu+,325.396915,Solenoid_1_FieldVolume
8.050239,40.750988,4215.500000,0.068121,0.344832,6.298326,mu+,324.659371,Solenoid_1_FieldVolume
93.847849,-176.749324,8510.000000,0.386742,-0.728374,3.149163,mu+,323.398950,Solenoid_1_FieldVolume
-229.699452,134.187754,12390.000000,-0.473289,0.276490,1.574581,mu+,322.267562,Solenoid_1_FieldVolume
-246.665940,-22.987262,15790.000000,-0.508248,-0.047365,1.574581,mu+,317.435121,Solenoid_1_FieldVolume
-109.626351,124.299249,-470.000000,-2.936465,3.329495,20.469558,pi-,745.374986,Solenoid_1_FieldVolume
-93.150584,180.811356,2930.000000,-1.343538,2.607895,11.022070,pi-,189.281017,Solenoid_1_FieldVolume
90.149848,-76.942584,380.000000,2.414765,-2.060993,20.469558,pi+,469.262490,Solenoid_1_FieldVolume
85.262148,-278.579491,4215.500000,0.721482,-2.357320,6.298326,pi+,467.415206,Solenoid_1_FieldVolume
-10.125688,75.493596,-612.785150,0.000000,-0.000000,20.469558,pi+,162.232163,Solenoid_1_FieldVolume
-30.522179,71.393844,1922.403740,0.000000,-0.000000,12.596651,mu+,114.122882,Solenoid_1_FieldVolume
-29.733925,59.265205,3557.675899,0.000000,-0.000000,9.447488,mu+,110.828047,Solenoid_1_FieldVolume
6.273201,85.854274,4154.623965,-0.000000,-0.000000,6.298326,mu+,108.662574,Solenoid_1_FieldVolume
-118.092485,-26.228411,2080.000000,-1.946609,-0.432343,12.596651,pi-,217.464477,Solenoid_1_FieldVolume
178.602125,103.735269,5960.000000,1.104013,0.641230,4.723744,pi-,195.855055,Solenoid_1_FieldVolume
51.605326,4.781206,380.000000,1.382307,0.128070,20.469558,pi-,563.851707,Solenoid_1_FieldVolume
-12.624586,27.568037,4215.500000,-0.106828,0.233279,6.298326,pi-,563.011235,Solenoid_1_FieldVolume
-143.056644,-203.565155,8510.000000,-0.589528,-0.838880,3.149163,pi-,561.678933,Solenoid_1_FieldVolume
542.098513,-201.905596,-470.000000,14.520716,-5.408268,20.469558,pi-,178.433587,Solenoid_1_FieldVolume
-49.463297,-150.229440,-470.000000,-1.324930,-4.024064,20.469558,pi+,634.738911,Solenoid_1_FieldVolume
80.245541,-99.277877,3780.000000,0.992062,-1.227355,9.447488,pi+,531.609944,Solenoid_1_FieldVolume
156.792577,20.548227,2080.000000,2.584532,0.338712,12.596651,pi+,1169.287402,Solenoid_1_FieldVolume
341.668090,55.332553,380.000000,9.151963,1.482144,20.469558,pi+,266.510653,Solenoid_1_FieldVolume
115.878799,97.679928,1230.000000,3.103944,2.616466,20.469558,pi+,1206.712838,Solenoid_1_FieldVolume
-51.612539,50.923949,5110.500000,-0.436742,0.430915,6.298326,pi+,1205.371734,Solenoid_1_FieldVolume
8.948725,27.056175,-470.000000,0.239702,0.724730,20.469558,pi+,650.195191,Solenoid_1_FieldVolume
2.020623,42.669139,2930.000000,0.029144,0.615430,11.022070,mu+,528.905889,Solenoid_1_FieldVolume
1.273091,56.087166,6810.000000,0.005246,0.231132,3.149163,mu+,527.199037,Solenoid_1_FieldVolume
9.000611,69.843339,10645.500000,0.038081,0.295505,3.149163,mu+,525.731092,Solenoid_1_FieldVolume
106.068476,-14.506219,14940.000000,0.218551,-0.029890,1.574581,mu+,524.800335,Solenoid_1_FieldVolume
167.309500,96.308240,1230.000000,4.481573,2.579724,20.469558,pi-,1177.455658,Solenoid_1_FieldVolume
38.021563,-146.749762,380.000000,1.018450,-3.930857,20.469558,mu+,162.997965,Solenoid_1_FieldVolume
-97.477441,-253.006556,2930.000000,-1.405946,-3.649188,11.022070,pi+,1292.497306,Solenoid_1_FieldVolume
-138.186518,-24.871139,-586.979455,0.000000,0.000000,20.469558,pi+,1185.238089,Solenoid_1_FieldVolume
-96.116359,37.672614,2080.000000,-1.584360,0.620987,12.596651,mu+,718.632690,Solenoid_1_FieldVolume
-24.989281,-79.108435,-470.000000,-0.669366,-2.119008,20.469558,pi-,708.551576,Solenoid_1_FieldVolume
16.699936,-95.413639,3780.000000,0.206458,-1.179582,9.447488,pi-,707.814747,Solenoid_1_FieldVolume
68.223909,-81.473290,7660.000000,0.281147,-0.335747,3.149163,pi-,706.614467,Solenoid_1_FieldVolume
-112.123694,-147.293039,11540.500000,-0.237196,-0.311596,1.574581,pi-,705.333253,Solenoid_1_FieldVolume
208.319525,51.736561,15790.000000,0.429236,0.106602,1.574581,pi-,591.228273,Solenoid_1_FieldVolume
6.383263,40.384166,1230.000000,0.170983,1.081735,20.469558,pi-,2837.060506,Solenoid_1_FieldVolume
17.386978,74.577167,2930.000000,0.250778,1.075648,11.022070,pi-,616.573962,Solenoid_1_FieldVolume
18.256755,-37.805559,1230.000000,0.489028,-1.012664,20.469558,pi+,1638.689664,Solenoid_1_FieldVolume
58.361930,-106.073876,5110.500000,0.493855,-0.897590,6.298326,pi+,1637.445597,Solenoid_1_FieldVolume
-230.065164,-40.250075,9360.000000,-0.948085,-0.165868,3.149163,pi+,1601.683563,Solenoid_1_FieldVolume
28.105614,9.915089,2080.000000,0.463286,0.163438,12.596651,pi-,340.200990,Solenoid_1_FieldVolume
-76.604950,76.115910,5960.000000,-0.473527,0.470504,4.723744,pi-,338.353217,Solenoid_1_FieldVolume
-103.467983,66.218679,10210.000000,-0.426386,0.272883,3.149163,pi-,337.469155,Solenoid_1_FieldVolume
-3.295718,61.066806,14090.000000,-0.006791,0.125826,1.574581,pi-,336.161923,Solenoid_1_FieldVolume
5.259300,76.890143,-470.000000,0.140876,2.059589,20.469558,pi+,368.336118,Solenoid_1_FieldVolume
71.425858,98.978554,2930.000000,1.030196,1.427597,11.022070,mu+,197.500953,Solenoid_1_FieldVolume
82.940049,-10.222405,-470.000000,2.221642,-0.273819,20.469558,pi-,852.872272,Solenoid_1_FieldVolume
23.964383,-134.022762,3780.000000,0.296267,-1.656900,9.447488,pi-,852.099472,Solenoid_1_FieldVolume
-83.508224,-58.180501,7660.000000,-0.344132,-0.239758,3.149163,pi-,779.535014,Solenoid_1_FieldVolume
-37.587327,15.432405,1230.000000,-1.006819,0.413374,20.469558,pi-,393.019561,Solenoid_1_FieldVolume
-86.978491,83.623494,4215.500000,-0.736006,0.707616,6.298326,mu-,244.262018,Solenoid_1_FieldVolume
-6.931860,-127.460470,2080.000000,-0.114263,-2.101029,12.596651,pi+,431.442179,Solenoid_1_FieldVolume
79.297211,-2.118844,5960.000000,0.490169,-0.013097,4.723744,pi+,389.286399,Solenoid_1_FieldVolume
218.625160,51.890012,10210.000000,0.900942,0.213836,3.149163,pi+,322.783169,Solenoid_1_FieldVolume
-57.651944,30.453380,380.000000,-1.544272,0.815728,20.469558,pi-,253.456700,Solenoid_1_FieldVolume
-103.409016,-10.457052,3780.000000,-1.278428,-0.129279,9.447488,mu-,156.705273,Solenoid_1_FieldVolume
552.438964,430.710391,3863.835198,-0.000000,-0.000000,6.298326,pi-,543.618783,Solenoid_1_FieldVolume
8.078461,-21.100815,380.000000,0.216391,-0.565209,20.469558,pi-,1465.174303,Solenoid_1_FieldVolume
111.765826,-9.354890,4215.500000,0.945755,-0.079160,6.298326,pi-,1464.027912,Solenoid_1_FieldVolume
68.493398,-7.333309,2930.000000,0.987900,-0.105770,11.022070,pi+,423.434001,Solenoid_1_FieldVolume
105.289710,7.735654,-470.000000,2.820303,0.207208,20.469558,pi-,475.225889,Solenoid_1_FieldVolume
54.681822,48.150920,2930.000000,0.788692,0.694495,11.022070,mu-,357.422887,Solenoid_1_FieldVolume
2.217398,-59.721627,2930.000000,0.031982,-0.861383,11.022070,pi+,685.467526,Solenoid_1_FieldVolume
59.686404,-35.264409,6810.000000,0.245964,-0.145323,3.149163,pi+,652.155099,Solenoid_1_FieldVolume
54.779860,-29.409375,10628.926202,-0.000000,0.000000,3.149163,pi+,615.374726,Solenoid_1_FieldVolume
-90.391279,48.676952,14090.000000,-0.186249,0.100297,1.574581,mu+,327.397789,Solenoid_1_FieldVolume
-24.176604,32.337159,2080.000000,-0.398522,0.533038,12.596651,mu+,188.435530,Solenoid_1_FieldVolume
10.951260,12.095684,380.000000,0.293342,0.323996,20.469558,pi-,1010.719327,Solenoid_1_FieldVolume
-11.329771,22.492901,4215.500000,-0.095872,0.190333,6.298326,pi-,1009.928487,Solenoid_1_FieldVolume
42.096005,16.397878,8510.000000,0.173475,0.067575,3.149163,pi-,1008.538643,Solenoid_1_FieldVolume
-73.080767,-7.177323,12390.000000,-0.150581,-0.014789,1.574581,pi-,1007.477499,Solenoid_1_FieldVolume
7.258412,-129.049866,16640.000000,0.014956,-0.265903,1.574581,pi-,1006.557275,Solenoid_1_FieldVolume
-57.436050,232.248414,380.000000,-1.538489,6.221034,20.469558,pi+,191.377039,Solenoid_1_FieldVolume
213.950547,-224.682763,-470.000000,5.730905,-6.018380,20.469558,mu+,181.990926,Solenoid_1_FieldVolume
-141.660012,78.629240,-470.000000,-3.794522,2.106172,20.469558,pi+,1649.820421,Solenoid_1_FieldVolume
-88.046176,38.394874,1230.000000,-2.358416,1.028450,20.469558,pi-,491.646441,Solenoid_1_FieldVolume
-31.280314,-181.783187,5110.500000,-0.264692,-1.538237,6.298326,pi-,489.864311,Solenoid_1_FieldVolume
3.690902,-258.311606,9360.000000,0.015210,-1.064487,3.149163,pi-,348.628026,Solenoid_1_FieldVolume
-24.288091,2.331263,2080.000000,-0.400359,0.038428,12.596651,pi+,511.337584,Solenoid_1_FieldVolume
-35.664379,62.838946,2080.000000,-0.587883,1.035823,12.596651,pi+,363.120706,Solenoid_1_FieldVolume
-114.746124,-4.408546,380.000000,-3.073604,-0.118088,20.469558,pi+,461.382790,Solenoid_1_FieldVolume
-281.779653,67.604156,4215.500000,-2.384400,0.572062,6.298326,pi+,460.134773,Solenoid_1_FieldVolume
19.011586,26.010472,2930.000000,0.274210,0.375157,11.022070,pi+,731.309449,Solenoid_1_FieldVolume
-29.435745,128.397882,6810.000000,-0.121303,0.529120,3.149163,pi+,729.942016,Solenoid_1_FieldVolume
-119.274674,-40.248828,10645.500000,-0.504647,-0.170291,3.149163,pi+,729.096975,Solenoid_1_FieldVolume
492.032466,298.498467,14898.249141,-0.000000,-0.000000,1.574581,pi+,619.255184,Solenoid_1_FieldVolume
-88.038407,-79.082668,1230.000000,-2.358207,-2.118318,20.469558,pi-,1845.070177,Solenoid_1_FieldVolume
-215.440870,-103.621836,5110.500000,-1.823046,-0.876841,6.298326,pi-,1843.622608,Solenoid_1_FieldVolume
204.542808,-48.982068,-470.000000,5.478908,-1.312040,20.469558,pi+,815.034143,Solenoid_1_FieldVolume
74.012617,-49.780721,3780.000000,0.915005,-0.615430,9.447488,pi+,637.900762,Solenoid_1_FieldVolume
341.262896,-34.461976,-470.000000,9.141109,-0.923103,20.469558,pi-,213.947664,Solenoid_1_FieldVolume
294.367475,-122.472432,329.325283,-0.000000,0.000000,20.469558,pi+,395.081711,Solenoid_1_FieldVolume
236.035977,-170.573045,3780.000000,2.918072,-2.108765,9.447488,mu+,177.039960,Solenoid_1_FieldVolume
-36.565693,104.132015,380.000000,-0.979453,2.789293,20.469558,pi-,1161.545118,Solenoid_1_FieldVolume
-100.578632,117.745480,4215.500000,-0.851089,0.996354,6.298326,pi-,1160.774030,Solenoid_1_FieldVolume
188.269976,3.839920,8510.000000,0.775850,0.015824,3.149163,pi-,1159.254961,Solenoid_1_FieldVolume
-110.551226,104.135226,-470.000000,-2.961239,2.789379,20.469558,pi+,998.096260,Solenoid_1_FieldVolume
-254.976769,246.119536,3780.000000,-3.152233,3.042733,9.447488,pi+,917.559917,Solenoid_1_FieldVolume
-355.991850,160.451564,-470.000000,-9.535641,4.297875,20.469558,mu+,221.636039,Solenoid_1_FieldVolume
73.320866,40.380716,-470.000000,1.963982,1.081643,20.469558,pi+,273.465555,Solenoid_1_FieldVolume
86.704347,41.884784,2930.000000,1.250562,0.604117,11.022070,mu+,208.822702,Solenoid_1_FieldVolume
114.734151,-31.087306,6810.000000,0.472813,-0.128109,3.149163,mu+,205.550449,Solenoid_1_FieldVolume
-36.395980,-70.076347,10645.500000,-0.153990,-0.296491,3.149163,mu+,204.284614,Solenoid_1_FieldVolume
-16.653275,-18.639821,2080.000000,-0.274509,-0.307254,12.596651,pi-,544.439995,Solenoid_1_FieldVolume
-27.830855,-43.430028,5960.000000,-0.172034,-0.268459,4.723744,pi-,543.202574,Solenoid_1_FieldVolume
-12.034477,-5.116295,10210.000000,-0.049593,-0.021084,3.149163,pi-,542.475535,Solenoid_1_FieldVolume
-150.452962,-56.724406,14090.000000,-0.310004,-0.116879,1.574581,pi-,541.466262,Solenoid_1_FieldVolume
-92.014099,-14.016194,17490.000000,-0.189592,-0.028880,1.574581,mu-,493.434173,Solenoid_1_FieldVolume
-74.742882,21.061457,1230.000000,-2.002072,0.564155,20.469558,pi+,993.329684,Solenoid_1_FieldVolume
62.707192,-246.178060,5110.500000,0.530624,-2.083142,6.298326,pi+,992.096607,Solenoid_1_FieldVolume
303.535456,21.048766,9360.000000,1.250852,0.086741,3.149163,pi+,772.749167,Solenoid_1_FieldVolume
35.499121,-152.337060,-470.000000,0.950884,-4.080519,20.469558,pi+,556.209337,Solenoid_1_FieldVolume
162.003682,142.358762,-470.000000,4.339450,3.813239,20.469558,pi-,332.327506,Solenoid_1_FieldVolume
201.082868,-74.994846,2080.000000,3.314603,-1.236198,12.596651,mu+,253.067374,Solenoid_1_FieldVolume
-9.104847,45.834999,2080.000000,-0.150082,0.755533,12.596651,pi-,457.174660,Solenoid_1_FieldVolume
-11.802068,34.610021,2930.000000,-0.170225,0.499191,11.022070,pi-,438.331566,Solenoid_1_FieldVolume
-6.906187,-32.244175,1230.000000,-0.184990,-0.863696,20.469558,pi+,318.005283,Solenoid_1_FieldVolume
-55.308166,34.369989,380.000000,-1.481491,0.920639,20.469558,mu+,167.111664,Solenoid_1_FieldVolume
-159.992121,38.637029,4215.500000,-1.353842,0.326944,6.298326,mu+,165.622038,Solenoid_1_FieldVolume
-55.844494,-13.851166,2080.000000,-0.920528,-0.228319,12.596651,pi-,1001.583711,Solenoid_1_FieldVolume
75.595578,66.337609,5960.000000,0.467287,0.410060,4.723744,pi-,999.995238,Solenoid_1_FieldVolume
-88.650772,-90.912363,10210.000000,-0.365325,-0.374645,3.149163,pi-,999.297894,Solenoid_1_FieldVolume
258.337406,115.457761,14090.000000,0.532297,0.237897,1.574581,pi-,998.307895,Solenoid_1_FieldVolume
161.859956,-123.201424,786.505859,-0.000000,0.000000,20.469558,pi+,488.836710,Solenoid_1_FieldVolume
166.912027,-159.025767,4215.500000,1.412398,-1.345665,6.298326,mu+,210.530274,Solenoid_1_FieldVolume
103.843401,71.560132,2080.000000,1.711730,1.179581,12.596651,pi-,460.584164,Solenoid_1_FieldVolume
-28.298562,-11.803607,380.000000,-0.758009,-0.316173,20.469558,pi-,287.158378,Solenoid_1_FieldVolume
19.473170,0.771518,4215.500000,0.164781,0.006529,6.298326,pi-,286.184123,Solenoid_1_FieldVolume
56.704993,62.107111,8510.000000,0.233678,0.255940,3.149163,pi-,284.407846,Solenoid_1_FieldVolume
-3.928433,-42.020654,2080.000000,-0.064755,-0.692659,12.596651,pi+,385.146840,Solenoid_1_FieldVolume
42.287619,-12.923140,2930.000000,0.609927,-0.186394,11.022070,pi-,485.992624,Solenoid_1_FieldVolume
-30.773820,-42.157678,2080.000000,-0.507268,-0.694917,12.596651,pi+,911.437926,Solenoid_1_FieldVolume
135.374703,282.655991,5960.000000,0.836807,1.747213,4.723744,pi+,876.978360,Solenoid_1_FieldVolume
7.367375,314.426766,10210.000000,0.030361,1.295734,3.149163,pi+,684.332403,Solenoid_1_FieldVolume
-99.537514,136.261292,2080.000000,-1.640753,2.246099,12.596651,pi+,780.663787,Solenoid_1_FieldVolume
37.046057,-2.034515,380.000000,0.992320,-0.054497,20.469558,pi+,864.387862,Solenoid_1_FieldVolume
39.643675,-159.547128,3780.000000,0.490108,-1.972453,9.447488,mu+,857.114969,Solenoid_1_FieldVolume
-58.054546,-174.247378,7660.000000,-0.239239,-0.718063,3.149163,mu+,768.613910,Solenoid_1_FieldVolume
223.563262,-5.217198,11540.500000,0.472944,-0.011037,1.574581,mu+,419.981526,Solenoid_1_FieldVolume
171.899719,-306.947977,15790.000000,0.354194,-0.632457,1.574581,mu+,291.901958,Solenoid_1_FieldVolume
-59.336431,-40.682634,-470.000000,-1.589393,-1.089730,20.469558,pi-,337.796711,Solenoid_1_FieldVolume
-72.587227,12.972859,3780.000000,-0.897383,0.160381,9.447488,pi-,335.865396,Solenoid_1_FieldVolume
-152.045955,112.781923,787.164997,0.000000,-0.000000,20.469558,mu-,294.176454,Solenoid_1_FieldVolume
-211.174631,39.758217,2080.000000,-3.480953,0.655365,12.596651,pi+,778.831215,Solenoid_1_FieldVolume
-153.481998,-51.042964,5110.500000,-1.298754,-0.431922,6.298326,mu+,694.456896,Solenoid_1_FieldVolume
-219.715937,-98.306342,9360.000000,-0.905437,-0.405115,3.149163,mu+,613.576140,Solenoid_1_FieldVolume
-27.540895,-102.557719,13240.000000,-0.056747,-0.211317,1.574581,mu+,612.374558,Solenoid_1_FieldVolume
-240.663507,-119.548111,17490.000000,-0.495880,-0.246325,1.574581,mu+,611.652423,Solenoid_1_FieldVolume
-54.918484,-125.800062,2080.000000,-0.905263,-2.073659,12.596651,mu+,171.115036,Solenoid_1_FieldVolume
-29.212726,187.715636,2080.000000,-0.481536,3.094261,12.596651,pi+,169.993562,Solenoid_1_FieldVolume
179.150420,29.295039,380.000000,4.798745,0.784700,20.469558,pi+,495.613789,Solenoid_1_FieldVolume
159.894908,21.924805,3780.000000,1.976753,0.271053,9.447488,mu+,268.807454,Solenoid_1_FieldVolume
-40.650206,19.071339,380.000000,-1.088861,0.510847,20.469558,pi+,234.723833,Solenoid_1_FieldVolume
-16.453375,25.515907,3780.000000,-0.203410,0.315449,9.447488,mu+,213.343311,Solenoid_1_FieldVolume
44.338240,133.479239,7660.000000,0.182715,0.550060,3.149163,mu+,212.098872,Solenoid_1_FieldVolume
-113.095065,38.417542,11540.500000,-0.239251,0.081272,1.574581,mu+,210.564290,Solenoid_1_FieldVolume
-2.404103,46.064107,15790.000000,-0.004954,0.094914,1.574581,mu+,209.740445,Solenoid_1_FieldVolume
-71.282281,-15.127365,1230.000000,-1.909376,-0.405203,20.469558,pi+,292.826125,Solenoid_1_FieldVolume
-71.913516,-65.108867,2080.000000,-1.185406,-1.073239,12.596651,pi+,258.639271,Solenoid_1_FieldVolume
23.246509,13.130758,-470.000000,0.622684,0.351722,20.469558,pi-,1459.613930,Solenoid_1_FieldVolume
26.951774,16.868905,3780.000000,0.333200,0.208547,9.447488,pi-,1458.926520,Solenoid_1_FieldVolume
-18.890147,-32.298599,7660.000000,-0.077845,-0.133101,3.149163,pi-,1457.313757,Solenoid_1_FieldVolume
64.233700,-12.657375,11540.500000,0.135885,-0.026776,1.574581,pi-,1456.090966,Solenoid_1_FieldVolume
45.469307,93.006826,15790.000000,0.093688,0.191638,1.574581,pi-,1455.180276,Solenoid_1_FieldVolume
-340.861145,19.195611,2080.000000,-5.618676,0.316416,12.596651,pi+,496.069231,Solenoid_1_FieldVolume
-108.911071,-21.939151,2080.000000,-1.795265,-0.361640,12.596651,pi+,1219.849592,Solenoid_1_FieldVolume
-258.665284,-35.955257,5960.000000,-1.598917,-0.222254,4.723744,pi+,1213.130113,Solenoid_1_FieldVolume
155.022802,-6.110218,10210.000000,0.638840,-0.025180,3.149163,pi+,1105.057971,Solenoid_1_FieldVolume
-343.010123,-305.136465,14090.000000,-0.706762,-0.628725,1.574581,pi+,1011.688887,Solenoid_1_FieldVolume
-40.369865,5.686205,1230.000000,-1.081352,0.152311,20.469558,pi+,349.708280,Solenoid_1_FieldVolume
-74.658351,-116.481379,4215.500000,-0.631754,-0.985657,6.298326,mu+,249.082759,Solenoid_1_FieldVolume
24.237985,-58.452875,2930.000000,0.349592,-0.843083,11.022070,pi+,283.375974,Solenoid_1_FieldVolume
-568.662648,408.194552,1944.403039,0.000000,-0.000000,12.596651,pi-,279.143171,Solenoid_1_FieldVolume
44.679138,4.949643,1230.000000,1.196781,0.132582,20.469558,pi-,172.180681,Solenoid_1_FieldVolume
-3.545693,-17.104128,380.000000,-0.094975,-0.458153,20.469558,pi-,1550.546195,Solenoid_1_FieldVolume
-111.774596,-173.646918,4215.500000,-0.945829,-1.469388,6.298326,pi-,1549.721400,Solenoid_1_FieldVolume
-3.469788,-49.584014,380.000000,-0.092942,-1.328163,20.469558,mu+,151.155291,Solenoid_1_FieldVolume
-9.914821,-8.130943,4215.500000,-0.083899,-0.068803,6.298326,mu+,149.702139,Solenoid_1_FieldVolume
-100.046208,-41.416616,-470.000000,-2.679850,-1.109390,20.469558,pi+,1274.231438,Solenoid_1_FieldVolume
-81.058211,-225.499737,3780.000000,-1.002108,-2.787814,9.447488,pi+,1199.537549,Solenoid_1_FieldVolume
-0.444864,110.779671,2930.000000,-0.006416,1.597808,11.022070,pi+,445.063492,Solenoid_1_FieldVolume
156.394043,107.091559,5960.000000,0.966736,0.661977,4.723744,mu+,351.812114,Solenoid_1_FieldVolume
113.859245,106.581211,10210.000000,0.469207,0.439215,3.149163,mu+,350.969112,Solenoid_1_FieldVolume
-28.269305,-3.787928,2080.000000,-0.465985,-0.062439,12.596651,pi+,945.369414,Solenoid_1_FieldVolume
192.388285,113.119362,5960.000000,1.189231,0.699237,4.723744,pi+,944.152654,Solenoid_1_FieldVolume
-106.587928,129.639403,10210.000000,-0.439243,0.534236,3.149163,pi+,899.219347,Solenoid_1_FieldVolume
-42.344841,-96.699383,1230.000000,-1.134254,-2.590201,20.469558,pi-,608.009706,Solenoid_1_FieldVolume
-94.434309,22.927647,2930.000000,-1.362054,0.330692,11.022070,pi-,1075.764487,Solenoid_1_FieldVolume
72.366640,97.396375,380.000000,1.938422,2.608871,20.469558,pi+,1267.156442,Solenoid_1_FieldVolume
49.118623,216.272416,4215.500000,0.415638,1.830082,6.298326,pi+,1231.335667,Solenoid_1_FieldVolume
-83.700483,-6.356375,1230.000000,-2.242011,-0.170263,20.469558,pi-,509.514396,Solenoid_1_FieldVolume
127.939602,-114.392903,5110.500000,1.082616,-0.967985,6.298326,pi-,508.154302,Solenoid_1_FieldVolume
100.709588,-158.376481,9360.000000,0.415018,-0.652660,3.149163,pi-,470.841408,Solenoid_1_FieldVolume
-24.072542,53.448982,380.000000,-0.644810,1.431691,20.469558,pi+,422.816696,Solenoid_1_FieldVolume
-13.392418,-138.109132,4215.500000,-0.113326,-1.168670,6.298326,pi+,421.774641,Solenoid_1_FieldVolume
40.897407,-45.057644,-470.000000,1.095483,-1.206920,20.469558,pi-,359.478056,Solenoid_1_FieldVolume
-61.774765,10.984959,-470.000000,-1.654706,0.294244,20.469558,pi-,1787.101177,Solenoid_1_FieldVolume
26.199342,9.722255,3780.000000,0.323898,0.120195,9.447488,pi-,1786.391531,Solenoid_1_FieldVolume
-257.074438,-13.078027,7660.000000,-1.059389,-0.053894,3.149163,pi-,1785.355583,Solenoid_1_FieldVolume
98.439853,-48.997770,-1300.000000,-2.942944,1.464830,20.469558,pi-,292.437496,Solenoid_1_FieldVolume
-1.073928,27.811112,2080.000000,-0.017702,0.458432,12.596651,pi-,954.052568,Solenoid_1_FieldVolume
-195.299678,-233.288188,5960.000000,-1.207228,-1.442050,4.723744,pi-,917.506016,Solenoid_1_FieldVolume
-40.142157,20.865609,1230.000000,-1.075253,0.558909,20.469558,pi+,458.028124,Solenoid_1_FieldVolume
26.067179,-10.994276,4215.500000,0.220579,-0.093033,6.298326,mu+,331.502541,Solenoid_1_FieldVolume
-245.705813,-310.049070,3780.000000,-3.037618,-3.833082,9.447488,pi+,1336.904850,Solenoid_1_FieldVolume
-239.041547,-149.568797,3780.000000,-2.955229,-1.849093,9.447488,pi+,1048.862745,Solenoid_1_FieldVolume
-29.702592,46.763119,2080.000000,-0.489611,0.770832,12.596651,pi+,507.365110,Solenoid_1_FieldVolume
-29.970095,-30.352338,5960.000000,-0.185258,-0.187620,4.723744,pi+,506.017309,Solenoid_1_FieldVolume
90.879930,72.108497,10210.000000,0.374511,0.297155,3.149163,pi+,505.276727,Solenoid_1_FieldVolume
-148.729562,-126.646813,14090.000000,-0.306453,-0.260952,1.574581,pi+,463.202447,Solenoid_1_FieldVolume
-33.996636,-66.258502,380.000000,-0.910638,-1.774808,20.469558,mu-,339.927916,Solenoid_1_FieldVolume
263.369396,142.080644,1230.000000,7.054645,3.805789,20.469558,pi-,2029.655480,Solenoid_1_FieldVolume
26.628332,150.159527,1857.955576,-0.000000,-0.000000,12.596651,pi+,1111.833522,Solenoid_1_FieldVolume
-205.303050,186.823287,5110.500000,-1.737260,1.580886,6.298326,mu+,701.204242,Solenoid_1_FieldVolume
-196.796621,262.503688,9360.000000,-0.810987,1.081762,3.149163,mu+,605.141374,Solenoid_1_FieldVolume
23.255715,-75.852456,1230.000000,0.622930,-2.031793,20.469558,pi+,555.767949,Solenoid_1_FieldVolume
-6.270371,26.494640,2080.000000,-0.103359,0.436731,12.596651,pi-,1639.417397,Solenoid_1_FieldVolume
-60.425935,531.382571,-470.000000,-1.618576,14.233678,20.469558,pi+,431.324508,Solenoid_1_FieldVolume
-94.724926,5.644999,-470.000000,-2.537313,0.151208,20.469558,pi+,1251.697642,Solenoid_1_FieldVolume
