ParticleType,Energy
2pi+,82.3682
pi-,623.056
2mu-,513.566
pi-,910.838
pi+,429.764
2pi+,428.592
3pi+,427.381
pi-,13.1428
pi-,1429.22
pi-,1123.89
2pi-,1003.4
pi+,598.932
2pi+,587.269
pi+,1609.17
pi+,1789.53
pi-,1504.63
3pi+,308.874
pi+,709.046
pi-,1307.64
mu+,62.2649
mu-,302.985
2mu-,278.085
3mu-,181.302
mu-,1307.66
3mu-,992.626
pi-,655.731
3mu-,440.769
pi-,461.695
2pi-,460.504
3mu-,448.567
mu+,18.705
2mu+,14.5378
3mu+,9.25634
pi+,1256.16
2pi+,1255.06
3pi+,1253.82
pi-,281.53
pi+,497.956
2pi+,459.344
pi-,660.807
2pi-,648.495
mu+,82.1195
2mu+,80.0402
3mu+,78.4907
pi+,505.788
pi-,344.984
2pi-,343.591
3pi-,271.632
pi+,157.482
2pi+,156.12
3pi+,154.818
pi-,186.789
pi+,545.974
2pi+,495.214
3pi+,413.839
mu+,187.963
2mu+,186.672
3mu+,140.195
mu+,31.5866
mu+,106.553
pi-,309.363
2pi-,308.192
3pi-,306.722
mu+,205.676
2mu+,193.791
3mu+,137.566
pi+,628.153
2pi+,515.68
mu+,296.709
2mu+,261.969
3mu+,170.859
pi-,141.916
pi-,584.496
pi+,473.661
2pi+,472.353
3mu+,311.32
pi+,130.178
pi-,387.324
3pi-,96.2119
2pi+,626.617
mu+,220.718
2mu+,74.8657
3mu+,110.645
3mu+,234.448
pi+,219.004
2pi+,217.614
pi-,659.794
2pi-,658.681
3pi-,466.15
pi+,1338.56
pi-,325.697
2pi-,237.426
3pi-,78.9494
pi-,571.466
2pi+,358.81
2pi+,919.846
3pi+,867.706
pi-,469.88
pi+,650.952
mu+,114.482
2mu+,111.201
pi-,629.53
2pi-,628.319
3pi-,627.191
pi+,1799.05
mu+,438.224
2mu+,369.367
3mu+,248.414
pi+,721.204
pi+,211.178
pi+,1936.1
mu+,265.841
pi+,905.818
2pi+,904.65
3mu+,607.337
pi-,310.219
pi-,1344.06
pi-,675.177
3pi-,384.007
pi+,483.194
3mu+,116.269
mu+,89.0896
2mu+,86.8072
3mu+,85.0202
mu+,2213.18
3mu+,1901.68
pi+,184.94
2pi+,182.725
3pi+,181.201
pi-,47.3649
2pi-,44.8189
3mu-,13.4068
2pi-,407.862
mu-,205.344
3mu+,92.0112
pi-,89.1549
2mu-,67.6953
pi+,530.559
2pi+,529.064
pi+,391.459
pi-,407.19
2pi-,406.045
3pi-,338.628
3pi-,929.43
pi+,736.842
3pi+,429.287
3mu+,575.39
pi+,479.835
pi+,1263.11
pi-,1024.88
2pi-,1023.71
2pi+,255.666
3pi-,805.837
mu+,441.48
2mu+,439.919
3mu+,438.785
pi+,1434.11
2pi+,1432.74
3pi+,1278.98
pi-,420.901
pi+,307.044
2mu+,274.265
3mu+,185.033
pi+,3196.84
pi+,189.944
pi+,975.365
2pi+,946.657
3pi+,860.914
pi+,258.533
2pi+,257.237
3mu+,61.8944
pi-,991.016
2pi-,952.778
2pi-,314.154
mu+,431.781
2mu+,430.685
3mu+,381.691
mu-,47.7725
mu+,1500.19
pi+,459.959
2pi+,458.389
3mu+,265.998
pi+,1019.21
2pi+,1017.95
3pi+,537.398
3pi-,661.854
mu-,145.401
2mu-,144.243
3mu-,86.5692
pi-,1615.1
2pi-,213.13
pi+,488.987
2pi+,487.611
3pi+,445.133
pi+,452.281
pi+,1109.81
pi-,937.009
pi+,296.209
pi+,755.388
2pi+,753.592
3pi+,751.458
pi-,694.273
pi+,341.481
pi+,1903.11
pi+,560.076
pi+,501.406
2pi+,500.243
3pi+,499.102
mu-,113.051
pi+,393.601
2pi+,392.395
pi-,216.123
2pi-,214.945
3mu-,99.5977
mu+,14.4581
2mu+,9.4231
pi-,352.701
pi+,742.376
pi-,1325
mu-,642.833
2mu-,641.64
3mu-,640.492
pi+,661.714
2pi+,660.041
3pi+,555.743
mu+,79.7638
mu+,20.6334
mu-,241.492
pi-,736.544
2pi-,735.393
3pi-,733.875
pi+,628.08
mu+,21.7983
2mu+,18.5201
pi+,1235.26
2pi+,1193.14
3pi+,1085.33
pi-,511.375
2mu-,337.161
3mu-,272.951
pi+,150.473
2mu+,116.698
3mu+,115.285
pi-,1758.92
pi+,37.04
pi+,1542.11
mu+,641.597
2mu+,546.78
pi-,451.48
pi+,415.872
3mu+,101.133
mu-,202.171
2mu-,201.009
3mu-,138.149
pi-,861.169
pi+,608.629
2pi+,607.394
3pi+,605.929
mu+,239.01
2mu+,237.744
3mu+,188.709
pi+,1671.25
2mu+,997.61
3mu+,906.72
mu+,1.07775
3mu+,201.506
pi+,597.965
pi-,389.365
2pi-,123.508
2pi-,85.4286
pi+,755.688
mu-,220.701
2mu-,174.443
3mu-,171.942
mu+,17.3661
mu+,466.711
2mu+,463.951
3mu+,412.497
pi-,197.427
mu-,90.2995
pi-,1878.37
pi+,773.862
2pi-,193.7
3mu+,274.055
pi+,165.955
3mu-,83.157
mu-,428.996
3mu-,169.208
pi-,209.971
2pi-,208.818
pi+,936.512
2pi+,840.792
3pi+,781.508
pi-,460.555
2mu-,427.359
3mu-,426.192
pi+,2361.4
2pi+,2360.21
3pi+,2201.43
pi+,1832.69
mu-,86.7492
2mu-,85.2671
3mu-,65.7466
pi-,225.984
3pi-,747.653
3pi-,542.125
pi+,363.426
2pi+,287.55
3mu+,167.85
mu+,725.749
2mu+,724.434
3mu+,624.661
pi-,426.887
2mu-,153.857
3mu-,62.8156
mu-,197.422
2mu-,196.321
3mu-,191.376
pi-,1414.87
pi+,1390.37
2pi+,1388.92
3pi+,1387.52
pi+,314.239
2pi+,291.136
3pi+,289.633
pi+,957.731
2pi+,956.444
3pi+,955.168
pi-,460.685
2pi-,442.356
pi+,443.347
2pi+,432.249
pi+,683.78
pi-,427.008
2pi-,425.824
3pi-,376.995
pi-,294.757
pi-,1859.65
pi+,488.774
2pi+,452.119
3pi+,2367.8
pi+,2216.43
2pi+,2215.14
pi+,256.459
2pi+,208.098
3pi+,515.254
3pi-,83.6697
3pi-,701.216
3pi+,1387.66
pi+,812.132
pi+,746.192
2pi+,727.866
3pi+,556.476
pi+,4514.27
2pi+,4513.03
3pi+,4511.67
pi-,889.1
pi+,566.253
2pi+,510.783
pi+,1070.46
2pi+,1066.56
3pi+,1065.25
pi+,620.918
mu-,249.719
2mu-,248.6
3mu-,149.246
mu-,292.627
2mu-,174.304
3mu-,161.948
3pi+,709.428
3pi-,257.274
pi-,1610.72
pi+,229.424
pi-,295.873
2pi-,294.647
3pi-,293.489
pi-,2278.01
2mu-,1655.23
3mu-,1653.52
2pi+,571.452
3mu+,205.45
pi+,1212.7
pi+,728.616
2pi+,161.207
2mu-,82.3161
3mu-,68.2214
pi+,26.2325
2mu+,12.4712
3mu+,5.45804
pi+,637.507
3mu+,58.599
mu-,281.675
2mu-,249.009
3mu-,119.047
mu+,530.421
2mu+,529.14
3mu+,467.109
pi+,680.623
2pi+,679.339
3pi+,677.956
pi+,455.483
3mu+,158.611
pi-,1063.34
2pi-,500.931
pi+,434.844
2mu+,432.951
3mu+,389.167
pi+,102.715
mu-,382.548
2mu-,292.158
3mu-,199.384
pi+,2454.34
pi-,1201.38
2pi-,1148.19
pi+,428.725
2pi+,427.681
2pi+,558.267
2pi-,407
pi-,344.254
pi-,319.594
mu+,160.436
2mu+,156.749
3mu+,129.808
pi+,256.983
2pi+,255.64
3pi+,195.799
pi+,403.485
3mu+,77.1875
pi-,1801.56
pi-,1081.9
2mu-,762.866
3mu-,658.305
mu+,1431.05
3mu+,1152.54
pi-,528.264
2pi-,527.032
3pi-,524.167
pi+,675.191
2mu+,621.104
3mu+,513.861
pi-,358.917
2pi-,58.6904
pi+,721.54
2pi+,696.431
3pi+,597.959
pi+,239.506
pi+,136.933
pi+,55.5299
pi-,117.973
pi-,157.029
pi+,599.339
2pi+,503.057
pi+,632.541
2pi+,631.284
3mu+,328.189
3mu-,42.683
pi-,77.7578
2pi-,75.7833
3pi-,73.9044
3mu-,149.37
pi+,1176.64
2pi+,1064.61
pi-,71.8475
mu-,225.72
2mu-,161.401
pi+,552.956
pi+,1138.87
2pi+,1137.44
3pi+,1135.7
pi+,809.423
pi-,453.415
2pi-,452.234
3mu-,348.444
mu+,13.1752
2mu+,7.57621
pi-,562.634
2pi-,483.325
pi-,1422.41
2mu-,11.0576
3mu-,3.51103
mu-,169.266
pi+,546.745
2pi+,428.426
pi-,900.307
2pi-,895.761
3pi-,833.178
pi+,1289.67
pi+,1322.84
pi-,230.903
2pi-,229.532
mu+,111.642
pi-,406.335
pi-,793.187
2pi-,791.784
3pi-,671.539
2mu+,491.917
pi+,390.12
2pi+,388.908
pi+,819.851
2pi+,818.125
3pi+,816.931
2pi+,829.71
pi+,4322.24
pi+,238.996
2pi+,237.835
3mu+,145.482
pi+,365.633
pi-,769.274
3pi-,551.071
pi-,650.019
pi+,839.581
pi+,609.049
2pi+,514.774
mu+,379.215
2mu+,378.14
3mu+,304.359
mu+,314.29
2mu+,301.741
3mu+,232.038
3pi-,1060.92
2pi+,455.124
2pi-,162.992
pi-,418.865
mu+,29.8535
pi-,1870.3
pi+,909.921
2pi+,908.729
3mu+,789.825
pi-,1578.23
pi-,198.42
2pi-,197.083
3pi-,195.777
pi-,460.227
mu+,199.457
2mu+,198.27
3mu+,99.1674
pi+,838.231
3mu+,331.478
pi+,1311.44
pi+,513.434
2pi+,512.227
mu-,575.546
2mu-,506.14
mu+,22.2132
pi+,773.618
3mu+,109.991
mu+,285.573
2mu+,198.476
3mu+,131.021
pi+,477.654
pi+,174.602
2pi+,173.024
3mu+,180.506
pi+,712.576
2mu+,609.916
3mu+,546.349
mu-,106.926
mu-,1004.34
3mu-,668.984
pi+,1331.7
pi-,574.333
pi+,205.681
2mu+,186.183
3mu+,151.686
mu+,795.337
pi+,665.207
2pi+,664.134
pi-,733.27
2pi-,699.918
pi-,166.342
pi+,995.377
2pi+,371.956
pi+,267.012
2pi+,265.75
pi-,589.605
2pi-,588.283
3pi-,370.603
pi-,794.135
2pi-,771.713
mu-,252.016
2mu-,250.694
3mu-,218.597
pi+,723.557
2pi+,703.278
2mu-,111.443
3mu-,56.7485
pi+,1195.5
2pi+,1193.82
3pi+,1192.38
pi-,94.3825
2mu+,87.3466
2pi-,366.02
pi+,850.835
2pi+,849.62
pi+,651.77
mu+,207.199
2mu+,177.964
pi+,161.386
2mu+,147.204
3mu+,93.4658
pi-,774.318
2pi-,773.081
pi-,375.206
3mu-,50.1423
pi+,250.804
pi-,1253.52
pi+,779.306
2pi+,778.046
3mu+,789.595
mu-,121.066
2mu-,119.768
3mu-,95.1124
pi-,130.069
2mu-,58.7938
3mu-,57.0032
2mu+,154.317
pi+,118.166
pi-,392.448
pi+,613.558
2pi+,612.303
3pi+,517.948
pi-,696.399
mu-,89.313
pi+,1105.59
2mu+,435.663
3mu+,352.618
pi-,428.709
2pi-,426.935
3pi-,393.906
pi-,37.106
mu-,490.422
2mu-,466.772
3mu-,401.947
pi+,479.158
2mu+,291.486
3mu+,195.684
pi+,659.762
mu-,185.848
pi-,536.489
2pi-,276.57
pi-,790.303
2mu-,651.376
3mu-,576.89
mu+,87.9193
pi+,984.526
mu-,62.9011
2mu-,61.1978
3mu-,59.0428
mu+,188.392
2mu+,187.231
3mu+,143.287
pi-,1510.84
2pi-,1509.64
3pi-,1508.32
mu-,76.0245
2mu-,74.5583
3mu-,59.4531
pi+,992.839
2pi+,990.564
3pi+,989.286
pi+,1186.37
2pi+,1185.09
3mu+,771.591
mu+,403.672
2mu+,402.426
3mu+,372.89
pi-,555.674
2mu-,406.591
3mu-,369.458
3mu-,112.636
pi-,57.8184
pi+,320.598
2pi+,267.89
3pi+,234.567
pi-,305.021
2pi-,313.848
pi-,586.71
2pi-,500.685
3pi-,405.854
pi-,1111.71
2pi-,1060.59
3pi-,987.556
pi-,461.866
pi+,1026.27
pi-,532.237
2pi-,521.152
3pi-,415.205
2pi+,225.178
2mu-,37.2889
pi+,254.887
2pi+,153.729
pi-,609.139
2pi-,128.446
3mu-,142.465
pi-,712.982
pi-,236.11
2pi-,234.724
3pi-,169.771
3mu+,128.435
pi-,1267.95
mu+,398.555
2mu+,397.355
3mu+,366.576
pi-,1966.97
2mu-,1954.91
3mu-,1953.6
pi+,699.405
2pi+,62.32
pi+,431.378
pi-,436.919
pi-,878.129
pi+,342.015
pi+,1449.52
pi-,985.449
2pi-,984.188
3pi-,902.009
2pi-,48.3123
3pi-,524.519
3pi+,138.39
mu+,409.563
2mu+,237.624
3mu+,236.316
pi-,1963.89
pi-,429.697
2mu-,249.151
3mu-,247.633
pi+,528.145
2pi+,526.991
3pi+,525.69
pi-,1006.15
2pi-,1005.01
3pi-,979.75
mu+,166.058
2mu+,164.786
3mu+,163.347
pi-,643.214
2pi-,642.125
3pi-,525.863
2pi-,80.9012
mu-,528.634
2mu-,526.894
3mu-,488.852
mu+,142.526
2mu+,139.529
2pi-,269.587
2pi+,347.004
3pi+,345.79
2pi-,84.8778
3pi-,1773.67
pi-,251.698
2mu-,159.219
3mu-,157.498
pi-,565.927
2mu-,498.258
3mu-,496.954
mu+,104.278
mu-,13.0578
pi-,517.704
2pi-,516.436
pi+,391.475
pi-,478.564
2pi-,477.421
3pi-,430.623
pi+,256.251
2pi+,2379.65
3mu+,1418.63
pi+,596.42
pi-,746.946
2mu-,516.147
3mu-,444.832
pi+,142.582
2pi+,140.876
3mu+,72.0179
pi-,1127.93
2pi-,1108.81
3pi-,1024.84
pi-,1517.84
pi-,456.477
2pi-,455.166
3pi-,453.891
pi-,720.484
pi+,249.725
pi-,470.469
pi-,237.053
2pi-,235.746
3mu-,159.609
pi+,361.041
3mu+,85.853
pi+,193.75
2pi-,267.169
pi-,1080.18
2pi-,1078.62
3pi-,1033.65
mu+,794.739
2mu+,716.487
3mu+,561.802
mu+,104.377
pi+,763.397
2pi+,762.085
3pi+,749.198
mu-,9.79079
mu+,198.875
2mu+,197.512
3mu+,165.754
pi+,460.724
2pi+,422.787
pi-,277.161
2pi-,275.915
3pi-,218.676
pi+,727.109
2pi+,704.34
3pi+,580.72
pi+,2092.53
2pi+,72.7099
pi+,1048.23
2pi+,1045.79
3pi+,969.063
mu+,257.542
2mu+,256.288
3mu+,255.074
pi-,114.427
2pi-,113.033
3mu-,44.5051
3pi-,233.36
3pi+,146.707
pi-,616.81
2pi-,614.786
3pi-,597.793
pi+,1784.62
mu+,43.8874
2mu+,41.8882
3mu+,39.8739
pi+,2947.22
2pi+,2946.09
3pi+,2889.94
pi+,1911.47
2pi+,1910.35
3pi+,1908.91
pi+,905.819
2mu-,41.9939
3pi-,389.38
pi+,896.992
2pi+,895.802
3pi+,894.482
mu-,301.814
2mu-,300.601
3mu-,274.63
pi-,851.117
2pi-,849.893
pi+,98.9964
2mu+,7.20185
pi+,586.666
3pi+,351.779
mu-,701.445
2mu-,700.29
3mu-,698.881
pi+,479.61
2pi+,478.302
3pi+,410.278
pi-,99.0034
pi+,484.646
pi+,1877.55
pi-,1255.86
2pi-,747.841
pi-,64.1922
2mu-,60.95
pi+,687.477
2pi+,640.387
pi+,412.417
2pi+,411.166
3pi+,390.961
2pi-,41.9747
pi+,831.402
2pi+,830.333
3pi+,828.9
pi+,426.197
2mu+,399.143
3mu+,397.774
2mu+,265.992
pi+,446.816
3mu-,86.5196
pi+,294.934
2pi+,293.333
3pi+,292.098
pi-,217.165
2pi-,105.121
pi-,723.363
pi+,170.652
2pi+,135.291
pi-,506.48
2pi-,505.322
3pi-,472.792
2mu+,168.639
3mu+,83.0773
2pi+,456.363
pi+,292.962
2mu+,195.15
3mu+,162.265
mu+,342.932
pi-,366.984
pi-,591.932
2pi-,590.677
3pi-,589.229
mu+,707.261
3mu+,460.477
pi-,802.989
2mu-,525.637
3mu-,483.041
pi+,808.297
3pi+,459.412
pi-,503.397
2pi-,466.494
3pi-,406.951
pi-,759.724
2pi-,758.271
2pi-,111.829
3pi-,110.303
pi+,855.703
2pi+,854.515
3mu+,675.247
pi-,270.291
mu-,224.334
2mu-,196.122
3mu-,149.398
pi-,876.133
2pi-,874.838
3pi-,873.716
mu+,137.629
mu+,465.563
2mu+,454.911
3mu+,394.322
3mu+,273.994
pi+,427.135
mu+,511.184
pi+,108.649
2pi-,177.515
mu-,595.233
2mu-,592.884
3mu-,591.659
mu-,415.287
2mu-,315.835
mu-,236.988
2mu-,235.803
3mu-,183.253
pi-,240.781
pi+,1993.07
pi+,808.224
pi-,1454.33
pi+,275.497
2mu-,27.9084
3mu-,24.873
pi+,177.427
pi-,1087.03
2pi-,1020.04
pi+,1148.34
2pi+,1126.59
3pi+,1050.82
pi+,86.5573
pi+,117.852
3mu+,575.579
mu-,437.912
3mu-,225.429
2pi-,491.012
pi+,1224.75
2mu+,540.326
mu-,751.773
2mu-,750.205
3mu-,749.004
2mu+,214.134
3mu+,100.133
mu-,165.574
2mu-,164.176
3mu-,117.089
pi-,184.445
2pi-,183.285
mu-,487.951
2mu-,476.552
3mu-,405.182
2mu+,181.35
3mu+,149.694
pi-,539.432
2pi-,538.292
3pi-,470.092
mu-,195.868
2mu-,184.477
3mu-,91.9421
pi-,849.201
2pi-,803.445
3pi-,274.461
pi-,534.756
2pi-,506.917
3pi-,457.616
pi-,460.884
2pi-,417.955
3mu-,317.358
pi+,605.031
2pi+,584.883
pi+,767.514
2pi+,737.899
pi-,891.715
2pi-,890.272
3pi-,811.157
3pi+,342.854
pi-,113.963
2pi-,112.538
2pi-,51.3802
3pi+,538.162
mu-,202.873
2mu-,70.2183
2pi-,389.617
pi-,28.5138
pi+,488.874
2pi+,487.238
pi-,1587
2pi-,1560.2
pi-,872.016
3mu+,256.837
pi+,694.558
pi-,1299.83
3mu-,529.121
pi+,1346.03
3pi+,357.074
3pi-,1000.5
3pi+,347.081
pi+,1537.59
2pi+,1536.43
3pi+,1460.65
mu+,203.3
2mu+,202.06
3mu+,144.427
pi+,1241.48
pi+,269.739
2mu+,188.249
3mu+,142.437
pi-,498.953
2pi-,496.714
3pi-,445.11
pi+,739.732
pi+,4458.22
2pi+,4456.33
3pi+,89.4181
3pi-,168.796
3pi+,1466.34
mu-,29.487
2mu-,26.5573
3mu-,23.4386
pi+,502.697
2pi+,501.534
3pi+,450.451
pi+,582.275
pi-,1693.87
2pi-,562.339
pi+,324.004
2pi+,251.65
mu+,234.678
2mu+,197.663
3mu+,104.147
pi+,588.294
pi+,590.402
2pi+,526.337
pi+,953.476
2pi+,952.157
mu-,1124.39
2mu-,1061
pi+,1277.7
pi+,346.769
3pi+,73.1638
pi+,251.819
pi-,491.089
2mu-,238.886
3mu-,180.466
mu+,490.876
2mu+,444.114
3mu+,374.502
pi-,80.1653
pi+,584.819
pi+,732.613
2pi+,643.369
3pi+,546.773
pi-,283.336
2pi-,282.051
3mu-,301.682
pi+,331.958
2mu+,281.576
3mu+,280.088
mu+,90.3739
mu-,195.352
pi+,279.453
2pi+,278.281
3pi+,277.034
pi+,2469.62
2mu+,2417.9
3mu+,2416.63
mu-,102.244
pi-,113.843
2pi-,112.17
pi-,294.951
2pi-,293.659
3pi-,292.202
mu-,197.33
2mu-,196.197
3mu-,194.811
pi+,767.01
2mu+,598.097
3mu+,506.545
mu-,566.906
2mu-,538.726
3mu-,462.089
2pi+,269.945
pi+,748.763
2pi+,718.949
3pi+,620.392
pi+,184.107
2pi+,182.777
3mu+,171.899
pi+,2500.5
2pi+,2499.33
3pi+,2497.88
mu+,368.123
2mu+,366.77
3mu+,365.372
pi-,505.249
2pi-,504.001
3pi-,481.46
3mu+,581.104
pi+,51.1448
pi-,62.7714
2pi-,60.7953
3mu-,80.2788
pi-,818.207
pi-,1257.61
pi-,544.382
2mu-,351.488
3mu-,306.467
pi-,358.008
2mu-,276.379
3mu-,233.451
pi+,595.757
2pi+,594.306
3pi+,507.234
pi-,481.195
pi-,861.445
2mu-,573.155
3mu-,571.716
pi+,466.822
2pi+,405.103
mu+,206.102
pi+,886.045
2mu-,78.298
pi+,582.305
mu+,60.811
pi+,83.1167
pi+,223.053
pi+,328.469
pi+,368.72
2pi+,367.595
3pi+,316.877
pi-,681.394
2pi-,680.259
mu+,331.911
2mu+,276.039
pi+,876.454
3mu+,303.446
pi-,294.976
pi+,302.778
2pi+,301.307
3pi+,299.966
pi+,1243.94
2mu+,294.241
pi-,434.257
2pi-,413.384
pi-,906.826
2mu-,811.813
3mu-,718.473
pi-,388.13
pi-,479.862
2mu-,366.008
3mu-,336.79
mu+,316.563
pi-,609.997
2pi-,608.859
3pi-,559.422
pi-,2087.44
mu-,64.5115
2mu-,62.6744
pi-,83.4273
2pi-,81.3279
mu-,228.543
2mu-,194.824
3mu-,139.573
pi+,476.289
2pi+,71.5993
pi-,482.449
pi+,580.573
2pi+,538.446
3pi+,432.946
pi-,1798.3
2pi-,1796.77
3pi-,1795.32
pi-,266.622
pi+,68.7197
2pi-,1102.53
3pi-,1081.31
pi+,1276.51
2pi+,1167.11
2pi-,513.704
pi+,221.636
2pi+,219.895
3mu+,181.094
mu+,310.032
2mu+,308.462
3mu+,307.222
2mu-,497.722
mu+,895.351
pi+,303.344
pi+,2452.01
3mu-,310.355
pi+,73.4263
2mu+,51.5317
3mu+,49.2109
mu-,318.961
2mu-,297.232
3mu-,228.126
pi+,451.938
3pi+,157.078
pi-,550.158
2pi-,470.369
3mu-,292.022
pi-,168.41
2mu-,120.146
mu+,219.564
2mu+,199.102
3mu+,197.667
pi+,1638.99
2pi+,1637.79
3pi+,1636.19
mu-,36.8173
pi-,895.739
pi+,793.016
2pi+,791.863
3pi+,709.438
pi+,766.721
2pi+,765.526
3pi+,684.519
mu-,221.839
2mu-,126.846
3mu-,113.436
pi+,161.89
pi-,1159.8
pi+,290.29
2mu+,187.625
3mu+,57.0953
pi-,351.206
2pi-,349.914
3mu-,180.047
pi-,482.517
2pi-,481.382
3pi-,394.876
pi+,157.622
2pi+,156.334
3pi+,155.057
3mu+,38.9162
pi-,121.107
2pi-,119.49
3pi-,117.764
pi+,272.18
2pi+,245.645
pi-,316.895
3pi+,347.21
pi-,672.464
mu-,239.329
2mu-,238.211
3mu-,188.517
pi+,760.555
pi-,63.7853
pi+,77.2834
pi+,630.806
mu-,132.013
pi-,732.514
2pi-,731.063
3pi-,729.624
pi+,124.792
2mu+,11.981
3mu+,5.873
pi+,1733.15
pi+,76.3565
2mu+,69.1531
3mu+,30.3902
pi+,424.072
pi+,499.475
2mu+,496.237
3mu+,448.036
pi-,598.704
pi+,610.17
2pi+,608.859
pi+,4032
2pi+,274.61
3pi+,566.657
pi+,1269
2mu+,1001.18
3mu+,899.435
mu-,51.4492
2mu-,49.5059
3mu-,46.8898
pi+,1052.65
2pi+,1051.49
3pi+,846.178
pi-,81.9656
2mu-,61.7336
3mu-,59.8916
pi+,180.444
pi-,127.74
2mu-,89.5523
3mu-,43.4959
pi+,442.727
pi+,159.706
pi+,224.479
2pi+,223.171
3pi+,131.474
pi-,3197.59
pi-,745.474
pi+,2155.41
pi-,331.065
pi-,387.635
2mu-,243.038
3mu-,206.049
pi-,233.537
mu+,456.916
2mu+,455.584
3mu+,387.46
3mu-,323.037
2pi+,2247.88
3pi+,2246.5
pi-,1330.47
mu-,785.549
2mu-,784.182
3mu-,716.134
pi+,391.289
pi-,1181.45
2pi-,1106.01
3mu+,195.573
pi+,529.923
pi-,173.147
2mu-,129.704
3mu-,127.971
mu+,554.583
2mu+,553.526
3mu+,533.326
pi-,864.326
2pi-,160.999
2mu+,1319.95
3mu+,1253.36
pi+,919.979
2mu+,858.141
3mu+,768.449
pi+,214.306
2pi+,175.854
3mu+,76.5628
mu-,144.284
pi-,801.92
pi+,265.943
2pi+,264.52
3pi-,442.848
pi+,36.7735
mu-,133.092
pi+,2818.18
2pi+,2816.52
3pi+,2815.39
pi+,266.979
2mu+,275.537
3mu+,270.349
pi-,1227.51
2pi-,1226.13
3pi-,1224.95
pi+,724.812
3mu+,224.582
pi+,1378.86
3mu-,113.99
pi-,473.921
2pi-,443.079
3mu-,376.959
pi+,403.266
2pi+,401.6
3pi+,353.227
pi+,360.071
pi+,735.139
2mu+,452.101
mu-,497.499
pi+,2686.66
2mu+,1674.98
3mu+,1673.74
pi+,1738.66
mu-,373.84
3mu-,156.564
pi-,225.431
pi+,1489.54
2pi+,1488.09
3pi-,194.31
pi-,1653.14
pi-,70.6813
pi+,97.149
2pi+,81.199
pi+,429.796
pi+,251.398
2pi+,249.823
3pi+,248.473
2pi-,88.9442
mu+,118.657
2mu+,115.122
3mu+,113.097
pi-,131.529
2mu-,145.13
3mu-,143.886
pi-,1633.35
2mu+,217.988
3mu+,134.69
2pi+,1077.4
pi+,778.584
pi+,372.518
2pi+,370.9
2pi+,113.186
pi+,3439.39
2pi+,3437.64
3pi+,3436.38
mu-,113.952
pi+,1402.18
3pi+,1985.6
3pi-,1424.84
mu-,530.726
pi+,551.198
2pi+,535.276
mu+,281.63
2mu+,185.485
3mu+,86.5666
pi+,1019.77
2pi+,1018.66
pi-,688.468
2mu-,390.217
3mu-,339.535
mu+,145.542
2mu+,143.417
3mu+,131.265
pi+,1303.37
2pi+,1302.12
3pi+,1300.85
pi+,455.381
2pi+,443.26
pi-,882.358
pi+,211.544
2mu+,136.304
3mu+,134.842
pi+,267.187
2mu+,289.021
3mu+,286.599
pi-,641.259
2pi-,640.037
3mu-,537.786
pi+,356.402
3pi-,1974.98
pi+,109.855
mu-,157.395
2mu-,152.716
3mu-,77.318
mu-,51.4472
2mu-,49.5382
pi+,394.497
pi-,811.216
2pi-,790.81
pi+,619.179
2pi+,608.674
3pi+,501.233
2pi+,394.56
pi+,2833.66
2pi+,2832.32
3pi+,2771.77
mu+,130.072
2mu+,59.4269
3mu+,56.6641
pi-,499.26
pi-,103.04
pi+,1166.14
2pi+,1165.01
3pi+,1053.22
pi-,728.521
pi+,361.111
2pi+,359.756
3pi+,358.58
pi-,349.243
pi+,472.274
mu+,201.264
2mu+,199.197
3mu+,44.8614
pi+,94.8624
mu-,1733.17
3mu-,1430.55
pi+,578.526
2pi+,577.204
3pi+,576.015
pi-,512.786
2pi-,511.372
pi-,953.076
2pi-,933.55
mu-,48.1868
pi+,230.348
mu+,981.937
pi+,579.872
2pi+,104.383
pi+,251.218
2pi+,250.119
3pi+,248.75
pi+,2413.92
2pi+,2412.41
pi-,456.433
pi+,47.4413
pi-,1267.14
mu+,12.8493
pi+,270.815
2pi+,250.597
3mu+,167.942
pi+,579.233
3mu+,153.194
pi-,417.45
2pi-,327.504
mu-,132.377
pi-,402.631
pi+,399.515
pi+,207.209
2mu+,141.792
3mu+,43.734
mu-,194.853
2mu-,193.648
3mu-,192.386
mu+,149.652
2mu+,112.637
pi-,103.391
2pi-,101.738
3pi-,99.4916
pi+,235.147
2mu-,255.463
3mu-,180.136
pi+,393.966
2pi+,392.761
3pi+,391.657
mu-,1270.1
mu-,92.2657
pi-,251.661
pi-,513.019
2mu-,470.071
3mu-,414.96
pi-,1362.7
mu+,116.237
2mu+,28.5603
3mu+,25.5791
2mu+,273.523
pi+,462.292
2pi+,442.197
mu-,121.924
mu+,76.5101
mu-,433.37
2mu-,431.328
3mu-,428.807
mu+,751.779
2mu+,717.596
pi+,404.073
pi+,820.065
2pi-,114.159
pi-,910.188
3mu-,84.3431
pi+,882.305
2mu+,119.107
pi+,253.918
2pi+,232.924
3pi+,131.588
pi-,587.667
2pi-,586.539
3pi-,526.842
pi+,1152.41
pi-,342.81
3pi-,42.2928
2pi+,1021.41
pi+,281.242
pi-,1957.56
2mu-,1391.04
3mu-,1389.62
pi+,649.813
2pi+,648.728
3pi+,645.492
3pi-,428.617
3mu-,51.5788
3mu+,19.7196
mu-,771.519
pi+,133.708
2pi+,132.413
3mu+,132.298
pi-,393.054
2pi-,298.237
pi-,277.907
2mu-,201.807
3mu-,150.421
pi+,827.904
2pi-,255.189
3pi-,88.9044
pi+,957.648
mu+,911.024
2mu+,818.506
3mu+,723.783
pi-,992.333
2pi-,942.108
pi-,352.884
pi+,354.428
2pi+,353.035
3pi+,329.737
3mu-,363.728
pi+,846.465
2mu+,387.591
3mu+,261.053
pi+,1310.93
2mu-,472.22
3mu-,470.765
pi+,664.142
2pi+,662.762
3pi+,611.94
pi+,519.974
2mu+,464.526
3mu+,462.038
pi+,399.971
2pi+,398.787
3pi+,359.888
mu-,137.685
2mu-,136.503
3mu-,135.141
mu-,91.1787
2mu-,86.637
3mu-,84.9244
mu-,715.216
2mu-,669.312
pi-,421.251
mu+,26.2985
pi+,1770.99
pi-,943.708
2mu-,554.804
3mu-,478.726
pi+,76.8005
pi-,637.132
2pi-,635.856
3pi-,583.22
mu+,714.699
2mu+,713.567
3mu+,648.394
pi+,133.441
2pi+,132.056
3mu+,71.6857
pi-,149.258
2pi-,147.498
3pi-,145.608
pi+,1050.62
2pi+,1049.49
3pi+,937.06
2pi-,779.722
pi+,1104.73
2mu-,82.683
pi-,701.825
2pi-,700.74
2pi-,1074.69
3pi-,1033.14
pi+,24.0586
2pi+,20.0531
3mu+,18.1949
2pi-,589.535
3mu-,373.423
pi+,674.995
pi-,768.125
mu-,118.262
2mu-,116.986
3mu-,115.368
pi+,2029.52
mu+,145.417
2mu+,144.14
3mu+,142.78
pi+,1250.54
2pi+,422.5
pi+,846.789
2mu+,845.129
3mu+,766.625
pi-,1319.96
pi-,481.584
2pi-,479.274
3pi-,478.083
mu-,159.829
pi-,454.628
2pi-,453.337
mu+,588.054
2mu+,556.931
3mu+,497.849
pi+,696.929
3mu+,404.416
pi+,559.536
2pi+,555.717
pi+,347.476
2pi+,345.99
3pi+,344.823
mu+,12.7716
pi-,619.024
mu-,299.802
pi+,2040.9
pi+,300.475
pi-,774.854
2pi-,773.394
3pi-,630.474
pi+,233.747
pi+,450.356
pi-,852.168
pi+,1231.82
pi+,1790.99
mu+,736.656
3mu+,420.522
pi-,975.35
2pi-,973.87
3pi-,894.165
mu-,765.536
2mu-,764.387
3mu-,763.111
pi+,84.3344
pi-,722.118
2pi-,720.574
3mu-,631.503
pi-,942.908
pi+,213.747
2mu+,188.602
3mu+,88.1832
pi-,1240.35
mu+,164.044
2mu+,162.854
3mu+,161.14
pi-,458.714
2pi-,447.809
3pi-,388.378
pi-,197.957
pi+,592.835
pi+,401.918
2pi+,388.774
pi-,772.121
2pi-,682.601
3pi+,248.717
pi-,992.486
pi+,582.53
2mu+,496.001
3mu+,421.761
pi+,747.88
2pi+,697.397
mu-,991.893
pi+,705.398
2pi+,704.073
3pi+,702.665
pi+,376.468
pi+,272.138
2pi+,270.767
3pi+,249.524
pi+,293.317
pi-,564.763
2pi-,563.663
3pi-,462.75
pi-,431.644
2pi-,420.472
3pi-,357.744
pi-,566.199
2pi-,564.792
3pi-,495.404
pi+,103.532
2mu+,114.447
3mu+,112.988
mu-,522.152
2mu-,511.74
2pi-,117.098
2pi-,16.1886
pi-,889.442
2pi-,888.183
3mu-,608.705
pi+,263.868
2pi+,253.026
3mu+,256.701
pi-,467.556
mu+,360.229
2mu+,81.7878
pi-,427.187
2pi-,426.081
3pi-,394.476
pi-,222.635
pi+,41.3866
pi+,239.006
2pi+,237.723
mu+,829.267
2mu+,826.651
3mu+,740.522
pi-,550.633
2pi-,477.909
pi-,2787.9
2pi-,2786.76
3pi-,2785.23
3pi+,450.459
pi+,115.736
mu+,1174.53
pi-,947.617
2pi-,946.127
3pi-,871.778
2mu-,221.353
3mu-,134.318
pi-,98.7111
2pi+,401.206
3pi+,333.953
2pi+,1540.62
2mu+,581.768
3mu+,496.037
mu+,148.504
pi+,371.591
pi-,233.596
2pi-,232.286
3pi-,135.799
pi-,380.126
pi-,45.415
2pi-,516.244
pi+,2996.73
pi+,430.613
pi-,445.68
pi+,453.258
mu-,42.5209
3mu+,927.631
pi-,1129.48
2pi-,1127.9
3pi-,1083.93
pi+,329.507
pi-,776.95
2mu-,502.679
pi-,441.531
2pi-,372.489
pi-,301.975
2mu-,155.733
3mu-,63.2736
pi-,1526.74
3mu+,354.816
pi+,292.936
3mu+,595.595
2mu-,159.83
3mu-,20.5264
pi-,434.908
pi+,1175.71
pi+,607.548
2mu+,360.131
3mu+,348.172
pi-,331.154
pi+,406.105
pi+,994.055
mu-,192.746
2mu-,191.253
3mu-,167.521
pi-,747.985
2mu-,554.089
3mu-,492.192
mu+,236.567
2mu+,234.585
3mu+,232.74
pi-,230.707
2pi-,229.38
3mu-,203.156
pi-,1401.59
2pi-,1400.11
3pi-,1341.14
pi+,645.191
3pi+,372.469
mu-,388.251
2mu-,356.39
3mu-,241.235
pi-,326.935
pi-,290.976
pi+,491.531
pi-,1019.39
2mu-,842.556
3mu-,756.3
pi+,970.883
2pi+,951.996
2pi-,1207.08
pi-,312.63
2mu-,292.552
3mu-,291.517
2mu+,234.601
3mu+,152.795
pi-,1810.53
3pi-,1461.64
pi+,601.401
pi-,122.376
pi+,176.771
2pi+,175.309
pi+,1978.05
mu+,783.095
pi-,1273.85
pi+,186.563
pi+,303.189
2mu+,166.623
3mu+,165.119
pi+,1110.24
pi-,267.013
2mu-,166.942
3mu-,118.119
mu-,85.1589
2mu-,83.6959
3mu-,63.5769
pi+,620.056
pi+,887.19
2pi+,885.537
pi+,460.979
mu+,582.198
2mu+,581.008
3mu+,579.697
mu+,97.0081
2mu+,61.0459
3mu+,59.5216
pi+,741.362
pi-,585.536
2pi-,583.368
3pi-,470.268
pi-,744.841
2pi-,397.138
3pi-,295.534
2pi+,457.475
pi+,97.678
pi+,390.709
pi-,661.724
2pi-,660.529
3pi-,93.586
mu+,508.623
2mu+,507.275
3mu+,457.556
pi+,745.046
2pi+,705.886
pi-,540.075
2pi-,471.999
3mu-,384.057
2mu+,377.56
3mu+,337.225
pi-,685.539
3pi-,464.166
pi+,312.923
2pi+,247.816
3mu+,111.499
2pi-,965.118
mu+,59.1213
2mu+,38.9921
pi-,253.195
mu+,484.22
2mu+,407.464
3mu+,263.38
3pi+,796.155
3pi+,792.982
3pi-,136.913
3pi-,58.6391
pi-,143.508
pi-,532.782
2pi-,531.592
3pi-,530.1
2pi-,183.134
pi+,709.492
2pi+,685.7
pi-,1251.48
2pi-,1249.86
pi+,556.648
2pi+,555.376
3mu+,414.306
pi-,2566.81
3pi-,2204.71
mu+,357.328
2mu+,323.409
3mu+,293.84
pi-,644.835
2pi-,643.621
mu+,192.503
mu+,311.613
2mu+,286.255
pi-,315.836
mu+,60.2354
pi+,908.452
2pi+,907.074
3pi+,859.999
pi-,107.637
2mu-,86.537
3mu-,40.3601
mu+,216.822
2mu+,215.431
3mu+,214.077
pi+,565.601
2pi+,540.546
mu+,438.482
2mu+,189.752
3mu+,141.287
pi+,2943.13
pi-,921.434
2pi-,920.031
pi+,1123.21
pi+,767.125
2mu+,431.971
3mu+,384.275
pi+,215.586
2pi+,165.536
3mu+,69.0392
pi+,402.01
pi-,325.982
2pi-,295.531
3pi-,294.374
pi-,356.339
2pi-,251.837
3pi-,158.423
pi+,539.996
mu+,65.8275
pi+,1998
3mu+,1640.92
pi-,964.697
2pi-,886.893
3mu-,67.331
pi-,991.292
2pi-,990.095
pi-,1650.71
pi-,227.689
pi-,338.632
mu-,53.3147
pi+,1584.37
3pi+,1213.81
2pi+,36.0181
2pi-,132.84
mu+,136.282
3mu+,434.723
mu+,581.201
2mu+,565.616
3mu+,473.534
mu+,189.395
2mu+,86.3001
3pi-,106.397
pi+,1117.29
pi+,1220.41
pi-,844.749
pi+,1522.97
pi+,1617.97
2pi+,560.004
2pi-,59.846
2pi-,320.541
mu-,937.821
2mu-,921.602
3mu-,843.055
pi-,247.856
2mu-,125.523
3mu-,123.947
pi-,685.202
2mu-,361.607
3mu-,271.245
2pi-,953.463
pi-,903.932
2pi-,857.269
2mu-,194.645
2pi+,467.293
pi+,983.365
mu+,24.4177
2mu+,20.8275
3mu+,17.0496
3mu+,411.65
pi-,548.685
2pi-,502.301
pi-,927.779
2mu-,810.775
pi-,571.739
2pi-,570.064
3pi-,511.799
pi+,736.972
pi-,995.375
pi+,1279.29
2pi+,1070.63
3pi+,1024.82
pi+,147.983
2mu+,44.1938
pi+,960.964
2pi+,959.694
pi+,470.718
2pi+,438.883
pi+,364.852
pi-,565.87
2pi-,554.708
3mu-,491.762
pi-,394.656
pi-,473.313
mu-,444.393
3mu-,175.288
pi-,133.459
pi+,1579.59
pi-,522.958
pi-,280.796
2pi-,237.225
3mu-,154.208
pi-,347.935
pi-,785.847
2pi-,775.165
3pi-,673.116
pi+,567.014
2pi+,544.91
pi+,188.674
2pi+,187.38
3mu+,209.112
pi-,562.922
2pi-,561.438
mu+,140.686
3pi+,368.233
2pi+,135.681
3mu+,55.4111
mu+,132.537
pi+,1337.76
pi-,439.712
2pi-,438.61
mu-,41.5609
mu+,1022.47
2mu+,946.828
pi+,726.193
2pi+,709.496
3pi+,366.422
pi-,639.38
mu-,227.332
2mu-,144.509
pi+,852.805
2pi+,850.425
mu-,230.996
2mu-,229.926
3mu-,228.635
2pi+,233.022
pi-,1948.9
pi+,1843.84
2pi-,162.214
3mu-,28.5671
pi-,267.22
2pi-,266.043
pi+,442.075
pi+,1420.54
mu+,88.1597
2mu+,86.7595
pi+,959.113
2pi+,876.095
pi-,1249.49
pi-,281.639
2pi-,240.202
3pi-,173.102
pi+,341.26
mu+,122.244
2mu+,120.817
3mu+,84.2191
mu+,525.117
2mu+,523.739
3mu+,472.135
mu+,25.1495
pi-,198.718
2mu-,80.5053
3mu-,78.9334
pi+,755.837
2pi+,754.5
3pi+,666.367
pi+,1811.42
mu+,43.9456
pi-,71.0947
mu+,99.584
2pi+,524.551
3mu+,464.136
pi-,944.477
2pi-,859.634
pi-,894.177
2pi-,892.756
3pi-,891.566
pi-,579.934
2pi-,536.978
mu-,49.5303
2mu+,109.161
3mu+,67.6408
pi-,916.335
pi+,1347.64
2pi+,1346.51
pi-,797.962
pi+,538.765
2pi+,503.274
pi-,184.391
pi+,862.662
2pi+,853.354
3pi+,764.39
pi+,563.738
2pi+,528.159
3pi+,450.921
pi-,75.9122
pi+,1512.05
2pi+,1510.33
pi-,1335.05
2mu-,1194.45
3mu-,1121.49
mu+,201.9
2mu+,200.651
3mu+,199.448
mu+,101.226
pi-,217.71
2mu-,149.442
3mu-,148.18
2mu+,234.415
pi+,446.405
pi-,723.363
2mu-,542.136
3mu-,540.994
pi+,2056.1
2mu+,293.756
3mu+,292.68
mu-,337.082
2mu-,335.894
3mu-,334.848
pi-,138.35
pi+,747.984
pi+,800.986
2pi+,799.658
pi+,2003.23
pi+,250.702
pi-,2117.65
2pi-,2116.36
3pi+,333.086
pi-,184.469
pi+,965.756
2pi+,921.504
3pi+,798.553
pi+,1122.22
2pi+,1121.04
3pi+,1050.65
mu-,219.458
2mu-,95.3793
3mu-,46.7968
pi+,213.144
pi+,530.589
mu-,350.962
2mu-,349.873
3mu-,348.386
pi-,588.601
2pi-,587.542
mu-,81.6283
2pi-,117.291
3pi-,114.199
3pi-,177.892
pi-,3561.52
2mu-,3355.52
3mu-,2863.91
pi+,127.261
mu-,178
2mu-,172.934
3mu-,2.74474
mu-,71.2571
3pi+,103.615
pi-,867.169
pi+,664.178
2pi+,661.999
3pi+,658.341
pi-,389.912
2pi-,388.637
pi-,795.794
pi+,1188.7
2pi+,1112.9
pi-,235.117
2mu-,131.67
3mu-,68.8669
mu+,545.719
2mu+,515.453
3mu+,442.414
mu+,636.585
2mu+,595.607
3mu+,494.813
pi+,229.981
2pi+,228.77
mu-,109.166
2mu-,40.9143
mu+,23.6629
mu-,202.356
2mu-,118.808
pi-,412.018
2pi-,402.194
3pi-,400.306
pi+,85.8579
2mu-,1116.4
3mu-,1066.79
pi+,882.616
2pi+,881.396
3pi+,880.237
pi-,712.686
pi+,406.065
2pi+,404.554
pi+,1553.69
pi-,886.099
2pi-,847.193
mu+,626.601
2mu+,625.342
3mu+,623.785
pi+,2668
3pi+,2356.35
pi+,379.361
2mu+,197.888
3mu+,196.362
pi+,1370.02
2mu+,922.989
3mu+,834.444
pi-,490.573
mu+,458.592
2mu+,318.178
3mu+,155.974
pi+,107.657
pi+,218.756
2pi+,217.105
3pi+,103.769
pi+,1226.21
mu+,143.911
2mu+,142.536
3mu+,141.008
2mu+,154.216
3mu+,95.8221
pi+,131.33
pi-,240.232
2mu-,174.927
3mu-,173.478
pi+,287.584
2pi+,113.469
pi-,280.975
mu+,360.349
3mu+,153.454
pi+,544.098
pi+,840.535
2pi+,839.483
3pi+,741.666
pi+,351.63
mu+,169.712
2mu+,168.398
3mu+,129.235
pi+,397.605
pi+,216.217
pi+,56.2727
pi-,875.278
2pi-,873.939
3pi-,872.73
mu-,325.819
2mu-,312.611
3mu-,300.933
pi+,570.07
2pi+,557.168
2pi-,520.455
3pi-,203.232
pi-,911.915
2pi-,910.807
3pi-,788.144
pi+,1619.79
2pi+,1618.61
3pi+,1617.26
2mu+,290.8
pi+,113.113
2pi+,57.9178
pi+,785.214
2pi+,783.9
3pi+,680.914
mu+,281.431
pi+,1043.82
3pi-,300.205
3pi+,3100.95
pi+,249.759
pi-,505.17
pi-,362.841
pi+,830.993
mu+,293.824
2mu+,283.356
3mu+,201.956
mu-,144.561
pi+,1187.49
pi-,295.225
2mu-,148.647
3mu-,116.35
2mu+,25.3491
pi-,512.396
2mu-,281.763
3mu-,236.71
pi+,375.107
2mu+,222.831
3mu+,211.655
pi-,469.085
2pi-,467.581
3pi-,410.763
pi-,201.99
2pi-,200.424
2pi-,62.6994
pi+,86.5731
2pi+,84.472
3pi+,50.5918
mu+,442.764
3mu+,115.258
2pi-,50.7238
3mu+,237.52
3pi-,384.589
pi+,855.846
pi+,1794.97
3mu+,567.913
pi+,434.677
mu+,123.054
2mu+,98.5437
pi+,514.244
2pi+,512.93
3pi+,511.578
pi-,781.497
2pi-,780.177
3pi-,686.786
mu+,562.732
2mu+,447.912
mu-,166.468
pi+,253.573
2mu+,244.725
3mu+,243.432
pi+,166.564
pi-,1208.76
2pi-,1207.66
3pi-,1165.73
mu+,103.772
mu-,34.8259
2mu-,32.1721
mu-,434.572
2mu-,382.588
3mu-,249.315
pi+,1450.09
2pi+,1202.13
3mu+,932.819
pi-,293.496
2pi-,292.399
3pi-,291.237
pi+,76.5149
pi-,1285.31
2mu-,169.057
2pi+,319.346
3pi+,274.962
3pi-,270.855
3pi+,648.166
pi+,457.004
2pi+,455.344
3pi+,405.57
pi-,1908.22
pi+,1993.54
pi+,430.142
3mu+,60.8805
pi-,850.999
pi-,342.287
pi+,1343.15
pi+,473.752
2pi+,420.661
mu+,342.971
2mu+,273.947
3mu+,272.618
mu+,114.428
2mu+,39.2895
3mu+,13.6965
pi-,1404.82
2pi-,1403.37
pi+,1921.39
2pi+,608.363
pi-,442.961
2pi-,441.87
3pi-,378.323
pi+,335.657
3mu+,51.4597
mu-,404.211
3mu-,161.326
pi+,495.774
2pi+,432.191
2pi+,131.195
pi+,266.805
2mu+,138.215
3mu+,95.9912
pi-,842.022
2pi-,825.031
pi-,397.163
pi-,288.945
2mu-,269.674
3mu-,185.803
pi-,89.8361
2mu+,98.539
pi+,388.892
2pi+,387.814
pi-,1226.63
pi+,982.66
pi+,417.336
2pi+,416.173
3mu+,265.559
pi-,72.0295
3pi+,306.718
pi-,1287.56
mu-,105.703
2mu-,91.2268
pi+,765.786
3mu+,126.734
pi-,505.921
2pi-,407.337
pi-,1057.02
pi+,401.537
2mu+,352.289
3mu+,320.584
mu-,137.282
pi+,607.823
2pi+,549.834
3mu+,315.129
mu-,181.14
pi+,485.945
2pi+,449.105
pi-,478.824
pi+,1268.21
2pi+,1209.18
3mu+,1064.37
pi+,1352.51
pi+,377.955
2mu+,211.779
3pi-,24.0378
mu+,228.202
2mu+,199.546
3mu+,103.631
pi-,710.701
2pi-,679.16
pi+,157.8
pi+,246.602
pi+,890.504
2pi+,872.21
3pi+,776.462
pi-,294.977
2pi-,293.878
3mu-,222.772
mu+,83.1711
pi+,3426.72
pi-,1405.12
pi+,577.653
2pi+,576.482
3mu+,465.564
pi-,777.112
2pi-,730.805
3pi-,624.22
pi+,603.064
2pi+,601.995
pi+,626.547
2pi+,598.648
3pi+,518.029
mu-,193.818
pi+,333.154
2pi+,314.536
pi+,1285.94
2mu+,1243.43
3mu+,1160.58
2pi-,70.2279
pi+,983.642
2mu+,583.489
3mu+,494.835
pi-,1151.26
2pi-,1101.87
pi+,2142.98
2pi+,2141.88
3pi+,2140.46
pi+,629.164
2pi+,546.426
pi-,622.39
2mu-,640.938
3mu-,639.832
pi+,426.229
3mu+,48.2382
pi+,1369.74
2pi+,1368.25
3pi+,1367.13
pi+,404.386
2pi+,403.23
3pi+,361.318
pi-,546.778
2pi-,486.661
pi-,481.989
2pi-,480.881
3pi-,479.61
pi+,1211.11
3mu+,454.402
mu+,497.955
2mu+,496.815
3mu+,495.63
mu-,641.599
3mu-,413.746
pi-,667.665
2pi-,666.139
3pi-,664.364
mu+,185.916
2mu+,157.561
2pi+,273.905
3mu-,161.789
pi-,587.83
2pi-,510.151
pi+,751.458
pi-,1811.1
pi+,192.23
mu+,326.351
2mu+,290.518
3mu+,217.653
mu+,143.034
pi-,264.871
pi+,644.083
3pi+,480.996
mu-,18.6113
pi-,1133.05
pi+,490.53
2pi+,489.357
3pi+,488.262
pi-,325.98
pi+,803.569
2pi+,802.272
mu-,103.248
2mu-,101.976
3mu-,100.469
pi-,1729.88
2pi-,1728.68
3pi-,1727.38
3mu+,140.538
pi-,2068.05
pi-,2110.43
pi+,621.029
2pi+,499.452
2pi+,75.0853
mu-,588.09
2mu-,586.522
3mu-,498.365
mu-,37.3485
2mu-,35.0992
3mu-,32.1851
2pi-,1192.43
pi+,1552.12
mu+,196.46
2mu+,44.1094
3mu+,41.6411
pi+,152.66
2pi+,140.558
3mu+,6.45964
pi-,159.078
pi+,479.031
2mu+,36.187
3mu+,33.9594
pi-,275.157
2pi-,273.725
3pi-,205.602
mu+,196.942
2mu+,178.36
3mu+,135.416
3pi+,93.7024
pi+,176.75
2pi+,175.532
3mu+,188.842
pi+,445.211
pi+,405.23
2pi+,404.106
3pi+,359.856
pi+,61.7581
pi+,425.852
pi+,1405.94
2pi+,1403.45
3pi+,1369.12
mu-,39.1078
mu+,140.442
2mu+,99.8409
pi-,435.763
2pi-,434.433
3mu-,372.749
pi+,305.243
2pi+,248.062
pi+,426.494
pi+,1449.64
2pi-,2159.22
pi+,538.798
mu-,269.106
2mu-,187.486
pi-,607.276
2pi-,568.77
3pi-,468.652
2pi-,22.1779
pi+,343.089
2pi+,341.777
3mu+,312.655
pi-,393.904
3pi-,1545.59
pi-,1339.25
mu-,46.3281
2mu-,43.7759
3mu-,41.2704
2pi-,534.4
pi+,325.732
pi-,90.7236
2mu-,45.9408
3mu-,43.7851
mu-,53.8599
mu+,436.078
2mu+,434.961
3mu+,433.829
mu-,89.4002
pi+,1796.88
2pi-,104.344
pi-,130.198
2pi-,128.784
3mu-,65.9489
2mu+,1183.93
mu-,82.931
2mu-,81.3495
3mu-,62.5516
pi-,502.891
2pi-,469.136
3pi-,382.304
pi+,286.128
2pi+,285.007
3pi+,283.765
pi+,242.582
2mu+,171.766
3mu+,84.2516
pi-,457.932
2mu-,252.28
3mu-,251.076
pi-,452.859
2pi-,451.464
mu+,505.646
2mu+,471.443
3mu+,411.848
pi+,414.341
2pi+,412.392
3pi+,411.217
pi+,735.277
2pi+,734.154
pi+,914.554
2pi+,855.837
3pi-,152.153
pi+,166.031
2mu+,76.9075
pi+,894.67
2mu+,420.578
pi+,55.0914
pi-,357.417
2pi-,355.721
3mu-,367.844
pi-,675.662
2mu-,529.271
3mu-,527.353
mu+,24.7629
2mu+,21.8619
3mu+,18.2211
pi+,1797.41
3mu+,1141.57
pi+,87.0948
pi+,2180.52
pi+,805.879
mu-,169.767
pi+,486.972
2pi+,485.707
3pi+,397.189
pi-,242.324
pi-,427.092
2pi-,425.757
3pi-,364.963
pi+,349.888
2pi+,348.268
3mu+,177.907
pi-,1242.17
2pi-,1181.09
mu+,203.015
pi+,2021.63
pi-,212.553
2pi-,140.595
3pi-,139.297
mu-,114.767
2mu-,101.482
3mu-,100.202
pi-,171.118
2mu-,132.807
3mu-,131.277
pi+,233.648
mu-,215.424
3pi-,1326.35
3mu+,1069.65
pi+,736.319
pi-,923.378
pi-,726.977
2pi-,725.748
pi+,1774.03
2pi+,1667.88
3mu+,237.372
pi+,475.042
2mu+,271.332
3mu+,194.055
pi+,3868.2
mu+,55.4139
2mu+,53.6532
pi+,98.8826
2mu+,77.9569
pi+,898.013
pi-,519.49
2pi-,518.078
3pi-,487.6
pi-,544.421
pi+,293.01
2pi+,281.998
3mu+,191.668
mu+,138.983
pi-,629.291
3pi-,394.329
pi-,401.058
pi-,204.419
2pi-,202.225
3pi-,574.295
2mu+,124.13
pi-,89.0158
2mu-,72.5595
pi+,235.648
pi+,2968.65
2pi+,2967.37
3pi+,2965.76
pi-,1297.52
pi-,539.159
2pi-,537.984
3pi-,509.264
pi+,241.629
2mu+,151.382
3mu+,129.388
pi-,1290.27
mu+,273.042
2mu+,22.0413
pi+,214.389
pi-,416.36
2pi-,414.913
3pi-,413.707
pi+,1097.02
mu-,39.5214
2mu-,37.3878
3mu-,34.868
pi+,340.595
mu-,343.798
3mu-,155.113
pi+,297.182
2mu+,130.451
pi-,967.368
2pi-,966.124
pi-,1320.25
pi+,517.803
pi+,504.084
2pi+,341.295
pi-,458.62
mu-,155.403
2mu-,153.782
3mu-,152.66
mu+,61.8438
2mu+,59.9968
pi+,801.366
2pi+,798.812
3pi+,721.205
mu+,804.292
2mu+,802.973
3mu+,724.906
mu-,244.17
pi+,576.29
pi+,172.938
2mu+,162.136
3mu+,64.6302
pi+,685.02
2mu+,704.091
3mu+,702.661
mu+,501.952
2mu+,500.826
3mu+,450.199
pi-,456.223
mu+,200.431
2mu+,159.855
pi+,566.517
pi-,1003.81
2pi-,1002.41
3pi-,949.568
pi-,138.032
2pi-,136.737
pi+,523.832
2pi+,521.564
3pi+,443.481
2mu-,398.082
3mu-,346.675
pi-,923.187
2pi-,921.877
3pi-,843.947
pi-,285.656
2pi-,235.247
pi-,682.835
pi-,317.133
3pi-,507.927
mu-,199.273
pi-,256.693
pi-,330.105
mu+,1049.75
2mu+,982.056
pi+,706.548
pi+,580.821
2pi+,388.598
pi+,531.598
pi-,2647.26
pi+,146.574
2pi+,144.788
3pi+,97.6012
mu+,99.1112
pi-,590.077
2pi-,530.817
3pi-,438.378
pi-,583.49
2mu-,372.451
3mu-,332.471
mu+,293.688
2mu+,201.403
3mu+,167.451
pi-,485.661
pi-,195.929
2pi-,142.429
3pi-,141.132
mu+,261.051
2mu+,133.983
3mu+,132.012
pi-,79.7962
2mu-,71.3461
3mu-,69.4403
mu-,114.505
2mu-,111.467
3mu-,110.123
pi+,183.016
2pi+,181.741
3pi+,180.503
3pi+,211.652
3pi-,1269.86
2pi-,1255.99
3pi-,1163.52
pi-,258.841
2pi-,257.658
3pi-,256.57
pi-,961.936
pi+,1285.31
pi-,633.798
2pi-,589.777
mu+,306.803
2mu+,303.519
3mu+,277.919
pi+,388.605
pi-,561.585
2mu-,466.641
3mu-,396.701
pi-,917.655
2pi-,855.709
pi-,1641.19
mu-,412.817
2mu-,409.71
3mu-,407.87
pi+,2392.47
3pi-,792.734
pi+,1290.6
pi-,804.008
2pi-,802.721
3pi-,801.385
pi+,677.996
2pi+,174.587
pi-,711.08
2pi-,709.964
3mu-,591.352
mu+,75.8553
2mu+,74.4876
pi+,183.335
2pi+,182.05
3mu+,199.653
pi+,728.312
mu+,206.593
2mu+,205.333
3mu+,160.211
pi+,643.632
pi-,536.922
2pi-,535.673
3pi-,468.475
mu+,217.64
2mu+,216.377
3mu+,194.323
mu+,402.082
2mu+,270.936
3mu+,197.183
pi-,732.379
2pi-,731.321
3pi-,700.939
pi-,773.451
2pi-,772.27
3pi-,704.651
pi-,515.24
2mu-,509.05
3mu-,464.61
mu-,163.461
2mu-,141.314
3mu-,69.4907
pi-,1199.95
2mu-,972.545
3mu-,903.187
pi-,395.474
pi+,270.368
2pi-,481.141
pi-,256.018
2mu-,251.541
3mu-,154.098
pi-,87.9903
pi-,248.932
2mu-,240.946
3mu-,239.597
pi+,392.967
pi-,1080.23
2pi-,1078.17
3pi-,1023.11
pi+,288.56
2pi+,239.687
3pi+,136.719
mu-,481.785
2mu-,480.629
3mu-,418.28
pi-,803.606
pi+,1080.14
pi-,635.442
2mu-,448.147
3mu-,408.531
mu-,124.123
pi+,1208.48
2pi+,1207.36
3mu+,911.212
pi+,791.624
pi-,110.48
3mu-,359.62
mu+,95.9954
pi+,2212.27
pi-,381.349
pi-,264.202
mu-,668.283
2mu-,656.811
3mu-,515.783
pi+,159.789
3mu+,7.39514
pi+,211.508
pi-,1104.86
mu-,158.27
pi+,169.622
2pi+,168.284
3mu+,103.353
pi+,339.577
2pi+,338.227
pi-,1816.77
pi-,217.975
mu-,429.629
2mu-,428.206
3mu-,380.972
pi+,205.45
2pi+,191.308
mu-,204.373
2mu-,95.5635
pi-,539.161
2pi-,518.808
3pi-,437.275
mu+,172.476
2mu+,171.271
3mu+,170.016
pi-,318.568
2pi-,278.43
3pi-,255.486
pi-,2609.85
pi+,730.571
2mu+,428.363
3mu+,402.382
pi+,626.866
2pi+,602.759
3mu+,487.95
pi-,411.385
2pi-,409.993
pi+,2070.88
pi-,231.026
2pi-,216.161
mu-,37.7708
2mu-,35.496
3mu-,32.2395
pi+,354.534
2pi+,353.161
3pi+,351.699
pi+,505.56
2pi+,331.506
pi-,238.825
mu-,681.653
2mu-,679.714
3mu-,612.956
pi+,412.577
3mu+,492.425
mu+,73.1338
2mu+,71.5702
3mu+,70.0112
pi-,322.444
2mu-,276.973
3mu-,186.894
mu+,654.36
2mu+,641.617
3mu+,537.957
pi-,159.68
2pi-,158.324
3pi-,129.74
pi+,113.346
2pi+,97.8161
3mu+,39.2983
pi+,914.289
3mu+,332.831
2mu-,1035.87
pi-,123.745
pi-,781.689
2pi-,735.85
pi-,85.6656
2mu-,94.3786
2pi+,452.054
pi+,1923.34
pi+,273.181
pi+,601.533
3mu+,126.497
2pi-,276.299
3pi-,186.832
mu+,317.954
2mu+,316.92
3mu+,315.535
pi-,130.114
2mu-,141.383
3mu-,72.803
mu-,108.142
2mu-,106.777
3mu-,104.862
pi-,134.47
2pi-,25.6571
3mu-,31.7472
mu+,161.162
2pi-,398.446
pi+,478.259
2mu+,482.385
3mu+,420.309
pi-,1719.4
2pi-,1717.41
3pi-,1716.09
pi+,871.626
pi-,682.472
pi+,2197.97
mu+,730.558
3mu+,470.41
mu+,317.749
2mu+,316.406
3mu+,315.068
pi-,350.831
pi-,50.7528
pi+,425.977
pi-,1817.35
pi-,527.044
pi+,743.28
2mu+,506.85
3mu+,445.851
pi+,981.033
pi-,66.2332
2mu-,23.161
3mu-,19.6004
pi-,57.7483
pi+,696.151
2pi+,695.011
pi-,698.067
2mu-,444.287
3mu-,401.754
pi-,493.775
pi+,326.861
2mu+,158.307
3mu+,95.6768
3pi-,380.003
pi+,1565.55
pi+,425.24
2pi+,424.053
pi+,496.039
2pi+,483.272
pi-,490.255
2pi-,459.949
3mu-,317.812
pi-,724.696
mu-,380.955
3mu-,107.552
pi+,542.935
3pi+,28.0403
3pi-,252.757
pi+,137.935
pi-,1200.51
mu+,515.185
2mu+,514.103
3mu+,450.551
mu+,639.842
2mu+,638.634
3mu+,613.544
pi+,670.901
2pi+,669.588
3mu+,520.313
mu-,245.966
2mu-,244.463
3mu-,192.994
2pi-,895.98
pi+,64.9338
pi-,1233.02
pi-,239.283
2pi-,215.844
2pi-,51.9798
pi+,1051.95
2pi+,1050.75
3pi+,981.371
pi+,179.862
2pi+,178.369
3mu+,94.2975
mu+,413.66
2mu+,412.319
3mu+,411.06
mu+,220.811
2mu+,143.074
pi+,761.283
pi+,283.802
2pi+,282.64
3pi+,278.337
2pi-,756.13
pi-,52.8354
3mu+,729.914
mu-,187.795
2mu-,186.488
3mu-,128.797
2pi+,154.268
pi+,1450.13
pi-,28.1935
pi+,2001.79
pi+,45.0489
2pi+,42.3942
3mu+,41.2559
pi+,466.974
2mu+,448.375
3mu+,386.093
pi+,1260.05
2pi+,1105.48
3pi+,1053.13
mu+,97.6378
mu-,205.934
2mu-,120.959
pi+,542.951
3mu+,93.961
mu+,89.5151
2mu+,87.602
pi-,123.98
pi-,261.291
mu+,252.001
pi-,593.155
2pi-,74.3865
pi+,935.747
mu-,467.358
3mu-,115.999
pi-,843.631
2mu+,131.38
3mu+,130.039
pi+,1157.38
pi-,230.514
2pi-,229.16
3mu-,108.761
pi+,486.274
pi+,541.55
2pi+,452.457
3mu+,314.829
pi-,649.792
2pi-,648.597
3pi-,647.373
pi-,746.583
2pi+,170.166
pi-,798.307
mu+,210.843
pi+,1123.15
2pi+,1036.95
3pi+,959.812
mu+,95.9172
pi+,416.668
mu-,204.958
2mu-,203.424
3mu-,202.203
pi-,329.208
pi-,438.538
2pi-,390.634
mu+,333.147
2mu+,331.007
3mu+,328.816
pi-,1065.71
pi-,310.359
pi+,228
2mu+,83.8231
2pi+,176.756
pi-,1184.95
2pi-,1080.41
pi-,719.79
pi+,555.995
2mu+,202.073
3mu+,191.637
mu-,190.257
2mu-,186.462
3mu-,141.345
2mu-,128.751
mu-,497.488
2mu-,496.371
3mu-,439.095
pi+,646.097
mu+,151.825
2mu+,15.8715
pi+,142.639
2pi+,141.3
3mu+,134.504
mu-,68.5576
pi-,335.522
2pi-,334.276
pi-,1957.17
pi-,978.694
2pi-,975.554
3pi-,974.432
pi+,1366.9
pi+,1373.6
2mu+,939.585
3mu+,938.322
pi+,536.994
2pi+,534.912
3pi+,533.611
mu+,200.182
pi+,1395.75
3pi+,1123.91
pi+,426.642
3mu+,66.8902
mu+,157.177
pi+,381.754
pi+,893.556
2pi+,892.287
3pi+,806.807
pi-,152.945
mu+,913.329
2mu+,911.631
3mu+,909.934
mu-,189.278
2mu-,187.888
3mu-,185.637
2pi+,573.513
pi-,2124.61
3mu-,1008.64
pi+,189.008
2mu+,156.395
3mu+,73.5408
mu-,126.395
2mu-,125.036
3mu-,86.7195
mu+,581.854
2mu+,488.013
2pi+,923.356
pi+,116.984
2pi+,115.268
3mu+,64.7716
3pi+,867.074
pi-,197.165
pi+,212.562
pi+,241.3
mu-,383.476
3mu-,206.17
pi-,229.378
2pi-,226.325
pi+,505.278
2pi+,504.072
3pi+,502.836
pi-,1590.26
2pi-,234.07
3mu-,180.621
pi+,589.338
pi+,333.526
2mu+,232.058
3mu+,230.866
pi+,125.73
2mu+,90.855
3mu+,89.339
mu-,457.782
3mu-,155.842
pi+,307.176
mu+,626.252
2mu+,625.081
3mu+,623.858
pi+,1353.87
2mu-,232.399
pi+,22.2347
pi+,599.239
pi-,121.361
pi+,392.095
pi-,678.051
mu-,134.566
2mu+,123.628
pi+,1338.12
pi-,405.783
2pi-,404.546
pi+,505.317
2pi+,504.248
3pi+,502.899
pi+,289.854
2mu+,170.793
3mu+,169.443
2mu-,381.001
3mu-,246.61
mu+,407.223
3mu+,169.117
pi+,546.307
2pi+,545.089
3pi+,543.839
pi+,329.509
2pi+,328.283
3pi+,327.028
pi-,260.671
pi-,132.863
mu+,97.4255
2mu+,94.7571
3pi-,1347.64
pi-,718.008
2pi-,24.6192
mu-,564.325
2mu-,545.07
3mu-,474.623
pi-,349.253
mu+,287.737
2mu+,285.598
3mu+,265.594
pi+,221.21
2pi+,218.773
2pi+,56.6404
pi-,1329.05
pi-,1008.81
pi+,171.491
2pi+,170.22
pi+,431.832
pi+,416.528
pi+,916.37
mu+,16.8027
mu-,109.144
pi-,1417.93
pi-,336.413
pi-,1020.07
3mu-,649.156
2mu+,75.2679
2mu-,173.785
3mu-,171.923
mu+,486.655
2mu+,485.082
pi-,412.667
2pi-,411.183
3pi-,336.567
3pi-,133.035
3pi+,223.612
3pi-,2176.15
3pi+,70.5313
pi+,2043.02
mu-,716.699
2mu-,715.462
3mu-,631.516
mu+,37.4711
2pi+,47.5308
pi+,1218.34
pi+,38.1443
3pi+,482.423
2pi+,71.5782
pi+,77.7727
2pi-,961.132
pi-,126.9
pi+,437.475
2pi+,436.393
3pi+,393.685
pi+,751.828
2mu+,433.574
3mu+,399.047
mu-,165.777
pi-,985.435
pi+,296.718
pi-,527.357
2pi-,526.137
3pi-,470.594
mu+,673.815
2mu+,671.755
3mu+,614.102
3mu-,24.086
pi+,358.315
mu-,110.136
pi-,467.286
2pi-,446.827
pi+,367.33
2mu+,261.839
3mu+,206.63
mu-,211.525
2mu-,210.4
3mu-,208.955
pi-,1335.32
pi+,417.229
2pi+,389.393
pi-,564.042
mu+,109.899
2mu+,108.136
3mu+,106.644
pi-,205.564
2pi-,204.223
3pi-,63.0688
2mu-,470.701
pi-,123.115
pi-,135.683
2mu-,78.4246
pi-,463.137
pi-,196.908
2pi-,195.632
3pi-,169.372
pi-,581.876
pi+,1975.79
2pi+,1974.55
3pi+,1875.52
mu+,366.926
2mu+,365.747
3mu+,364.199
pi-,979.69
2pi-,978.384
pi+,2183.17
pi+,165.908
2pi+,164.539
3pi+,163.121
pi-,273.056
pi+,1098.29
2pi+,995.082
pi-,578.597
3pi+,121.657
3pi-,747.943
3pi+,933.824
3pi-,1561.03
pi+,410.141
2pi+,307.457
3mu+,162.987
mu-,825.027
3mu-,574.546
pi+,613.507
2pi+,496.197
3pi+,406.758
pi+,1784.65
3mu+,960.658
pi-,580.999
2pi-,579.719
3pi-,530.866
mu+,407.691
3mu+,122.868
pi+,1146.66
2pi+,1058.54
pi+,823.226
2pi+,822.143
3pi+,820.947
mu+,513.065
3mu+,132.337
pi+,671.642
pi-,660.739
pi-,186.271
2pi-,184.911
3pi-,161.64
mu-,255.362
pi-,135.018
2pi-,133.509
pi-,409.105
pi+,197.547
2pi+,196.106
3pi+,122.437
pi+,1597.87
pi-,1372.17
2mu-,302.831
pi-,529.698
2mu-,473.459
3mu-,416.483
2pi-,476.608
3pi-,393.126
3pi-,1348.88
3pi-,797.369
3pi+,541.062
3pi-,903.681
mu+,486.639
2mu+,455.947
3mu+,394.714
pi+,865.612
pi-,592.054
3mu-,97.3111
pi+,223.725
2pi+,222.373
3pi+,166.857
pi+,1246.56
2pi+,1245.13
3pi+,1190.53
pi+,1917.05
2pi-,1133.03
2mu-,158.804
3mu-,157.524
mu+,92.2471
pi+,600.969
2pi+,564.259
pi+,303.387
2pi+,264.06
2pi+,47.9275
mu+,213.923
2mu+,174.816
3mu+,70.8113
2mu-,253.688
mu-,149.281
2mu-,147.942
3mu-,145.98
pi+,659.146
pi+,135.485
pi+,2054.22
2pi+,2052.93
3pi+,2007.34
pi+,450.003
mu-,481.462
2mu-,463.046
3mu-,401.766
pi-,1947.32
mu-,368.068
2mu-,271.845
3mu-,186.999
pi-,80.9343
2pi-,65.203
3mu-,22.6326
mu-,119.596
pi+,1625.05
2pi+,1623.75
3pi+,1558.24
mu-,202.117
2mu-,140.476
pi-,667.831
pi+,181.065
2mu+,144.003
3mu+,132.454
2mu+,251.642
3mu+,150.539
pi+,499.255
2mu+,256.907
pi+,441.083
2mu+,398.169
3mu+,348.86
mu-,109.9
2mu-,108.487
3mu-,73.1933
2pi+,328.969
mu+,220.221
2mu+,218.918
3mu+,208.166
pi+,361.846
pi-,1515.94
pi+,372.92
2mu+,198.678
3mu+,197.399
pi+,476.827
2pi+,474.897
3mu+,384.494
pi-,1124.62
2pi-,65.8642
pi+,518.376
pi+,608.575
2pi+,607.299
3pi+,526.337
2mu-,114.555
mu+,263.75
2mu+,262.472
3mu+,190.654
pi+,207.468
2pi+,165.197
3pi+,163.764
pi+,415.621
2pi+,402.604
3pi+,353.274
pi-,1248.39
2pi-,1246.7
3pi-,1245.5
pi+,112.548
pi-,872.171
2pi+,196.036
3mu+,202.695
pi-,775.117
2pi-,773.946
2pi-,355.707
pi-,1471.37
2pi-,1470.23
3pi-,1469.01
mu+,30.5718
pi+,276.758
mu+,84.0062
2mu+,81.4719
pi+,3833.78
pi+,1938.35
mu-,16.4609
2mu-,12.3837
3mu-,5.91922
mu-,797.129
2mu-,795.931
3mu-,794.8
pi+,404.792
2pi+,403.496
3pi+,352.74
pi+,2218.36
pi+,308.414
mu-,68.6068
2mu-,66.7255
3mu-,65.2439
2pi+,200.82
pi-,463.509
2pi-,460.539
3pi-,412.666
3pi-,848.188
2mu-,61.7637
pi-,300.072
2pi-,298.86
3mu-,241.945
pi-,438.782
2pi-,386.98
pi-,297.431
2pi-,296.035
3mu-,209.516
pi-,140.109
2mu-,133.851
pi-,918.614
3mu+,589.121
3mu-,137.852
pi+,692.61
2pi+,471.713
pi+,148.128
pi-,520.237
mu-,1048.3
pi+,1224.37
2pi+,1223.26
pi-,738.225
2pi-,736.926
pi+,1605.23
pi+,884.947
2pi+,883.51
3pi+,814.717
mu-,122.299
pi-,192.262
mu-,4731.24
pi-,210.125
pi-,2611.02
pi+,914.87
pi+,978.634
2pi+,957.79
3pi+,787.165
pi-,605.689
pi+,392.587
pi+,690.045
mu+,398.866
2mu+,322.95
3mu+,184.19
pi+,566.623
2mu+,417.167
3mu+,359.052
pi-,479.819
2pi-,478.615
3pi-,431.055
4pi+,283.8
mu+,473.025
2mu+,443.893
3mu+,395.335
3pi-,1010.37
pi-,479.398
2pi-,468.825
3pi-,372.254
pi+,575.279
2pi+,540.004
3mu+,327.195
pi-,544.265
2pi-,414.517
2pi-,583.678
3mu+,424.221
pi-,1135.75
2pi-,1134.51
3pi-,1133.03
pi+,1369.5
3mu+,609.86
2pi-,298.041
3mu+,16.1981
2pi-,283.421
pi-,298.777
2mu-,308.994
3mu-,227.057
pi-,456.572
2mu-,289.116
3mu-,173.178
pi-,563.546
pi-,115.926
2pi-,114.303
3mu-,40.9088
pi-,125.674
pi-,569.916
pi+,920.939
2pi+,841.067
pi-,358.94
pi+,90.185
pi-,404.906
2mu-,306.654
mu+,1411.16
2mu+,1409.81
3mu+,1369.5
pi-,222.773
2mu-,201.493
3mu-,200.094
pi-,437.003
pi+,247.353
pi+,72.864
mu-,48.4343
pi-,716.42
2pi-,714.9
3pi-,673.541
pi-,206.101
pi-,2618.03
pi+,1397.02
pi-,299.085
2pi-,297.979
3pi-,292.795
pi-,672.985
2pi-,660.995
3pi-,578.187
pi-,1095.99
2pi-,1094.87
3pi-,1031.78
mu+,1091.96
2mu+,1060.95
3mu+,988.579
pi+,749.75
2pi+,748.503
3pi+,660.246
pi+,2506.08
2pi+,2504.32
3pi+,2460.99
3mu-,240.791
pi+,542.36
2mu+,499.212
3mu+,441.408
pi-,1177.41
pi+,733.262
mu-,106.538
2mu-,53.897
pi+,79.0422
pi+,115.665
pi+,1237.58
pi-,619.852
pi+,658.242
2mu+,488.066
3mu+,416.267
pi-,246.082
3pi+,919.355
3pi-,446.091
pi+,796.831
pi+,174.685
pi+,15.1671
pi-,745.575
2pi-,743.892
pi+,531.345
2pi+,530.045
3pi+,528.854
pi+,597.268
2pi+,596.08
3pi+,595.016
mu+,451.642
3mu+,177.154
pi+,1881.81
pi-,764.431
2pi-,762.797
mu-,250.099
pi+,754.94
3pi-,102.894
2mu-,136.655
pi+,290.546
2pi+,289.004
3pi+,268.429
pi+,268.962
pi-,593.243
2pi-,422.076
3pi-,349.719
pi+,224.601
pi+,930.767
2pi+,929.547
3pi+,843.4
pi-,610.079
pi+,241.487
2pi+,180.031
3mu+,44.5448
pi-,274.466
pi+,621.982
3pi-,220.744
pi+,1119.14
2pi+,1073.22
pi-,1130.76
2pi-,1023.39
mu-,402.769
2mu-,401.474
3mu-,360.38
pi+,466.918
pi-,599.907
2pi-,598.777
3pi-,508.641
pi+,751.344
2pi+,750.123
3pi+,748.322
pi-,301.606
2mu-,220.045
3mu-,218.68
pi+,568.663
2pi+,565.441
pi+,502.947
2pi+,469.78
pi-,903.247
pi-,774.531
pi-,1273.46
mu+,159.767
2mu+,158.474
3mu+,95.1267
pi+,123.782
mu-,414.529
2mu-,413.037
3mu-,372.767
pi+,671.381
pi-,57.1726
mu-,611.863
2mu-,610.126
3mu-,560.34
pi-,157.656
pi+,132.069
pi+,1443.89
pi-,569.09
2pi-,567.718
3pi-,474.705
mu+,105.214
pi-,84.8558
2pi-,200.917
pi+,1536.91
2pi+,1535.66
3pi+,1472.62
mu+,158.46
2mu+,156.632
3mu+,155.361
pi-,485.542
2pi-,421.325
2pi-,116.559
2pi+,332.886
pi-,514.669
pi+,556.995
pi+,1676.03
mu+,35.7888
2mu+,18.1975
3mu+,13.9315
mu+,82.7819
pi-,1363.45
pi-,421.495
pi+,129.016
2pi+,127.551
pi+,1249.21
mu+,180.689
2mu+,168.854
3mu+,88.9044
pi-,356.047
2mu-,24.2696
mu-,232.153
2mu-,170.043
pi+,741.721
3mu+,243.6
pi-,405.307
pi+,382.654
2pi+,380.97
3mu+,383.764
pi+,707.687
2pi+,527.787
pi+,383.839
pi-,983.877
2pi-,982.704
pi+,68.4038
2mu+,47.7799
3mu+,45.8958
pi+,1168.89
2pi-,251.133
3mu-,80.5869
mu-,88.2436
2mu-,86.3702
3mu-,83.7315
pi-,980.346
2pi-,979.201
3pi-,827.109
pi-,215.626
pi-,102.375
pi+,1588.14
3pi+,1262.41
mu+,97.334
pi+,132.666
2mu-,638.577
3pi+,447.466
pi-,398.552
mu-,136.374
2mu-,134.768
3mu-,133.166
mu-,101.55
pi+,1741.96
2pi+,1740.65
3pi+,1739.41
pi+,1102.04
2pi+,1019.34
pi-,79.6913
pi-,1850.84
pi+,42.2446
pi+,376.198
pi+,950.636
2pi+,949.398
3pi+,857.542
pi+,482.082
pi-,525.061
2pi-,523.929
3pi-,435.603
pi+,55.5294
pi-,708.488
2mu-,729.36
3mu-,727.575
pi+,1658.11
2mu+,397.817
pi+,356.332
2pi+,355.082
3mu+,207.397
mu+,160.922
2mu+,159.688
3mu+,158.181
mu+,117.73
2mu+,104.797
3mu+,103.098
pi+,1352.69
mu+,289.975
2mu+,288.466
3mu+,235.303
pi+,1812.86
mu-,692.889
3mu-,417.357
mu+,342.552
2mu+,341.386
3mu+,340.127
pi+,728.448
2pi+,713.18
mu+,17.8577
pi-,1142.65
2pi-,501.801
3pi-,385.465
pi-,971.143
2pi-,950.819
3pi-,861.94
2mu-,249.189
3mu-,164.64
3mu+,188.148
pi-,535.936
pi+,1963.53
2pi-,421.411
3pi-,362.399
pi+,684.563
3mu+,326.171
pi-,269.964
3pi-,333.388
pi-,271.539
2mu-,160.297
3mu-,158.812
pi+,235.647
pi+,769.796
pi+,47.1112
mu+,160.273
2mu+,158.438
3mu+,157.31
pi+,354.13
2mu+,281.346
3mu+,209.346
pi+,1163.11
pi-,23.9235
mu+,509.615
2pi+,445.027
3pi+,414.194
2mu-,231.112
2pi+,562.03
3mu+,533.007
pi+,954.502
2pi+,905.366
3pi+,754.64
pi-,193.983
2mu-,141.326
3mu-,77.1557
3pi-,623.269
pi-,429.909
pi+,1314.06
2pi+,1312.9
3pi+,1311.62
pi-,615.668
pi-,548.744
2mu-,486.405
3mu-,427.958
mu-,324.124
3mu-,16.7287
pi+,1229.59
3pi+,909.471
mu+,409.101
2mu+,407.914
3mu+,369.73
pi-,751.56
2pi-,722.866
3pi-,653.104
pi-,1330.07
mu+,216.876
2mu+,153.286
pi+,345.373
2pi-,45.5551
pi-,322.911
pi-,3108.92
2pi-,62.7488
3mu+,310.422
pi+,476.39
2pi+,474.904
3pi+,412.123
2pi-,86.4036
pi+,84.1823
pi+,485.123
2pi+,471.622
mu+,374.32
2mu+,373.096
3mu+,371.726
pi-,522.603
3mu-,225.188
pi+,402.256
pi+,109.163
mu-,950.105
3mu-,538.647
mu-,193.541
2mu+,184.67
3mu+,92.7434
pi+,3281.04
pi+,796.571
pi+,120.429
2mu+,213.437
mu-,158.887
2mu-,14.1598
3mu-,8.7518
pi+,502.938
2pi+,274.335
pi+,143.388
pi+,1809.47
2pi+,12.9403
mu+,232.46
2mu+,230.739
3mu+,167.774
mu+,311.361
2mu+,139.51
3mu+,126.081
pi+,93.9836
mu+,1212.42
2mu+,1211.25
3mu+,1085.99
pi+,2248.22
2pi+,2246.97
3pi+,2245.66
pi-,225.961
3mu-,106.941
pi+,346.519
mu-,32.9499
pi-,2193
2pi-,2191.87
3pi-,2190.68
pi+,473.972
2mu+,273.763
3mu+,272.614
pi+,107.602
pi-,149.916
2pi-,69.4636
3pi-,67.0512
pi+,505.04
2pi+,503.682
3mu+,383.896
mu-,40.6948
2mu-,38.3416
mu-,22.9807
2mu-,19.1768
pi+,216.534
2pi+,133.416
pi+,316.193
pi-,138.564
2mu-,117.956
3mu-,116.106
pi+,407.668
2mu+,372.464
3mu+,371.035
pi-,479.467
2pi-,422.414
pi+,639.129
2mu+,397.569
3mu+,323.171
pi+,132.382
2mu+,3.60557
pi-,29.5483
2mu-,3.94477
pi+,834.001
2mu+,784.671
3mu+,365.089
pi-,800.995
mu-,499.418
2mu-,498.003
3mu-,461.48
mu-,208.747
2mu-,207.53
3mu-,204.542
mu+,1806.49
2mu+,1805.2
3mu+,1803.52
mu+,196.204
2mu+,194.818
3mu+,193.364
pi+,676.796
2pi+,675.671
3pi+,674.136
pi+,372.27
2pi+,371.052
3mu+,373.665
mu+,479.873
2mu+,478.376
3mu+,413.679
pi-,889.154
2mu-,684.441
3mu-,576.224
pi+,1140.71
2pi+,1035.91
pi+,425.998
2mu+,237.458
3mu+,235.621
pi+,338.401
pi+,775.441
2pi+,381.114
pi+,162.241
pi-,575.476
2pi-,508.207
mu-,28.7223
2mu-,26.1287
3mu-,22.792
pi+,936.067
3mu+,492.006
2mu+,522.437
pi+,1018.58
pi+,1300.23
mu-,285.498
2mu-,259.088
3mu-,145.396
pi+,174.521
2mu+,136.887
3mu+,73.504
mu+,291.676
2mu+,258.4
3mu+,153.661
mu+,761.882
2mu+,758.662
3mu+,757.489
pi-,485.238
2pi-,439.016
3mu-,253.477
mu+,294.955
pi+,2305.76
mu+,355.922
2mu+,263.217
3mu+,155.586
pi-,558.555
pi-,752.871
2pi-,751.441
3pi-,750.282
mu-,53.3525
3mu+,648.202
pi+,2049.96
pi-,1381.56
2pi+,179.74
mu-,757.244
2mu-,756.079
3mu-,754.833
2pi-,794.413
pi+,987.735
2pi-,324.814
3mu+,37.5802
pi-,1513.56
2pi-,1512.26
3pi-,1427.04
pi+,377.68
2pi+,376.464
3pi+,371.252
pi-,2293.54
2pi-,2292.13
3pi-,191.958
3pi+,694.748
pi+,1817.66
2pi+,254.029
3pi+,172.177
pi+,966.142
2mu+,821.449
pi-,297.537
pi+,1922.21
2pi-,85.0543
mu+,10.4712
pi-,203.779
pi-,556.905
mu+,38.2937
2mu+,35.602
pi-,1923.05
pi-,983.022
2pi-,981.416
3pi-,980.256
pi-,436.175
3mu-,92.6854
3mu+,53.1815
mu-,33.5434
2mu-,30.7689
3mu-,28.0626
mu-,220.853
2mu-,219.579
3mu-,218.043
pi+,1868.87
pi+,322.631
2pi+,291.346
3mu+,225.324
pi+,2892.93
pi+,178.187
2pi+,176.969
3pi+,175.501
pi+,1599.94
pi+,494.326
pi+,172.739
pi-,296.569
mu+,61.8517
pi+,229.12
2pi+,227.811
mu-,53.7162
2mu-,49.9727
mu+,64.7187
2mu+,63.2021
3mu+,29.6636
pi+,678.455
3pi+,361.843
mu-,34.172
pi-,710.237
2pi-,709.076
3pi-,657.78
mu-,1.35456
pi+,137.704
pi+,507.268
pi-,653.416
2pi-,652.337
mu-,48.2051
2mu-,45.9002
3mu-,41.1821
pi-,629.708
2pi-,628.159
3pi-,626.944
pi+,1156.64
2pi+,1096.06
pi-,138.932
2mu-,101.206
3mu-,99.8759
pi+,2465.37
2pi+,2464.14
3pi+,2435.29
mu-,113.543
2mu-,112.306
3mu-,110.869
pi-,265.999
2mu-,224.802
3mu-,150.388
pi-,954.249
2pi-,952.959
3pi-,871.359
pi+,305.898
2mu+,255.265
3mu+,233.925
mu-,189.693
2mu-,149.891
3mu-,123.847
pi+,898.889
pi+,1226.62
pi+,593.765
mu+,24.1413
pi+,397.966
3mu+,4.08579
pi-,291.553
pi-,277.974
pi+,544.67
2mu+,433.802
pi+,562.006
pi+,702.575
2pi+,701.261
3pi+,621.131
mu-,87.2821
pi+,581.843
2pi+,580.657
pi-,310.839
2pi-,264.505
3pi-,263.24
pi+,1215.29
pi+,451.042
pi+,1277.35
2pi+,649.679
pi-,789.667
2pi-,788.517
3pi-,787.231
pi+,383.461
mu+,178.676
pi+,269.514
3mu+,19.8591
pi-,686.765
2pi-,575.653
pi-,331.363
2pi-,266.433
3pi-,143.938
pi+,232.246
2pi+,231.04
3mu+,104.254
pi-,982.967
pi+,1879.43
2pi+,21.8271
pi+,722.258
pi+,3428.13
2pi+,1210.66
pi-,456.622
2mu-,314.528
3mu-,312.843
pi+,307.646
2pi+,275.795
3pi+,205.924
pi-,588.852
2pi-,587.647
3pi-,494.19
pi-,590.669
2pi-,588.484
3mu-,252.711
pi+,583.933
2pi-,132.257
pi+,613.189
2pi+,575.294
3pi+,486.501
mu+,22.6037
pi+,207.239
pi-,207.291
2pi-,205.593
3pi-,170.383
pi-,505.452
2pi-,272.544
pi+,610.827
2pi+,588.706
pi+,1147.21
pi-,466.589
2mu-,425.679
2mu-,132.353
3mu-,118.487
pi+,93.0767
2pi+,63.254
3mu+,45.6903
pi+,185.075
pi+,1551.24
2mu+,544.385
pi-,1260.37
2pi-,1229.22
3pi-,1171.74
pi-,241.8
mu-,539.16
2mu-,496.988
pi+,394.897
2pi+,393.465
3pi+,354.532
mu+,561.985
2mu+,513.364
pi+,1263.73
pi-,1325.65
pi+,191.075
2pi+,189.806
3mu+,164.563
pi-,589.772
2pi-,588.103
3mu-,469.091
mu-,146.004
pi+,2140.35
2pi+,2138.11
3pi+,2136.55
pi-,1193.3
pi+,1072.71
2pi+,954.033
pi-,1099.95
2pi-,1098.6
3pi-,336.207
pi+,574.774
2mu+,417.899
pi-,334.809
3mu+,566.316
pi+,857.717
2pi+,856.12
pi-,164.037
2pi-,162.685
3pi-,159.579
pi+,746.738
pi+,696.162
pi+,313.187
pi-,763.345
2pi-,761.682
3pi-,760.458
pi+,705.655
2pi-,263.157
pi-,173.699
2pi-,172.256
pi+,352.323
pi-,1100.77
2pi-,1059.44
3pi-,973.108
pi+,557.53
pi+,23.0017
2pi+,18.1429
3pi+,12.1586
pi+,163.866
pi+,987.953
2pi+,986.813
3pi+,904.955
pi-,71.5193
mu+,337.025
2mu+,335.76
3mu+,334.124
pi+,750.151
2pi+,748.897
3pi+,747.776
pi-,989.655
2mu-,622.498
3mu-,517.058
pi+,464.472
2mu+,442.327
3mu+,441.12
pi-,340.169
mu-,103.364
pi+,698.701
2pi+,697.473
3pi+,616.443
pi+,542.665
2pi+,490.394
pi+,453.37
2pi+,422.792
3pi+,357.005
pi+,2198.09
pi+,989.841
pi+,1244.49
2pi-,50.2987
mu-,136.284
2mu-,134.707
3mu-,132.079
pi+,134.394
pi+,861.491
3pi+,608.548
pi-,326.841
2pi-,305.124
3pi-,303.724
pi+,882.127
2pi+,880.399
3pi+,786.083
mu-,183.008
2mu-,181.88
3mu-,180.042
2mu-,38.2707
3mu-,35.8433
pi-,614.487
2pi-,613.168
3pi-,611.999
pi+,1188.68
2mu+,870.222
3mu+,796.349
pi-,267.013
2mu-,293.781
3mu-,212.056
mu-,160.896
2mu-,159.646
3mu-,158.244
mu+,679.95
2mu+,678.607
3mu+,635.313
pi+,1383.65
pi-,676.547
mu+,377.435
2mu+,376.197
3mu+,293.128
pi-,482.75
2pi-,481.519
3pi-,433.617
3mu+,120.647
mu-,106.993
2mu-,105.501
pi-,545.756
2pi-,496.861
pi-,781.72
pi-,697.484
pi-,1899.41
pi+,1395.54
pi+,574.894
2pi+,573.651
3pi+,517.597
3mu-,83.8788
pi-,1452.52
2pi-,393.832
pi+,367.446
pi-,1399.01
pi-,630.103
2pi-,628.23
3pi-,623.686
pi+,449.895
pi+,872.547
pi+,441.322
2mu+,285.661
3mu+,224.923
pi-,385.168
2pi-,384.02
3mu-,317.309
pi+,855.29
2pi+,853.696
2mu+,421.894
pi-,377.006
2mu-,341.029
3mu-,278.827
pi+,374.939
pi+,353.287
2pi+,351.977
pi-,691.127
2mu-,468.584
3mu-,419.568
pi+,205.889
2pi+,86.5944
3mu+,145.545
pi+,498.009
2pi+,478.865
pi+,373.34
pi-,246.859
2pi-,245.75
3pi-,244.49
mu+,111.965
2pi-,327.763
3pi-,220.887
pi+,560.756
2pi+,451.801
3mu+,137.171
2pi+,460.711
pi+,55.6296
pi+,712.187
2pi+,710.906
3pi+,709.306
pi-,1456.77
2pi-,539.645
mu+,182.651
2mu+,181.329
3mu+,179.848
pi-,864.959
2pi-,863.944
3pi-,862.698
pi+,1565.32
2mu+,1048.98
3mu+,976.175
pi-,572.609
2pi-,467.37
3pi-,591.877
pi+,796.736
2pi+,795.591
pi-,260.205
mu-,40.0593
2mu-,37.8027
3mu-,35.6686
3mu-,1247.02
pi+,603.274
2pi+,583.842
3pi+,494.622
mu-,434.625
pi+,1910.09
pi-,1865.54
pi+,1915.98
pi-,552.399
2mu-,502.211
3mu-,440.57
2pi-,170.139
pi+,339.484
2mu-,69.5008
pi-,1288.11
pi+,728.229
pi-,14.9193
mu+,856.868
2mu+,795.157
pi-,934.687
mu+,521.489
2mu+,520.279
3mu+,467.232
pi+,35.0389
2pi+,32.1026
3mu+,48.4875
pi+,1865.97
pi-,128.662
pi-,874.187
pi+,237.731
mu-,468.896
2mu-,467.101
3mu-,380.626
pi+,356.013
pi+,128.023
pi-,1109.72
2mu-,868.154
pi-,692.373
3mu+,85.2244
pi+,1418.21
2pi+,1416.9
3pi+,1384.99
pi-,38.198
pi+,1520.73
2pi+,1517.74
3pi+,1478.13
pi-,384.972
2mu-,227.465
3mu-,226.25
pi+,1782.99
pi+,198.821
2mu+,101.565
pi+,2734.33
2pi+,2733.1
3pi+,2731.72
pi-,351.551
2pi-,350.086
pi-,192.642
mu+,451.553
2mu+,431.747
3mu+,330.567
pi+,2002.48
pi+,337.02
pi-,494.279
pi+,262.33
2pi+,146.297
mu+,23.9068
mu+,199.584
2mu+,198.135
3mu+,140.217
pi-,1544.32
2pi-,1297.09
3pi-,1148.8
mu+,158.046
2mu-,11.7633
pi-,217.473
pi+,253.004
pi+,473.184
pi-,691.266
2pi-,689.01
3pi-,605.917
pi+,1607.1
pi+,1007.84
2pi+,1000.24
pi+,2287.35
2pi+,2284.07
3pi+,2281.35
mu+,291.457
2mu+,205.595
3mu+,146.371
pi-,590.959
mu+,231.442
2mu+,186.017
3mu+,184.672
3pi-,438.376
pi+,1441.24
mu+,508.665
2mu+,433.636
3mu+,303.507
mu+,451.831
3mu+,255.264
pi-,163.67
mu-,439.912
2mu-,429.652
3mu-,372.894
pi-,86.0861
2mu-,34.4441
pi+,581.145
2pi+,554.205
pi+,107.597
2pi+,105.534
pi+,324.958
pi+,159.962
2pi+,158.449
3mu+,127.827
pi-,1280.3
2pi-,1279.09
3pi-,1277.8
2mu+,201.336
3mu+,159.637
pi-,1081.85
2pi-,1080.03
3pi-,271.428
3pi-,447.545
pi+,1241.04
2pi+,1235.93
3pi+,229.699
pi-,889.343
2pi-,888.139
3pi-,823.246
pi-,132.596
pi+,577.391
2pi+,553.102
pi+,888.772
2pi+,887.513
3pi+,886.147
pi+,1728.73
3pi-,381.645
3pi+,516.313
mu+,319.869
2mu+,318.508
3mu+,317.139
mu-,122.76
2mu-,121.304
3mu-,119.602
pi+,78.1909
2mu-,504.562
3mu-,422.211
pi+,560.986
2pi+,513.394
3pi+,423.834
pi+,227.629
2pi+,225.771
3pi+,224.576
pi+,1145.5
2pi+,1144.39
3mu+,1069.75
pi-,529.783
2pi-,500.04
3pi-,424.572
pi-,311.376
2pi-,310.195
3mu-,198.277
pi+,110.601
2pi+,109.156
3mu+,131.591
mu-,156.384
3pi-,422.704
pi-,1314.09
2pi-,1312.81
3pi-,1266.31
pi-,1333.02
pi+,785.331
2pi+,784.03
pi+,2072.69
3mu+,1387.13
pi-,2251.18
2mu+,169.698
3mu+,76.0818
2pi-,106.885
2pi-,78.3288
3mu+,447.228
mu-,130.942
2mu-,129.444
3mu-,79.9654
pi+,1808.95
2pi+,73.6891
mu+,252.542
3mu+,15.3851
mu-,372.008
2mu-,370.637
3mu-,369.326
pi-,410.021
mu-,470.583
pi-,89.8472
2mu-,36.8547
3mu-,34.6732
3pi-,235.857
3pi+,761.635
3pi-,10.1304
3pi+,366.756
pi+,729.483
2mu+,569.938
3mu+,515.902
2pi-,1003.93
pi+,334.113
mu-,283.98
2mu-,282.83
3mu-,281.586
pi+,410.112
2pi+,408.876
3pi+,405.563
pi-,546.549
pi-,774.629
2mu-,422.717
3mu-,370.841
pi+,448.108
mu-,218.437
2mu-,87.5711
pi+,201.799
2pi+,200.571
3mu+,157.674
pi+,851.81
2pi+,850.681
3pi+,748.678
mu+,235.189
3mu+,2587.41
pi+,259.352
2pi+,257.149
3pi+,255.853
pi-,948.929
pi+,1081.42
pi+,661.24
mu-,45.6508
pi+,512.817
2pi+,511.749
pi+,1292.64
2pi+,1291.43
3pi+,353.53
2pi-,430.114
pi-,46.2202
pi+,461.672
2pi+,432.718
3pi+,347.828
pi-,264.143
2pi-,251.605
3mu-,135.246
pi+,3000
2pi+,2998.68
3pi+,2885.19
mu+,210.913
2mu+,198.834
3mu+,124.719
pi+,936.939
2pi+,878.198
3pi-,629.521
pi+,559.511
2pi+,515.502
pi-,758.512
2pi-,76.5365
3pi-,57.4608
pi+,410.727
pi+,78.465
pi+,1685.8
2pi+,1684.74
3pi+,1683.5
pi-,863.797
pi-,698.628
2pi-,697.359
3pi-,650.608
pi+,956.869
pi+,1452.2
pi-,614.477
2mu-,452.578
3mu-,432.407
pi-,1143.86
2pi-,1004.29
pi+,634.146
2pi+,632.979
3pi+,631.693
pi+,879.765
pi-,120.558
2pi-,70.9534
3mu-,23.8413
pi+,1248.95
mu+,70.4111
2mu+,57.337
pi-,354.769
2pi-,353.649
3pi-,352.399
pi-,521.722
2pi-,520.522
3pi-,455.781
pi+,210.549
2pi+,137.867
mu-,646.286
3mu-,320.083
mu+,586.97
2mu+,585.809
3mu+,507.054
pi+,939.873
2pi+,882.405
3mu+,283.951
pi+,254.336
2pi+,161.846
3pi+,123.815
pi+,1626
mu+,205.047
pi+,525.222
pi-,113.594
mu+,272.983
2mu+,145.647
3mu+,79.7033
pi-,696.363
pi-,41.3858
2mu-,58.035
3mu-,56.1932
pi+,266.463
pi+,422.049
2pi+,399.706
pi-,480.723
2pi-,479.034
3pi-,295.269
pi+,846.913
2pi+,837.1
3pi+,702.163
pi-,817.056
2pi-,815.791
3pi-,814.585
2pi+,492.63
3pi+,400.283
pi-,420.375
2mu-,339.661
3mu-,338.507
pi-,919.812
pi+,310.414
2pi+,205.056
3mu+,87.2289
pi+,711.08
2pi-,321.086
3pi-,249.109
pi+,2603.74
mu-,412.76
3mu-,116.548
pi+,588.407
2pi+,553.187
pi+,124.859
pi-,461.245
2pi-,460.017
3pi-,440.514
3pi+,693.041
3pi+,242.543
pi+,196.329
pi+,71.2346
pi-,1012.4
pi+,460.457
2pi+,440.28
3mu+,176.104
pi-,111.9
pi+,1328.91
pi+,289.336
2mu-,166.964
3mu-,76.9674
mu-,547.317
2mu-,477.83
pi+,1347.68
pi+,364.54
2pi-,249.566
pi+,2249.29
2mu+,1352.71
3mu+,1351.15
pi+,335.212
2mu+,253.764
3mu+,177.506
pi+,696.477
2pi+,633.127
mu+,293.97
2mu+,292.744
3mu+,291.577
pi-,675.039
2pi-,673.372
3pi-,601.18
pi-,412.288
2mu-,225.951
3mu-,224.787
3mu-,351.949
pi+,624.347
2pi+,623.103
3pi+,621.795
mu+,225.296
2mu+,224.004
3mu+,134.241
pi-,2223.55
pi+,107.521
pi-,815.247
2pi-,785.72
3pi-,689.07
pi+,989.801
pi+,1243.84
2pi+,1127.69
3pi+,1061.02
pi-,157.916
2pi-,156.513
3mu-,56.2924
pi+,441.507
2pi+,418.887
3pi+,344.361
pi-,78.0239
pi-,449.262
2pi-,448.061
pi+,300.66
2pi+,267.8
3pi+,196.096
pi-,151.866
2pi-,121.448
pi-,283.918
2pi-,281.646
pi-,718.94
pi-,1382.99
2mu+,531.575
pi+,528.978
2pi-,97.8175
pi+,891.862
pi+,757.736
2pi+,756.605
3pi+,170.037
2pi-,209.204
3pi-,207.825
2pi-,29.1707
mu-,29.0569
pi+,687.805
pi-,637.189
2pi-,635.955
3pi-,634.749
pi+,669.617
2pi+,668.446
3pi+,647.874
pi+,153.737
2pi+,151.999
pi+,451.165
2pi+,449.767
3pi+,406.057
2pi-,413.487
pi-,92.2494
pi+,1187.27
pi-,201.392
2mu+,85.7804
3mu+,83.0356
pi+,1048.15
2mu+,197.298
3mu+,90.1169
pi-,247.782
2pi-,185.583
3pi-,129.259
pi+,411.211
pi-,63.8549
pi-,332.405
pi+,550.515
2pi+,547.221
3mu+,444.565
mu+,499.609
2mu+,498.352
3mu+,497.192
pi+,220.682
pi+,2220
pi+,536.595
mu+,466.887
2mu+,443.409
3mu+,315.559
pi+,246.058
2mu+,196.924
3mu+,143.333
pi-,253.88
2mu-,165.192
3mu-,74.7854
pi-,1308.51
pi-,221.746
2mu-,131.675
3mu-,130.183
pi+,251.477
2pi+,249.902
3pi+,248.414
pi-,732.739
3mu-,206.92
3pi-,795.656
3pi-,211.955
3mu-,45.7018
pi-,392.77
2pi-,274.693
3pi-,177.144
pi+,184.649
mu+,212.732
2mu+,144.889
mu+,101.229
pi-,727.065
2pi-,694.951
pi-,359.337
2mu-,232.511
3mu-,141.015
pi+,568.898
3pi+,561.235
pi+,1007.71
2pi+,975.976
3mu+,701.514
3mu-,75.2553
pi+,672.062
pi-,1550.72
pi+,122.091
pi+,375.905
2pi+,105.496
mu-,231.833
pi+,1947.72
2pi+,1946.15
3pi+,1944.91
pi-,723.956
2pi-,675.757
mu+,71.6088
2mu+,69.8462
3mu+,68.1918
mu-,700.432
2mu-,699.024
3mu-,697.674
pi-,731.506
2pi-,309.253
pi-,121.482
pi+,1961.95
pi-,669.518
mu-,549.512
2mu-,452.656
mu-,135.576
pi+,389.424
pi-,992.252
2pi-,971.979
3pi-,758.934
pi+,410.218
pi-,368.883
2pi-,293.947
pi-,1686.24
pi+,1366.53
pi+,3324.15
pi+,443.356
2pi+,431.667
3pi+,359.796
mu+,93.215
pi-,671.017
pi+,532.817
2pi+,531.638
3pi+,499.449
pi+,280.771
2pi+,279.32
3pi+,216.432
pi+,408.048
2mu+,190.632
3mu+,189.303
pi+,69.9718
pi+,561.579
2mu+,586.678
3mu+,494.925
pi-,1139.65
2pi-,1119.73
pi+,745.743
2pi+,685.219
pi+,1353.44
2pi+,1352.3
3pi+,1350.66
mu-,51.0491
2mu-,49.0911
3mu-,21.3864
pi+,1725.61
2pi+,1724.39
3pi+,1721.96
pi-,276.155
pi-,894.893
2pi-,893.744
pi-,42.6966
2pi-,39.4571
2mu-,27.7722
3mu-,24.3973
mu+,713.283
pi+,643.312
mu+,391.132
2mu+,279.378
pi-,1859.06
pi-,35.5322
mu+,236.267
2mu+,234.897
3mu+,202.385
pi-,858.659
2mu-,678.949
3mu-,606.448
pi+,604.543
mu+,62.8572
pi-,442.032
2pi-,431.964
3pi-,377.144
pi+,992.621
2mu+,806.701
pi-,388.744
2pi-,387.547
3pi-,386.335
pi-,496.948
mu+,110.872
pi-,298.083
pi+,1348.16
pi-,856.73
2pi-,855.515
3pi-,757.397
pi+,695.973
pi+,410.797
pi-,143.226
2pi-,141.565
3mu-,97.3991
pi+,138.497
pi+,186.133
2mu+,177.708
3mu+,120.159
pi+,534.59
2pi+,533.488
pi-,107.691
mu-,144.136
2mu-,106.446
2pi-,563.288
pi-,610.702
2pi-,606.889
3pi-,535.467
pi+,253.012
2pi+,251.738
3pi+,250.488
pi-,323.359
pi+,447.692
pi+,252.223
pi+,566.074
mu-,152.377
2mu-,150.602
3mu-,148.963
mu-,447.039
2mu-,445.856
3mu-,379.959
2mu-,435.475
mu-,6.6962
3pi+,46.5052
3pi-,973.631
3pi-,557.976
pi+,258.806
mu-,92.298
2mu-,90.9148
3mu-,89.3827
pi+,913.299
2pi+,912.092
pi+,740.348
3pi+,175.979
2pi-,117.861
2pi+,334.352
mu+,187.109
2mu+,183.932
3mu+,182.685
pi-,608.287
pi-,871.701
pi-,476.464
2pi-,431.474
3pi-,365.111
pi+,568.808
2pi+,567.604
3pi+,566.265
pi+,820.015
2pi+,818.418
3pi+,744.876
pi+,1326.91
3mu+,68.425
pi-,446.511
2mu-,329.033
3mu-,264.412
pi+,2580.71
2pi+,2579.37
3pi+,2577.59
mu-,431.252
3mu-,114.511
pi-,459.869
mu-,410.465
3mu-,165.964
pi+,909.635
3pi+,433.652
3pi-,124.246
3pi+,541.726
3pi-,405.712
pi+,842.998
2pi+,841.597
3pi+,764.857
mu-,1038.63
2mu-,1018.48
3mu-,939.074
mu+,254.863
2mu+,186.219
3mu+,84.3084
mu-,47.6338
pi+,301.574
pi-,1530.44
pi+,404.562
mu-,40.2827
2mu-,37.892
3mu-,35.6422
mu-,321.29
2mu-,319.739
3mu-,299.492
pi+,542.062
2pi+,465.507
3pi+,397.879
pi+,147.922
2mu+,82.227
pi-,400.535
pi+,301.234
2pi+,300.07
3mu+,293.16
pi-,146.976
2pi-,145.421
3mu-,65.9614
2pi+,63.1117
pi+,360.343
pi+,1021.59
2pi+,1020.36
3mu+,734.961
pi+,650.714
2pi+,649.441
3pi+,648.227
pi-,720.027
2pi-,717.192
3pi-,653.031
pi-,304.952
2pi-,303.326
mu-,55.547
pi+,1171.95
2pi+,1135.16
3pi+,1052.37
3pi+,296.924
3pi-,2224.17
mu+,111.774
2mu+,110.445
3mu+,108.97
pi-,95.1942
pi+,1222.67
2pi+,1221.46
3pi+,1219.6
pi-,533.798
pi-,452.387
pi-,523.135
pi+,1541.58
pi+,716.671
pi+,271.64
pi+,435.418
2pi+,433.161
3pi+,431.808
pi-,356.812
2mu-,221.72
3mu-,189.028
2pi-,495.117
3pi-,417.05
pi+,217.291
pi+,531.959
2pi+,530.586
pi+,743.014
pi-,163.85
2mu-,69.2842
3mu-,29.9317
pi+,406.577
2pi+,405.407
3pi+,361.93
pi+,185.235
2pi+,184.005
3pi+,182.262
pi-,579.056
2mu-,426.467
3mu-,370.982
pi-,154.052
pi-,591.053
2pi-,590.004
3pi-,588.784
pi-,1086.81
pi-,507.355
2mu-,465.265
3mu-,384.895
mu+,246.503
mu+,301.989
2mu+,117.019
pi+,35.0327
pi-,251.835
pi-,59.7996
pi+,519.96
mu+,341.264
2mu+,340.087
3mu+,338.627
pi+,476.08
3pi-,279.213
3pi-,463.403
2pi+,142.529
pi+,362.765
pi-,713.866
2pi-,712.622
2pi-,65.4506
pi+,1675.04
3pi+,1431.96
pi-,515.478
2pi-,514.422
3pi-,477.883
pi+,408.403
mu+,472.885
2mu+,418.331
pi+,844.472
mu-,485.066
pi-,259.544
pi+,243.311
2mu+,142.378
3mu+,129.557
pi+,2038.36
pi-,401.441
2mu-,311.072
3mu-,300.409
pi+,1041.1
2pi+,1010.77
pi-,478.003
2pi-,446.266
3pi-,378.468
2pi-,114.281
pi+,903.433
pi-,190.712
2mu-,195.093
3mu-,108.641
pi+,1410.69
2pi+,1409.53
3pi+,1364.78
pi-,546.712
2pi-,544.651
3mu-,394.227
pi-,720.053
2pi-,718.302
mu-,539.711
2mu-,490.22
3mu-,409.53
pi+,61.2881
pi+,448.199
2pi+,446.565
3pi+,436.569
mu-,12.2833
pi-,657.028
3pi-,419.679
pi-,325.532
2pi-,324.197
3pi-,323.048
pi-,114.111
mu+,255.197
2mu+,253.849
3mu+,176.965
mu-,1226.72
3mu-,928.173
pi+,389.805
2pi+,306.042
2pi+,120.872
pi+,1541.14
mu+,253.58
2mu+,252.304
3mu+,239.3
2mu-,87.8181
3mu-,53.9581
pi+,1246.02
pi-,769.359
pi-,155.092
pi+,138.832
pi-,389.847
2mu-,343.911
3mu-,342.68
pi+,216.229
2pi+,214.914
3pi+,213.723
pi-,567.482
2pi-,515.994
3pi-,420.27
pi+,1857.26
2pi+,27.3449
pi-,2805.97
pi-,285.176
2pi-,274.387
3pi-,206.552
pi-,203.559
2pi-,202.376
3pi-,200.873
pi+,644.528
3mu+,97.0422
pi-,737.266
pi+,725.911
pi+,554.891
mu-,520.114
2mu-,518.514
3mu-,471.447
pi+,510.974
2pi+,509.516
3pi+,470.983
2mu+,588.469
pi-,159.046
pi+,644.365
2mu+,387.233
3mu+,318.574
mu-,1341.72
pi+,469.461
2pi+,438.294
3pi+,369.611
pi+,2110.32
pi-,285.971
2pi+,263.115
2mu+,49.4781
3mu+,30.6943
mu+,63.8177
pi-,1551.54
3mu-,871.152
pi-,195.212
2mu-,149.791
pi+,1740.94
3mu-,48.9118
pi-,1481.38
3pi-,348.083
pi+,1367.68
pi+,712.176
2pi+,679.379
pi-,601.809
2pi-,568.874
2pi+,521.522
pi+,723.836
pi+,3753.03
pi+,396.986
pi-,325.485
pi+,658.141
pi+,811.663
pi-,703.422
2pi-,702.232
3pi-,606.146
pi+,551.369
pi+,362.47
2mu+,295.863
3mu+,293.839
pi+,2409.13
pi-,403.373
2pi-,390.636
3pi-,335.048
pi-,676.717
pi-,455.001
mu+,44.5796
pi-,309.322
2pi-,308.106
3pi-,243.636
pi+,2039.7
2pi+,2038.47
3pi+,2036.9
mu+,97.2426
pi-,234.083
2pi-,232.455
pi-,425.388
2pi-,424.005
3pi-,389.895
3pi-,790.126
pi-,573.532
2pi-,497.54
pi+,427.636
pi+,135.378
2pi+,134.021
3mu+,40.8666
mu-,459.596
3mu-,178.941
pi-,970.456
2pi-,950.075
3pi-,858.887
2mu+,485.907
pi+,179.938
2pi+,178.668
3mu+,200.863
pi+,1756.17
pi-,758.898
2pi-,757.7
3pi-,683.208
pi+,534.684
2pi+,509.901
3mu+,423.06
pi-,550.743
pi+,493.821
mu+,650.441
2mu+,649.353
3mu+,648.222
pi+,146.891
2pi+,145.461
3pi+,143.661
pi-,919.758
pi-,296.668
2mu-,156.246
3mu-,105.991
pi+,256.652
2pi+,255.271
3pi+,253.858
pi+,1381.18
pi-,888.867
2pi-,887.564
3pi-,885.709
pi+,482.986
2mu+,415.977
3mu+,360.207
pi+,528.609
2pi+,458.172
pi+,217.562
pi+,575.738
2pi+,511.143
2pi-,237.663
2pi-,1674.02
pi+,893.216
pi+,1370.22
2pi+,1366.74
3pi+,1301.76
mu-,55.4156
2mu-,497.968
pi-,2623.22
2pi-,2620.74
3pi-,2619.45
pi+,1406.59
pi-,2106.47
pi+,573.971
2pi+,481.505
pi-,918.8
2pi-,905.958
3pi-,788.846
pi+,292.403
2pi+,272.034
3pi+,270.339
pi+,276.08
2pi+,263.202
3mu+,182.724
pi+,339.464
pi-,734.593
2mu-,524.57
pi+,851.663
pi+,481.749
2mu+,158.6
3mu+,55.1199
mu-,895.766
2mu-,866.285
3mu-,379.265
mu+,539.175
2mu+,505.653
3mu+,425.183
pi+,428.403
pi+,593.815
2pi+,592.684
3mu+,314.683
pi+,704.056
pi+,912.183
pi+,354.189
2pi+,62.7132
pi-,1345.87
3pi-,919.315
pi-,924.439
2pi-,923.212
pi-,354.072
pi-,760.49
mu-,91.2825
pi+,1009.26
2pi+,987.399
pi+,405.209
2mu+,265.896
3mu+,210.076
pi-,1263.02
pi-,1391.43
pi+,83.1486
pi+,966.95
2pi+,965.691
pi-,377.959
2pi-,376.803
3pi-,375.388
pi+,961.087
2pi+,951.092
pi+,433.905
pi-,662.406
2pi-,661.33
mu-,28.5748
2mu-,4.07635
mu+,510.2
2mu+,486.127
pi-,620.512
2mu-,601.323
3mu-,521.787
mu+,279.551
pi-,980.286
2mu-,545.345
3mu-,461.757
pi+,3623.01
2pi+,3621.48
pi-,639.698
2pi-,638.559
3pi-,637.296
pi+,468.094
2pi+,466.51
3mu+,251.994
mu+,873.544
2mu+,872.232
3mu+,767.609
mu+,481.38
2mu+,480.258
3mu+,431.703
pi-,676.462
2pi-,675.376
pi+,928.341
2pi+,918.514
3pi+,751.659
pi+,774.974
pi-,44.6527
2pi-,42.0231
3mu-,39.7166
pi+,382.277
pi+,1610.6
2mu+,379.834
mu+,499.053
2mu+,497.731
3mu+,494.76
3pi+,757.055
pi+,205.912
pi+,324.658
pi+,220.832
pi-,361.411
2mu+,212.312
3mu+,151.321
pi+,320.598
3mu+,81.4835
pi-,567.456
3mu-,211.092
pi+,166.622
mu+,303.23
2mu+,279.813
3mu+,166.129
pi+,260.88
pi-,372.316
2pi-,28.9783
mu-,267.434
2mu-,197.65
3mu-,153.028
pi+,249.778
pi-,347.328
mu+,45.8237
pi-,433.897
2pi-,432.486
3pi-,403.256
pi+,977.197
pi+,486.792
3mu+,168.761
pi+,341.485
pi+,748.344
2pi+,746.681
3pi+,673.825
pi-,581.18
2pi+,201.539
3pi+,129.153
mu+,121.339
2mu+,119.249
3mu+,107.096
mu+,35.9794
pi+,597.501
pi+,46.8844
pi+,406.423
mu+,51.2619
mu+,376.084
2mu+,374.917
3mu+,373.641
pi+,315.929
2pi+,314.807
3mu+,255.565
pi-,593.184
pi-,354.617
2pi-,271.147
3pi-,269.453
mu-,397.771
3mu-,142.367
pi+,194.47
2pi+,208.107
2pi+,358.997
mu+,130.081
mu-,1421.02
3mu-,1023.53
2mu-,28.0274
3mu-,24.1074
mu-,479.275
2mu-,478.14
3mu-,473.467
mu+,87.8866
mu+,584.522
2mu+,549.868
3mu+,463.282
pi+,161.257
2pi+,159.63
pi+,1621.81
3pi-,447.944
pi+,201.32
2pi+,192.477
3pi+,180.621
pi-,434.889
pi+,1017.2
2pi+,978.886
3pi+,845.122
pi+,564.449
pi+,1295.33
mu+,265.655
2mu+,173.832
3mu+,73.8195
pi+,1156.63
2pi+,1005.38
pi-,118.356
mu-,343.008
pi+,685.543
pi+,477.532
2mu+,266.309
3mu+,129.869
pi+,762.447
2mu+,742
3mu+,740.37
pi+,229.295
2pi+,228.05
pi-,432.812
pi-,1352.94
2mu+,92.5407
pi-,72.7513
2mu-,50.024
pi+,876.36
pi-,733.752
mu+,126.812
2mu+,101.362
3mu+,99.9579
mu-,669.981
2mu-,668.851
3mu-,642.893
pi+,1775.7
pi-,2055.85
3mu-,103.573
2pi-,497.604
pi+,738.707
2pi-,60.8157
2pi+,571.393
pi-,712.039
pi-,1632.54
pi-,2874.81
2pi-,2873.5
3pi-,2870.91
mu+,560.063
3mu+,260.869
mu+,315.483
pi+,860.679
2pi+,859.248
3mu+,868.654
pi+,738.171
3pi+,153.241
pi+,641.524
pi-,585.814
2mu-,583.014
3mu-,493.17
mu+,148.901
2pi-,966.834
pi-,528.342
2pi-,508.512
3pi-,451.037
2pi-,562.163
mu+,705.383
2mu+,704.315
3mu+,627.345
mu+,35.6032
pi-,243.004
pi+,175.79
pi+,189.782
2mu+,163.296
3mu+,161.468
pi+,258.063
2pi+,203.237
pi-,712.763
2mu-,683.785
3mu-,572.392
mu-,138.819
pi-,924.761
3pi-,329.591
mu+,66.1383
2mu+,64.6535
3mu+,63.1184
pi+,613.791
2pi+,492.968
pi-,285.937
pi-,91.5382
mu-,90.757
pi+,578.906
2mu+,511.673
3mu+,423.711
mu-,224.135
2mu-,220.937
3mu-,97.3592
pi+,380.825
pi+,236.543
pi+,960.62
2pi+,959.38
3mu+,669.718
pi-,506.32
2pi-,495.897
3mu-,396.546
2pi-,422.301
pi+,174.167
pi-,911.499
pi-,485.294
pi+,307.975
2mu+,259.217
3mu+,257.879
pi-,244.867
2pi-,243.595
3pi-,157.26
pi-,37.2032
3mu+,130.112
pi-,1259.55
3mu+,98.6254
pi-,1230.99
2pi-,1229.83
3mu-,1173.6
mu-,34.7844
2mu-,30.4371
3mu-,27.5141
pi+,246.532
pi+,448.362
2pi+,436.604
pi-,1555.54
2pi-,1526.46
pi-,925.152
2pi-,924.061
3pi-,60.038
pi+,403.082
mu-,192.436
2pi+,1015.34
mu-,158.975
pi+,1830.49
2pi+,1829.21
3pi+,1827.65
2mu-,169.233
3mu-,65.4533
mu+,809.385
2mu+,807.733
3mu+,806.55
pi+,1851.73
pi-,70.0663
2mu+,49.9609
mu+,239.691
2mu+,238.168
3mu+,215.164
pi+,931.577
2pi+,864.771
pi+,37.7549
2pi+,35.1915
pi+,252.194
2pi+,250.756
pi-,1264.97
2pi-,1263.81
3pi-,1186.75
mu-,148.548
pi+,539.863
2pi-,382.476
pi+,477.808
2pi+,439.168
pi+,153.176
mu-,371.27
3mu-,50.0865
pi-,422.316
mu+,37.3388
pi+,518.011
2pi+,516.807
pi-,268.159
2pi-,246.937
3pi-,175.523
pi-,1397.61
3mu-,106.254
pi+,294.165
2pi+,268.98
pi-,234.845
2mu-,251.751
3mu-,100.178
pi+,384.479
2pi+,383.4
pi+,41.9935
3pi-,425.321
3pi-,720.468
mu-,146.015
pi+,551.974
mu-,187.035
2mu-,102.535
pi+,460.575
2pi+,437.779
3mu+,103.154
pi-,542.883
pi+,690.499
2mu+,474.062
3mu+,414.657
pi-,705.055
2pi-,703.907
3pi-,436.252
pi+,345.6
pi+,842.676
mu-,300.463
2mu-,165.663
pi+,1196.11
2pi+,1195.01
3pi+,1148.04
pi-,556.493
2pi-,454.457
pi-,1158.02
pi-,626.542
2mu-,562.946
3mu-,494.532
pi-,350.97
pi-,561.058
2pi-,472.034
3mu-,301.098
pi-,1288.28
pi+,699.889
pi+,1447.17
pi-,1951.64
2pi-,1950.43
3pi-,1895.89
3pi+,377.647
3pi-,214.086
pi+,2017.31
2pi+,2016.02
mu+,467.871
2mu+,420.478
3mu+,357.424
pi+,654.679
2pi+,653.446
pi+,198.493
pi-,102.451
2pi-,86.2299
3mu-,97.383
pi+,222.108
pi+,167.664
2pi+,163.549
3mu+,170.132
mu+,276.248
pi-,216.37
pi+,1556.26
2pi+,1554.96
3pi+,1552.78
pi+,297.29
2mu+,324.563
3mu+,304.164
mu-,86.1572
pi+,211.477
2pi+,97.3842
pi-,458.175
pi+,664.137
2mu+,114.793
3pi+,641.082
pi+,768.15
pi-,928.395
2pi-,926.153
3pi-,856.286
pi-,1319.88
3mu-,785.38
mu-,131.862
pi+,282.748
2pi+,224.195
3pi+,116.692
pi+,2620.25
2pi+,2618.95
3pi+,2617.59
mu+,302.723
2mu+,247.034
3mu+,174.247
pi+,619.333
pi+,713.05
2pi+,711.526
3mu+,669.421
pi-,988.923
pi-,1770.68
pi+,1926.1
pi-,702.007
pi-,515.714
2pi-,505.942
pi+,187.796
pi+,589.351
2pi+,588.191
3pi+,586.499
3pi-,547.058
pi-,987.706
2pi-,986.069
pi-,1345.15
pi+,661.431
2mu+,425.52
3mu+,367.851
pi-,415.908
2mu-,396.415
3mu-,266.678
mu-,206.195
2mu-,204.918
3mu-,203.586
mu+,630.535
2mu+,629.173
3mu+,558.59
3pi+,401.335
mu-,134.378
2mu-,120.498
3mu-,92.9263
pi+,953.642
pi-,2317.1
2pi-,2315.8
pi-,840.8
2mu-,514.443
3mu-,496.139
pi-,1287.78
pi-,985.17
2pi-,983.883
3pi-,890.688
mu+,194.09
2mu+,192.737
3mu+,65.4962
pi+,586.63
2pi+,585.49
3mu+,297.288
pi-,944.058
2pi-,901.245
mu+,579.169
2mu+,497.055
3mu+,428.107
pi-,972.778
2pi-,971.668
3mu-,675.796
mu+,21.0814
2mu+,17.5795
3mu+,13.4359
mu+,403.473
3mu+,152.263
pi+,289.173
pi+,749.423
2pi+,748.164
3mu+,571.7
pi-,1264.01
pi-,95.5635
2mu-,69.6644
3mu-,67.7376
2mu-,177.355
3mu-,76.8199
2pi+,631.907
pi+,899.988
2pi+,842.84
2mu+,394.73
pi+,224.358
mu+,190.383
2mu+,189.097
3mu+,79.4545
pi-,331.594
2mu-,233.146
3mu-,231.335
mu-,281.204
2mu-,279.872
3mu-,204.959
pi-,688.419
2pi-,687.217
pi-,1502.86
pi+,469.073
mu-,24.0532
2mu-,20.4604
3mu-,16.7777
pi-,899.38
pi-,555.566
2pi-,553.259
3pi-,551.813
2mu+,127.463
mu-,935.254
2mu-,895.785
pi+,698.388
pi+,2078.88
pi-,1507.27
2pi-,1506.14
3pi-,1450.97
pi-,653.343
2pi-,651.893
3pi-,649.841
pi+,1282.82
2mu+,828.578
pi+,879.433
2pi+,878.206
3pi+,797.76
pi+,577.206
pi-,383.115
2pi-,381.939
pi-,1031.39
pi-,42.5481
2mu-,43.0956
2mu-,587.4
pi-,234.183
2mu-,107.152
3mu-,97.525
pi-,1301.16
pi-,146.257
2pi-,122.612
3pi-,121.186
pi-,2106.19
pi+,173.853
2mu+,95.6151
pi+,1506.05
pi+,191.222
pi-,429.355
3mu-,163.615
3pi+,352.396
pi-,850.931
pi+,1789.11
mu-,55.933
2mu-,54.2612
pi+,348.072
pi+,735.493
pi-,160.933
2mu-,141.27
3mu-,98.0355
mu+,1001.05
3mu+,646.735
pi-,408.263
2mu-,390.324
3mu-,297.515
2mu-,144.975
pi-,259.087
mu+,119.928
pi-,734.672
pi+,288.069
2pi+,267.435
2mu-,237.18
3mu-,80.611
pi+,351.496
2pi+,260.998
3mu+,35.6686
pi-,970.769
mu+,1150.01
2mu+,1075.79
pi+,1273.61
3mu+,738.887
pi-,765.891
2pi-,764.811
3mu-,542.056
pi+,558.102
2pi+,403.554
pi+,219.217
pi-,1543.71
2pi-,1500.76
3pi-,327.757
mu+,45.748
3mu+,59.2094
pi-,165.149
2pi-,163.596
3pi-,162.324
pi-,298.827
2pi-,297.574
3pi-,264.399
pi-,2148.4
pi-,316.996
pi-,288.349
pi-,995.237
2pi-,960.505
pi+,489.794
2mu+,36.0605
3mu+,33.8386
pi+,547.308
2pi+,546.008
mu+,42.0571
2mu+,38.6989
3mu+,36.3373
pi-,1637.04
3pi-,313.977
pi+,2503.28
2pi+,2501.96
2pi+,115.128
pi+,1215.19
pi+,387.721
pi+,923.752
2pi+,922.482
3pi+,809.723
pi+,1286.56
mu+,194.36
2mu+,193.096
3mu+,191.773
pi+,1126.69
2pi+,1060.99
3pi+,989.015
pi+,388.609
pi+,476.915
pi-,238.886
2pi-,237.391
3pi-,145.411
pi-,508.529
pi+,1739.78
mu+,136.235
mu+,318.436
2mu+,316.463
3mu+,315.215
pi-,1660.45
pi+,146.329
mu-,1220.47
2mu-,1174.52
3mu-,1115.9
pi+,773.006
2pi+,771.901
mu-,320.941
2mu-,319.746
3mu-,299.974
pi-,713.883
2pi-,712.805
3pi-,631.139
pi-,117.692
2mu-,85.3651
pi+,286.242
2mu+,107.32
3mu+,105.54
pi+,1312.05
pi+,172.589
pi+,2821.82
2pi+,519.192
3pi+,448.988
pi-,44.0307
pi-,369.411
mu+,211.914
2mu+,117.665
pi+,65.9973
2pi+,32.3393
pi-,754.276
pi-,1872.54
pi-,369.54
mu-,369.515
2mu-,215.379
3mu-,160.914
mu-,2.279
2mu+,187.567
3mu+,98.6286
pi+,969.329
2pi+,967.271
3pi+,892.255
pi+,364.815
2pi+,363.628
3mu+,198.886
pi+,290.211
2pi+,229.582
3pi+,147.965
3mu-,162.036
mu-,151.02
pi-,854.152
2mu-,52.5571
mu+,191.649
pi-,710.634
2pi-,633.164
pi+,103.326
2pi+,100.605
mu+,154.647
mu-,51.2844
pi+,720.723
2pi+,719.52
3pi+,718.204
mu+,1172.77
2mu+,1032.19
2pi+,302.354
pi-,327.585
2mu-,168.008
3mu-,155.362
pi-,79.0286
mu+,543.492
2mu+,510.407
pi+,374.28
3mu+,162.821
pi-,537.122
2pi-,535.952
3mu-,254.54
pi+,179.021
mu-,77.4558
mu-,752.156
2mu-,750.947
3mu-,672.779
mu-,274.649
2mu-,263.335
3mu-,162.141
pi+,277.391
pi-,580.019
2pi-,578.965
3pi-,577.456
mu+,85.3799
pi-,958.132
2pi-,956.875
pi+,974.535
2mu+,728.971
pi+,286.218
2pi+,256.644
pi+,490.612
2pi+,489.068
3mu+,453.659
pi+,555.426
2pi+,476.597
pi+,610.008
2pi+,608.917
3pi+,607.798
pi-,2156.85
2pi-,2155.58
3pi-,2128.03
pi+,103.478
3pi+,75.3159
pi+,826.801
2pi+,791.093
pi-,1026.8
2pi-,966.908
2pi+,563.769
pi-,340.359
2pi-,339.219
3pi-,246.159
mu+,414.76
2mu+,368.409
3mu+,248.682
pi-,134.88
pi+,188.58
2pi+,187.005
3mu+,100.829
pi+,834.299
pi+,802.901
2pi+,801.654
3mu+,499.883
pi+,145.967
mu+,115.366
2mu+,101.081
3mu+,99.6829
pi-,1886.27
3pi-,83.7643
pi+,341.244
mu+,223.978
2mu+,71.4409
pi-,441.988
2pi-,432.001
pi+,893.801
2pi+,892.213
3pi+,792.229
pi+,1288.55
pi+,1361.59
2pi+,1341.63
mu-,622.035
2mu-,620.751
3mu-,619.416
pi+,113.29
pi+,337.159
pi+,391.718
2pi+,390.539
3mu+,341.481
pi-,219.43
pi+,1610.81
pi+,442.249
2pi+,399.162
mu-,393.331
3mu-,109.74
mu+,105.738
2mu+,104.27
mu+,610.447
2mu+,544.722
3mu+,447.809
pi-,1740.37
3mu-,71.4428
pi+,740.115
2pi+,738.611
pi+,375.479
pi+,342.136
pi-,204.217
2mu-,209.844
3mu-,186.539
pi-,687.304
pi-,491.966
pi+,514.003
2pi+,512.557
3pi+,511.416
pi+,606.182
2pi+,551.353
pi+,321.395
2pi+,299.668
3pi-,181.189
pi+,459.844
2pi+,433.958
3pi+,297.215
pi-,803.881
pi+,1951.48
mu+,14.9146
pi-,323.525
pi+,474.712
2mu+,262.218
3mu+,109.442
mu+,310.124
2mu+,250.948
3mu+,164.655
pi-,307.89
pi+,1157.84
mu-,345.574
2mu-,271.417
pi+,220.257
2pi+,149.1
3mu+,164.809
pi-,287.309
2pi-,229.967
3mu-,144.4
pi+,1971.7
pi-,543.548
2mu-,223.984
3mu-,168.675
pi+,714.071
pi+,871.191
2pi+,869.72
3mu+,431.657
pi+,119.456
2pi+,117.748
pi-,1311.65
pi+,438.316
2pi+,436.861
pi-,272.666
2pi-,260.928
pi+,501.404
2mu+,297.611
3mu+,203.861
mu+,383.857
2mu+,381.002
3mu+,379.827
pi+,1733.55
3pi+,759.961
mu+,372.984
2mu+,371.737
3mu+,370.417
mu-,372.575
2mu-,280.839
3mu-,225.913
pi-,120.842
pi-,760.883
pi-,279.912
2pi-,278.392
3pi-,277.112
pi-,425.167
3mu-,190.249
pi-,255.451
pi-,1778.6
pi+,1904.32
pi-,1601.38
mu+,176.47
2mu+,174.895
3mu+,173.184
pi-,237.082
pi-,22.8991
pi+,1332.58
pi-,640.501
2pi-,584.892
3mu-,325.138
pi-,138.542
2pi-,1301.97
pi-,1045.21
2pi-,991.447
3pi+,46.8036
mu+,128.922
2mu+,98.9859
3mu+,97.2358
mu-,366.227
3mu-,124.695
pi+,1756.81
mu-,129.54
pi-,708.401
pi+,965.461
3mu+,676.691
pi-,241.204
pi+,888.439
2pi+,887.083
2mu-,28.907
pi+,1584.19
pi+,474.576
2pi+,473.063
3pi+,412.615
pi+,980.227
pi+,2723.58
pi+,2752.08
pi-,224.323
pi-,803.323
pi+,1660.59
pi-,636.462
2mu-,516.406
3mu-,515.117
mu+,163.064
pi-,599.045
pi+,857.678
2mu+,686.624
3mu+,571.346
pi+,798.994
2pi+,797.595
3pi+,706.243
pi+,1139
pi+,615.742
2pi+,551.071
3pi+,482.907
pi-,95.3478
2mu-,86.3515
3mu-,4.11432
2mu+,46.732
mu+,372.349
2mu+,371.154
3mu+,306.074
mu+,132.543
mu-,409.881
2mu-,407.054
3mu-,365.267
pi+,372.53
pi+,140.102
pi+,640.212
pi-,375.266
mu+,140.222
2mu+,138.985
3mu+,137.664
pi+,787.99
2pi+,777.078
pi+,1114.56
mu-,118.3
2mu-,116.51
3mu-,114.765
pi-,360.147
2mu-,317.891
3mu-,237.712
pi+,690.072
2pi+,688.949
3pi+,687.699
mu+,184.592
2mu+,183.375
3mu+,160.544
pi+,1161.62
pi+,1570.62
2pi+,227.086
pi-,350.443
pi+,953.689
2pi+,884.128
pi+,660.584
2pi+,648.899
3pi+,539.583
pi-,749.452
pi-,156.957
pi+,632.271
2pi+,630.782
3mu+,527.384
pi+,156.923
pi-,879.369
pi+,321.162
mu-,371.47
3mu-,108.164
pi+,755.614
2pi+,754.412
3pi+,753.076
pi+,378.026
3mu+,93.4105
pi-,947.074
2pi-,945.876
3pi-,883.682
pi+,266.236
2mu+,232.316
3mu+,178.292
pi+,280.044
2pi+,253.694
3pi+,150.033
2pi+,260.064
pi+,653.812
mu-,99.2452
pi+,2973.98
3mu+,2385.88
mu+,66.6693
mu+,603.031
2mu+,599.992
3mu+,504.92
pi+,803.257
2mu-,457.396
pi+,224.022
2pi+,219.486
mu+,33.017
2mu+,29.9057
3mu+,27.0697
pi-,1290.03
2mu-,947.857
3mu-,886.188
pi+,868.399
pi+,267.61
2mu+,240.914
3mu+,160.324
pi+,1036.15
2pi+,1034.92
pi+,1260.74
pi-,384.058
2pi-,382.761
pi-,716.127
2pi-,682.923
pi-,35.888
2mu-,290.839
pi-,244.436
2mu-,529.273
pi-,568.741
2pi-,543.833
3pi-,486.064
pi+,303.127
2pi+,301.916
3pi+,300.421
pi+,385.577
pi-,877.982
2pi-,876.767
3pi-,875.046
pi+,333.234
2mu+,117.615
3mu+,84.9587
pi+,2480
2pi+,2478.61
3pi+,2477.04
pi-,190.723
3mu+,554.183
pi-,308.496
mu-,95.9126
pi-,1222.67
pi-,600.062
2pi-,555.207
3pi-,413.031
pi+,33.2353
pi+,1760.59
pi+,349.406
2mu+,280.559
3mu+,209.251
pi-,89.465
mu+,203.348
2mu+,85.07
pi-,1890.27
pi-,1739.28
mu+,117.864
2mu+,116.247
3mu+,114.82
pi+,128.295
2pi+,126.729
3mu+,86.9423
3pi+,1076.55
3pi-,1129.91
2mu+,110.793
2mu-,181.704
3mu-,145.511
pi-,716.412
mu+,1012.54
2mu+,1011.39
3mu+,1010.08
mu+,2516.13
3mu+,2122.08
pi+,1270.77
mu+,85.8058
2pi-,517.123
3pi-,127.913
pi+,1741.1
pi-,436.675
mu-,294.819
2mu-,293.556
3mu-,291.532
mu+,151.917
2mu+,138.83
3mu+,67.4578
pi-,219.197
mu+,520.202
pi-,1243.6
3mu+,614.641
pi+,1490.73
pi+,403.214
pi+,580.452
mu-,751.182
pi+,751.048
pi+,208.854
pi+,260.304
pi+,344.206
pi-,109.429
pi+,1136.73
pi+,2066.94
2pi+,81.0301
3mu+,56.5643
pi-,936.96
pi-,881.201
2pi-,855.924
3mu-,755.979
2pi+,619.709
3mu+,470.64
pi-,754.445
2pi-,721.715
mu+,1241.29
2mu+,1092.07
3mu+,1023.12
pi+,266.672
2mu+,111.327
pi-,306.878
2pi-,286.383
3pi-,252.431
pi+,454.226
2pi+,453.143
3pi+,404.593
pi-,689.282
2pi-,688.217
pi+,482.705
pi-,110.89
pi+,320.645
pi-,786.692
2mu-,714.705
3mu-,631.926
pi+,124.728
2mu+,108.238
3mu+,106.576
pi+,217.964
mu-,39.5753
2mu-,37.1861
pi+,682.69
pi+,117.537
pi+,748.132
2pi+,677.01
pi-,184.258
2pi-,183.106
3mu-,80.3703
pi-,439.315
3pi-,149.116
2pi+,566.416
pi-,1530.93
2pi-,27.3711
3mu+,80.2214
pi+,538.298
pi-,1129.91
2pi-,831.305
pi-,595.855
2pi-,481.569
3pi-,319.792
pi+,1817.6
2pi+,562.6
mu-,261.644
2mu-,184.91
3mu-,78.5782
pi-,1301.06
2pi-,1299.79
3pi-,1298.41
2mu-,295.192
3mu-,210.056
pi-,582.955
2pi-,541.921
pi+,433.067
2pi+,429.355
3pi+,428.198
pi-,1021.76
2pi-,938.749
pi-,513.048
pi-,169.643
2pi-,168.17
3pi-,131.751
pi+,200.799
pi+,590.817
2pi+,504.364
pi+,401.699
pi-,282.874
2pi-,281.661
3mu-,170.329
pi+,394.782
2pi+,393.525
3pi+,344.433
pi+,3191.69
pi-,1849.4
2pi+,131.805
mu+,57.888
pi-,1274.44
mu+,140.404
mu+,67.4752
pi-,739.692
2pi-,738.455
3pi-,736.544
pi-,1051.3
2mu-,659.772
3mu-,658.453
pi+,775.195
3mu-,59.0458
pi+,1094.43
2pi-,179.371
pi+,81.9978
pi+,324.695
2mu+,250.756
3mu+,248.953
pi+,2025.85
pi+,109.857
2pi+,108.173
3mu+,74.0497
pi-,328.546
pi+,207.1
2pi+,205.742
3pi+,204.452
pi-,434.932
2pi-,411.802
3pi-,346.329
pi-,1223.85
pi-,526.802
2pi-,484.654
3mu-,405.347
mu+,126.913
pi-,650.675
pi+,594.806
2pi+,552.991
pi+,736.904
2mu+,461.288
3mu+,361.997
pi+,1109
pi-,419.582
2pi-,418.335
3pi-,375.224
pi+,365.199
2pi+,363.924
3pi+,342.496
pi+,1832.22
3pi+,551.597
2pi+,56.9375
pi-,1276.61
2mu-,1037.96
3mu-,976.413
pi+,300.075
pi-,1709.95
mu-,129.197
2pi+,666.687
pi-,201.562
2pi-,200.351
3mu-,114.995
pi-,580.397
2pi-,578.984
pi+,727.387
2pi+,726.009
3pi+,238.654
2pi+,414.984
3mu+,290.739
pi-,607.928
3mu-,108.65
3mu-,89.9025
pi-,555.574
2pi-,554.285
3pi-,553.094
pi-,701.048
2mu-,380.662
pi-,126.053
2mu-,57.2451
pi-,251.297
mu-,153.065
2mu-,85.1084
pi+,250.01
pi-,2328.24
3pi-,2002.77
pi-,273.349
mu+,1911.56
3mu+,1617.03
pi+,2641.87
2pi+,2640.59
3pi+,2638.99
pi-,710.981
pi+,1892.64
pi-,441.355
2pi-,399.644
3pi-,360.444
pi-,1180.28
2pi-,1096.37
pi+,323.387
2pi+,322.056
3pi+,320.91
pi-,298.024
pi+,666.044
2mu+,533.117
3mu+,530.899
pi+,864.297
2mu+,643.955
3mu+,642.639
pi-,1302.41
pi-,958.202
3pi-,671.251
pi-,185.996
2pi-,184.319
3pi-,182.646
pi-,341.565
2pi-,340.442
3pi-,310.669
mu-,165.708
pi+,157.379
2pi+,155.662
3pi+,154.394
2pi+,560.891
pi+,113.921
2mu+,101.428
3mu+,99.9702
pi-,803.533
2pi-,802.372
3mu-,183.034
pi-,463.462
pi-,225.732
mu+,186.059
2mu+,143.391
3mu+,129.152
pi+,259.294
pi-,1695.98
mu-,80.9047
pi-,279.338
2pi-,278.094
3mu-,220.349
pi+,330.966
2mu+,345.775
3mu+,344.502
pi-,691.939
pi+,1343.13
pi+,317.85
2pi+,150.483
pi+,1344.55
pi+,735.716
pi+,1133
2pi+,1103.61
pi+,1993.08
pi+,665.28
2pi+,655.225
mu+,358.492
2mu+,280.303
3mu+,210.417
3mu+,387.662
mu-,67.3473
2mu-,65.7975
3mu-,64.2372
mu+,354.191
2mu+,353.162
3mu+,351.879
pi+,306.932
pi+,150.814
2pi+,149.452
3pi+,147.009
pi+,1553.72
2pi+,1552.49
3pi+,1551.18
pi-,1010.55
2pi-,1009.13
mu-,135.011
2mu-,98.0564
pi+,881.8
2pi+,880.527
pi-,572.657
pi+,280.066
pi-,418.477
mu+,433.856
2mu+,432.797
3mu+,406.137
pi-,1730.54
pi+,1345.99
pi+,320.318
2pi-,58.5119
3mu-,320.424
pi+,713.477
pi+,405.841
pi-,203.755
pi+,47.8838
pi-,402.066
2pi-,383.501
pi+,1227.05
pi-,750.349
2pi-,729.973
pi+,573.799
2pi+,572.516
mu-,297.126
mu+,405.059
3mu+,112.028
pi+,548.374
pi+,1791.67
pi-,271.395
2pi-,251.196
pi-,559.198
2mu-,204.437
pi+,317.226
pi-,567.042
2mu-,335.982
3mu-,314.806
mu+,55.5005
2mu+,118.868
3mu+,49.9538
pi-,741.373
3mu-,292.802
pi+,259.24
2mu+,188.469
3mu+,147.586
pi+,2085.35
pi-,366.352
2pi-,365.146
pi+,506.58
2pi+,301.218
pi-,249.821
pi+,909.538
2pi+,870.277
pi-,189.643
2pi-,187.926
mu+,1507.37
3mu+,1153.19
pi+,967.83
pi-,345.356
2pi-,344.087
3pi-,342.417
pi+,598.837
pi+,718.474
pi-,613.585
2pi-,611.569
3pi-,610.407
mu+,342.903
2mu+,331.773
3mu+,329.718
pi+,645.778
2pi+,385.117
pi-,944.994
2pi-,943.551
3pi-,942.266
pi-,652.712
pi+,694.834
pi-,502.31
2pi-,468.74
3pi-,348.214
pi+,451.37
pi-,707.408
2mu-,125.162
3mu-,123.727
pi+,1543.27
2pi+,1542.16
3pi+,1285.06
pi-,196.281
3mu-,328.391
mu-,118.558
2mu-,105.364
3mu-,104.008
3pi-,200.864
3pi-,428.186
mu-,158.681
2mu-,93.2702
pi+,591.925
pi-,225.776
2pi-,211.771
3mu-,160.363
pi+,413.016
2pi+,411.904
2pi-,187.641
pi+,189.287
2pi+,187.919
3pi+,175.053
pi+,752.023
pi-,170.677
2mu-,77.43
3mu-,75.3702
pi+,762.253
2mu+,554.499
3mu+,509.758
pi-,94.9978
2mu-,52.7646
3mu-,50.6812
pi+,1067.84
2pi+,1006.23
mu+,277.305
2mu+,242.085
3mu+,108.046
pi+,744.458
2pi+,695.967
pi-,818.519
pi+,471.31
2pi+,469.678
3mu+,438.451
mu+,324.512
2mu+,299.612
3mu+,229.66
pi+,1303.72
pi-,138.555
2pi-,136.476
3mu-,20.5341
pi-,89.4198
2pi-,55.2519
3mu-,51.9771
pi-,902.988
2pi-,874.604
pi-,809.368
2pi-,762.948
3pi-,598.894
mu-,219.063
2pi+,850.301
3pi+,696.787
pi+,493.764
pi+,1509.62
2pi+,1508.3
3pi+,1507.11
pi-,873.171
2pi-,864.795
3pi-,761.772
pi-,137.664
2mu-,74.4209
pi+,415.224
2pi+,413.752
3pi+,384.764
pi+,1790
3pi+,1462.59
2mu+,292.542
pi+,213.613
2pi+,212.077
3pi+,175.508
pi+,1309.93
mu-,58.7048
2mu-,56.6047
3mu-,54.6876
pi-,1640.52
3mu-,1062.21
pi+,435.228
pi-,502.802
2pi-,501.529
3pi-,429.517
pi-,1397.32
pi+,433.044
pi+,638.014
2pi+,636.679
3mu+,640.467
mu+,293.418
2mu+,292.387
3mu+,265.211
pi+,47.325
2pi+,19.5092
3mu+,11.9411
pi+,493.261
2pi+,457.792
3pi+,395.391
2pi+,455.814
pi-,251.624
mu+,256.821
3mu+,48.586
pi+,692.536
mu-,146.792
2mu-,145.622
3mu-,144.38
pi-,467.2
pi+,128.777
2pi+,127.314
3pi+,57.836
pi-,155.071
2mu-,60.7112
3mu-,39.1345
pi+,2835.9
pi+,327.365
2mu+,249.933
pi+,426.705
pi-,494.978
2pi-,461.044
3mu-,417.537
pi-,151.715
2pi-,150.194
mu+,64.7972
2mu+,63.0584
3mu+,61.2335
mu-,409.919
3mu-,164.148
pi+,682.994
2pi+,681.862
3pi+,680.566
pi-,1607.59
pi-,141.147
pi-,34.7804
mu-,92.4205
2mu-,90.8057
3mu-,89.2489
3mu+,163.003
pi+,339.663
2pi+,225.631
pi-,561.502
2mu-,514.531
pi+,339.489
pi-,335.906
2pi-,233.091
3mu-,70.4713
pi-,885.036
2pi-,883.71
3pi-,804.995
2pi+,8.29097
pi+,567.519
2pi+,540.957
3mu+,276.366
2pi+,356.624
mu+,35.8478
pi-,489.61
pi-,389.936
2pi-,388.894
3pi-,348.447
pi+,2627.92
3mu+,1382.01
pi-,1321.46
pi+,874.301
mu+,121.126
2mu+,119.001
3mu+,117.398
mu+,59.7247
pi-,302.59
2mu-,44.3216
3mu-,41.9877
pi+,2305.57
pi+,128.603
2pi+,127.374
3mu+,147.998
pi-,1185
pi-,480.485
mu+,15.3883
pi+,378.735
pi+,1345.15
2mu+,1305.12
3mu+,1302.86
pi-,394.667
pi+,702.387
pi-,368.41
pi-,508.973
pi+,284.394
2mu+,77.6351
3pi+,317.117
mu-,542.977
2mu-,494.818
3mu-,435.846
pi+,1878.97
2pi+,193.152
mu-,119.549
mu+,114.743
pi-,694.558
mu-,741.581
2pi+,145.289
3mu+,54.7739
mu+,30.8242
2mu+,27.7518
3mu+,24.5088
pi+,499.134
2pi+,497.958
3pi+,427.844
pi+,2509.85
pi-,227.562
pi-,477.717
2pi-,455.807
3pi-,383.731
pi+,477.995
2pi+,476.859
3pi+,438.672
pi+,1147.86
2pi+,1145.7
3pi+,1144.34
pi-,732.517
2pi-,731.255
3pi-,730.07
pi+,845.668
2pi+,817.675
3pi+,684.231
pi+,311.532
pi+,231.247
pi-,298.103
2pi-,297.002
3pi-,294.718
pi+,978.014
pi+,833.683
pi+,700.041
mu-,434.341
3mu-,174.696
mu+,281.511
2mu+,280.029
3mu+,278.803
2pi+,209.059
pi+,554.925
2mu+,525.935
3mu+,454.989
3mu+,213.463
mu-,133.872
pi+,263.848
2mu+,235.56
3mu+,234.287
2mu-,79.6822
pi+,1647.18
mu-,258.501
mu+,313.526
2mu+,290.132
3mu+,233.398
pi-,106.978
mu-,196.176
pi-,487.554
2pi-,486.389
3pi-,424.083
2pi+,488.724
pi+,1375.09
pi+,10.3238
pi+,1266.8
pi-,678.717
pi+,1913.39
2pi+,266.406
3pi+,165.324
pi-,341.624
2pi-,340.483
3pi-,339.146
pi+,529.236
2pi+,527.801
3pi+,526.648
pi+,347.759
2pi+,311.729
pi+,1187.92
3mu+,433.205
pi+,391.22
2pi+,389.103
3mu+,336.054
pi+,874.55
2pi+,873.404
3pi+,773.189
pi+,474.99
2pi+,478.543
3pi+,391.342
mu-,25.8224
pi+,202.783
2mu+,199.581
3mu+,198.301
pi-,350.546
2pi-,348.661
3pi-,347.276
pi+,742.766
2pi+,704.072
mu-,222.207
2mu-,220.96
3mu-,219.751
2pi+,373.772
3mu+,247.599
pi+,1927.2
2pi-,75.0958
pi-,338.825
pi-,532.972
2pi-,531.142
3pi-,200.434
pi+,924.994
pi-,499.84
2pi-,479.144
pi+,309.749
pi-,201.377
2mu-,128.096
pi-,173.712
2mu-,146.227
3mu-,130.389
pi+,274.627
2mu+,137.488
pi-,388.087
2mu-,148.752
pi+,468.24
2pi+,414.57
mu-,91.5767
pi+,610.858
2pi+,510.337
pi+,196.997
2pi+,182.523
3mu+,117.521
pi+,655.182
pi+,167.557
3mu+,1066.88
mu-,80.9435
2mu-,79.4658
pi+,254.548
pi-,589.218
2pi-,588.065
3pi-,585.768
pi-,685.349
pi+,642.944
pi+,752.866
mu-,286.617
2mu-,173.17
3mu-,148.294
pi+,823.359
pi-,176.73
2pi-,233.56
pi-,268.695
2pi-,267.334
3pi-,191.131
mu-,77.0507
mu+,724.568
3mu+,454.014
3mu+,87.6424
pi-,127.204
pi-,117.84
pi+,267.885
2pi+,70.1175
3mu+,41.7409
pi+,400.564
pi+,620.714
pi+,690.208
pi-,160.537
2pi-,159.298
3pi-,145.031
pi-,567.372
2pi-,557.409
mu-,728.556
3mu-,467.916
3pi+,97.935
pi-,708.838
2pi-,707.61
3mu-,613.675
mu+,614.003
2mu+,593.521
3mu+,499.099
mu+,105.568
pi+,102.744
mu+,1137.18
2mu+,1073.58
pi-,440.488
2pi-,439.363
3mu-,282.64
pi+,319.869
2pi+,318.667
3mu+,177.839
pi+,239.785
2pi+,225.931
pi-,573.607
2pi-,540.21
3pi-,455.36
pi-,249.986
2pi-,164.994
pi+,2856.48
2pi-,138.65
3pi+,87.129
3pi-,702.608
mu-,19.3732
mu-,204.435
mu+,108.93
pi-,432.855
2pi-,370.504
3pi-,369.276
pi-,1612.11
3pi-,383.474
2pi+,405.839
3pi+,356.707
pi+,102.684
pi+,1385.5
pi-,992.466
pi-,244.655
2mu-,196.878
3mu-,150.603
pi+,418.82
pi-,471.772
pi+,530.916
2pi+,529.746
3pi+,477.893
pi+,646.696
2pi+,645.48
3pi+,644.216
pi-,446.151
2mu-,282.247
3mu-,202.966
pi-,423.364
3pi+,170.457
3pi+,154.554
3pi+,1581.8
pi-,400.097
pi+,127.435
mu-,46.0571
pi+,1929.19
2pi+,851.432
pi-,77.8476
2pi-,76.2845
mu-,236.391
2mu-,209.483
3mu-,109.871
pi+,535.455
2pi+,515.266
3pi+,452.925
pi+,1043.68
2pi+,1015.84
3pi+,944.08
mu+,584.335
2mu+,583.249
3mu+,539.365
pi+,486.804
2mu+,176.863
mu-,160.611
pi+,361.475
2mu+,180.921
3mu+,34.3479
2pi-,157.475
2pi+,55.8612
pi+,2555.85
3pi-,176.345
pi-,1025.91
2pi-,1024.61
pi+,1814.62
pi+,608.757
pi-,48.9127
2mu-,22.7323
3mu-,19.635
pi+,220.517
2mu+,130.433
3mu+,91.6689
pi-,712.362
2mu-,594.104
3mu-,539.811
pi+,393.711
2pi+,224.512
3mu+,117.248
pi-,405.944
pi+,310.15
2pi+,297.263
pi-,510.359
2pi-,479.632
pi-,500.692
2pi-,391.132
pi+,747.01
mu-,171.837
2mu-,170.685
3mu-,169.234
pi+,956.696
3mu+,649.953
pi-,610.937
2pi-,609.641
pi+,414.985
pi-,78.4667
pi+,499.323
3pi+,367.612
2pi+,221.306
pi+,729.742
2pi+,728.599
3pi+,683.181
pi+,61.0939
pi-,37.9988
pi+,409.65
2mu+,303.244
3mu+,230.3
pi-,1153.69
mu+,123.622
pi-,616.561
2pi-,524.583
mu+,21.7629
2mu+,18.4965
3mu+,14.591
2pi+,175.666
2pi+,86.2679
pi-,164.636
2pi-,163.306
mu+,333.576
2mu+,295.685
3mu+,294.541
pi+,415.048
pi-,195.386
mu-,158.793
pi-,547.835
2pi-,510.514
pi+,382.858
2pi+,381.754
3pi+,380.547
pi+,817.391
pi+,488.923
2pi+,487.709
3pi+,437.099
pi+,204.81
2pi+,152.172
mu-,1184.29
2mu-,1182.85
3mu-,1181.43
pi-,1142.81
2pi-,1076.66
3pi-,960.051
mu-,116.969
2mu-,115.348
3mu-,113.914
mu-,397.962
3mu-,170.884
pi-,530.663
2pi-,529.357
3pi-,482.707
pi+,132.562
3pi+,59.9975
mu+,461.566
2mu+,460.108
3mu+,411.944
pi-,1533.18
pi-,483.235
2pi-,481.975
pi+,365.876
pi+,1057.15
2pi+,461.883
mu-,62.8116
2mu-,51.305
3mu-,48.889
2pi+,574.019
mu+,43.0822
pi+,1330.91
2pi+,1231.21
pi+,418.658
3mu+,92.3804
2pi-,487.039
3pi+,328.083
mu+,591.158
2mu+,537.526
3mu+,189.059
pi-,124.72
2pi-,123.301
3pi-,121.731
3pi-,101.12
pi+,860.863
2mu+,757.044
3mu+,655.611
pi+,285.262
2pi+,264.221
pi-,1638.09
pi+,1392.05
3mu+,617.475
pi-,252.369
pi+,110.145
2pi+,69.6129
3pi+,58.8992
mu+,382.205
2mu+,380.857
3mu+,344.335
pi-,433.938
3mu-,128.037
pi+,301.945
pi+,742.493
2pi+,741.318
pi+,712.254
pi+,1696.9
mu-,298.843
2mu-,295.575
3mu-,294.4
pi+,1727.28
pi+,591.189
2mu+,365.327
3mu+,345.222
pi-,221.4
3mu+,92.6291
pi+,1264.62
2pi+,1263.48
3pi+,1187.38
pi+,1298.09
pi+,908.288
2pi+,906.616
3pi+,726.553
pi-,329.876
2mu-,235.972
3mu-,162.427
pi+,2631.58
2pi+,2630.09
3pi+,740.489
pi+,1117.6
pi+,2098.95
pi+,358.06
2mu+,231.46
3mu+,230.264
mu+,279.125
2mu+,277.997
3mu+,225.419
pi+,770.716
mu+,353.749
3mu+,144.735
mu-,162.278
2mu-,81.4417
3mu-,79.2917
pi-,985.235
2pi-,984.156
3mu-,611.565
mu+,57.3267
2mu+,55.4236
3mu+,53.0336
mu-,485.204
2mu-,483.232
3mu-,481.945
pi-,774.894
2pi-,773.699
3pi-,681.086
pi+,557.189
2pi+,489.496
pi+,1786.73
pi+,605.441
pi-,671.38
2mu-,369.027
3mu-,337.275
pi+,571.809
2mu+,573.375
3mu+,517.528
mu-,33.5625
pi+,84.4531
2pi+,83.0666
3pi+,81.2318
pi+,1748.59
2pi+,1747.36
3pi+,1746.03
pi+,127.455
2pi+,125.909
3mu+,105.677
pi+,294.268
2mu+,180.711
3mu+,179.295
pi-,3390.16
pi-,466.995
pi+,893.624
pi+,1036.52
2pi+,1033.58
3pi+,950.825
pi+,238.307
pi-,423.838
2pi-,231.853
pi+,119.478
2pi+,118.144
3pi+,49.6262
pi+,431.998
2pi+,430.94
3pi+,385.437
mu-,91.6634
3mu+,1013.16
pi+,1751.62
3pi+,36.2422
pi-,657.718
pi-,538.269
2pi-,537.189
3pi-,453.424
pi+,2158.53
2mu+,398.482
2mu+,443.151
mu-,336.238
2mu-,297.091
3mu-,239.46
pi+,826.202
2pi+,824.571
3pi+,750.157
pi-,615.03
2pi-,613.966
3pi-,612.84
pi-,728.801
2pi-,498.443
2pi-,579.08
pi+,449.328
mu-,241.135
2mu-,239.895
3mu-,238.577
pi-,180.935
2pi-,179.641
3mu-,181.867
mu+,226.651
2mu+,225.411
3mu+,223.75
mu+,528.025
2mu+,526.975
3mu+,524.957
pi+,134.512
pi-,565.49
2pi-,503.785
pi+,209.988
pi-,1560.23
pi-,990.024
pi+,517.56
3mu-,198.101
pi+,620.966
2mu+,414.644
3mu+,366.165
pi-,182.245
2mu-,161.515
3mu-,160.259
pi+,93.1037
2pi+,91.5747
3mu+,47.8636
pi-,482.145
pi+,470.506
2pi+,468.068
3mu+,273.972
pi+,74.1912
mu-,207.368
pi+,1611.14
pi+,652.01
2pi+,650.808
3pi+,560.011
pi-,439.76
pi-,700.028
2pi-,698.48
3pi-,697.266
pi+,1336.54
pi+,135.907
2pi+,134.615
3pi+,133.254
pi-,152.159
pi+,338.564
mu-,389.931
2mu-,388.128
3mu-,337.558
mu+,249.464
mu-,298.397
pi+,1100.42
2pi+,1099.37
3pi+,1027.5
pi+,611.927
2pi+,610.548
3pi+,609.372
pi-,194.085
2pi-,97.5679
pi+,731.322
2pi+,730.124
3pi+,728.919
pi+,972.454
pi+,1263.39
3pi-,775.419
pi-,1273.13
pi+,327.395
2pi+,260.4
3pi+,258.887
2mu+,290.026
pi+,296.755
2pi+,208.133
pi+,491.481
pi-,332.512
pi+,712.177
pi-,476.843
pi-,219.617
pi-,213.603
2pi-,199.909
mu-,244.161
3mu-,48.0425
pi-,2076.3
2pi+,581.576
mu+,527.839
2mu+,483.156
2mu+,69.9476
pi+,810.359
pi+,28.9621
pi-,1334.53
2pi+,415.562
pi-,1402.63
mu-,226.061
pi+,646.614
pi-,79.3915
2mu-,86.7878
3mu-,85.1402
pi+,167.178
mu-,13.6015
2mu-,8.21678
mu+,568.217
2mu+,520.121
mu-,916.804
2mu-,915.098
3mu-,821.176
mu+,1659.97
2mu+,1658.72
3mu+,1657.13
pi+,129.025
pi-,257.694
2mu-,232.869
3mu-,210.276
2mu+,287.242
3mu+,194.699
mu-,209.112
2mu-,124.93
pi+,122.717
mu-,37.0264
pi+,710.553
2pi+,708.811
pi+,243.879
2pi+,217.681
mu-,112.926
2mu-,15.5708
3mu-,10.5092
2pi+,292.348
3pi+,267.874
mu+,130.94
2mu+,128.841
3mu+,102.892
pi-,417.422
pi+,482.933
mu-,122.698
2mu-,96.4449
3mu-,68.6879
pi+,552.896
2mu+,312.259
3mu+,227.891
pi-,2068.87
mu+,376.94
2mu+,265.887
3mu+,180.063
mu+,297.04
2mu+,295.831
3mu+,294.39
3pi+,158.932
pi-,30.0136
mu-,87.9549
pi+,309.484
2mu+,337.085
3mu+,335.674
pi+,1994.14
pi-,466.131
2pi-,421.872
3mu-,234.216
pi+,144.248
pi+,1814.82
mu-,68.0938
pi+,143.414
pi+,251.582
2pi+,250.324
3pi+,186.547
pi-,207.122
2pi-,205.97
pi+,619.228
pi+,150.701
2mu+,25.0318
3mu+,21.5216
pi+,310.316
2pi+,309.023
3pi+,287.95
mu+,371.186
2mu+,283.543
3mu+,211.068
2mu+,34.0343
pi+,1220.92
mu+,324.729
2mu+,323.522
3mu+,322.315
pi-,1462.08
2pi-,1460.74
3pi-,1404.19
pi-,1967.69
mu+,48.0561
pi-,1840.24
pi+,610.922
2pi+,609.537
3mu+,626.045
pi+,37.3915
2mu+,51.4352
3mu+,48.6736
pi+,1061.64
pi+,276.916
pi+,471.365
mu-,36.9924
pi+,294.469
pi-,2354.88
2pi-,2352.33
3pi-,2314.51
pi+,750.892
3mu+,506.892
pi-,2186.43
pi-,260.279
2pi-,259.098
3mu-,146.969
pi+,39.8075
pi-,2076.15
2pi-,2075.01
3pi-,2014.79
pi-,2017.96
2pi+,1164.08
pi-,705.513
3pi-,758.9
pi-,1309.97
2mu-,1308.96
3mu-,1307.48
pi-,259.819
mu-,249.049
2mu-,201.445
3mu-,95.2407
2mu+,99.7401
pi+,610.407
2mu+,326.96
3mu+,304.474
mu+,185.574
2mu+,184.388
3mu+,183.184
mu+,645.066
2mu+,615.46
3mu+,533.57
pi+,47.5455
2mu+,18.1425
3mu+,14.0568
2pi-,626.467
2mu+,532.571
pi-,393.795
2pi-,392.723
3pi-,354.842
mu+,481.002
2mu+,478.668
3mu+,423.055
pi-,205.253
2pi-,203.962
3pi-,200.763
pi-,93.6834
pi+,1970.42
2pi-,30.6447
pi-,996.225
2pi-,30.9925
pi+,440.313
pi+,574.376
2mu+,334.34
pi-,778.711
pi+,552.701
2pi+,551.476
pi-,468.445
pi+,229.19
mu+,285.646
2mu+,255.252
3mu+,141.825
pi-,351.229
2mu-,36.3981
mu-,498.051
2mu-,437.882
pi+,1367.92
2pi+,1366.73
3pi+,1255.1
pi+,422.409
2mu+,351.845
3mu+,274.277
pi-,461.768
2mu-,213.317
3mu-,144.788
pi+,316.199
2pi+,314.643
3pi+,311.23
2pi-,439.921
mu+,452.477
3mu+,114.887
pi+,579.022
2pi+,505.013
pi+,150.41
2mu+,133.055
3mu+,131.644
pi+,210.937
pi+,283.382
mu-,175.374
2mu-,173.691
3mu-,146.182
mu+,137.272
pi-,154.177
2pi-,520.104
pi-,216.369
pi-,724.412
2mu-,484.901
3mu-,427.375
3mu+,85.9923
pi-,163.671
2mu-,105.03
3mu-,103.412
pi-,525.474
2mu-,490.084
pi+,867.046
2pi+,688.302
2pi-,91.7494
pi-,103.087
2mu-,14.291
3mu-,7.51624
pi+,488.921
3mu+,97.7374
pi+,1562.15
2pi+,1560.78
3pi+,1559.59
pi+,624.97
2pi+,550.83
pi+,442.468
mu-,536.163
pi-,854.116
2pi-,852.289
3pi-,850.495
pi-,453.457
pi+,692.324
3pi+,270.779
mu-,1266.38
2mu-,1073.46
3mu-,1013.28
pi+,556.678
2pi+,546.478
mu+,80.5167
2mu+,78.8312
pi+,972.411
pi-,340.17
pi-,429.607
2mu-,177.763
pi+,315.572
2pi+,314.183
3pi+,311.759
pi-,505.1
2pi-,409.372
pi-,739.333
2pi-,692.016
3mu-,587.863
mu-,457.707
3mu-,242.103
3mu-,87.7876
pi-,512.797
2pi-,451.399
3mu-,325.557
pi+,470.474
pi+,206.345
2pi+,204.952
pi+,208.899
2pi+,207.098
3pi+,205.683
pi-,951.552
2pi-,720.931
pi-,1530.96
pi-,694.308
pi+,406.007
2pi+,372.014
3pi+,91.3434
mu-,19.2599
pi+,861.089
3mu+,455.656
pi+,1157.48
pi-,949.917
2pi-,948.8
pi+,1743.19
2pi+,1741.71
3pi+,1740.16
mu+,126.573
2mu+,125.107
3mu+,74.8702
pi-,270.036
2pi-,268.558
3pi-,257.673
pi-,886.982
pi-,259.876
3mu-,475.102
pi+,186.082
mu-,109.233
2mu-,107.491
pi+,1920.14
2mu+,501.979
pi+,233.711
2pi+,218.083
pi+,143.204
2pi+,141.759
3pi+,115.879
pi+,513.719
pi-,793.348
pi-,1210.95
2pi-,1208.45
3mu-,912.163
pi+,991.306
2pi+,990.095
3pi+,914.421
pi-,1112.59
2pi-,1100.16
pi-,411.937
2pi-,410.75
3pi-,367.603
mu-,270.651
mu+,191.644
pi-,940.052
2pi-,875.412
pi+,162.561
pi+,211.454
2pi+,62.8284
pi+,265.891
2pi+,264.437
3pi+,263.195
2pi+,560.867
pi+,727.671
mu+,460.11
mu-,404.468
3mu-,181.339
pi+,2186.66
3pi+,1861.77
mu+,45.3831
pi+,1119.01
2pi+,1117.31
3mu+,688.622
3pi-,95.1007
3pi+,447.314
pi-,1731.98
mu-,560.728
2mu-,489.053
3mu-,418.158
mu-,1127.73
2mu-,1126.36
3mu-,1106.05
pi-,119.157
2pi-,77.0474
pi-,104.179
2pi-,102.645
pi-,246.632
2mu-,126.924
pi-,739.154
pi+,724.124
2mu-,81.1719
3mu-,79.2995
pi-,455.539
pi+,439.969
2mu+,447.796
3mu+,380.671
pi+,2118.35
pi-,414.425
pi-,214.713
2pi-,213.367
3mu-,195.702
pi-,455.476
2pi-,454.271
pi-,1381.52
2pi-,1370.08
3pi-,1185.11
pi+,119.158
2mu+,95.3281
3mu+,93.7227
pi-,94.7694
pi-,239.17
2mu-,184.819
3mu-,64.7507
pi-,252.313
pi-,1373.89
pi+,332.966
pi+,801.154
2pi+,800.09
mu-,281.754
2mu-,258.165
3mu-,147.381
mu+,194.612
2mu+,36.7154
pi+,1741.39
pi-,441.846
pi-,868.031
pi-,283.921
2pi-,260.155
3mu-,141.001
pi+,877.873
mu-,443.511
2mu-,433.164
3mu-,317.075
pi-,674.798
2pi-,664.453
2mu+,220.141
3mu+,165.538
pi-,902.033
2pi-,897.889
3pi-,861.212
pi+,560.258
mu-,162.131
2mu-,160.982
3mu-,159.636
pi+,1802.67
pi+,636.953
2pi+,625.284
3mu+,363.32
mu-,66.9313
pi-,670.327
pi-,484.799
2pi-,483.727
3pi-,419.337
mu+,191.967
2mu+,189.97
3mu+,133.495
3mu+,485.897
pi-,435.342
2pi-,405.582
pi+,99.5629
2pi+,98.1489
3mu+,115.655
pi-,416.854
3mu-,230.166
pi+,417.591
2mu+,169.641
3mu+,97.814
pi-,230.281
2pi-,228.936
3mu-,151.793
pi+,476.512
pi-,1239.3
pi+,1514.76
2mu+,185.238
3mu+,97.8112
pi-,123.005
2mu-,119.588
3mu-,47.7139
pi-,597.385
2pi-,478.498
pi-,279.879
pi+,263.735
pi-,404.651
2mu-,385.566
3mu-,343.438
pi+,252.927
pi-,345.48
2pi-,37.6611
2pi+,200.353
3mu+,159.011
pi-,452.45
pi+,234.572
pi+,47.2093
pi+,1344.47
2pi+,1335.58
pi-,1276.14
pi-,759.876
2pi-,758.444
3mu-,670.064
pi+,251.365
2mu+,186.728
3mu+,51.0717
pi-,257.945
pi+,695.249
pi-,155.245
2pi-,153.854
pi+,234.497
2mu+,96.4163
mu+,164.986
pi+,561.921
pi-,521.398
pi+,192.158
mu+,13.358
pi-,92.6663
2mu-,93.6102
3mu-,85.0823
pi+,271.625
pi+,1072.31
2pi+,1071.08
pi+,242.501
2pi+,241.282
3pi+,240.198
pi+,826.414
2pi+,824.588
pi-,449.983
2pi-,448.918
3pi-,438.156
pi-,496.3
2pi-,440.793
mu+,25.3485
mu+,17.3495
2mu+,13.1277
3mu+,6.14085
pi+,605.973
pi-,495.323
2pi-,447.77
3mu-,173.413
pi-,173.148
2pi-,171.846
2pi-,60.3011
mu+,268.303
2mu+,265.408
3mu+,169.35
mu-,301.001
2mu-,249.677
3mu-,108.419
pi-,176.029
mu+,188.42
mu-,156.314
mu-,381.435
2mu-,379.991
3mu-,378.876
pi+,593.433
2pi+,592.3
3pi+,494.416
pi+,1179.53
3pi+,870.142
pi-,746.398
2pi-,671.152
pi+,591.664
2mu+,545.24
mu+,82.5106
pi-,708.992
2mu-,664.566
pi-,740.613
2pi-,673.294
pi-,429.898
2pi-,428.558
3mu-,355.985
mu+,412.585
3mu+,151.461
mu+,130.946
mu-,700.218
3mu-,431.325
pi-,2654.05
3pi-,607.032
pi-,428.967
pi+,239.519
pi+,167.23
pi-,679.901
2mu-,500.495
3mu-,499.157
pi-,959.012
pi-,493.878
2pi-,442.998
pi+,579.677
2pi+,578.452
3pi+,577.31
pi+,595.432
2pi+,594.094
3pi+,591.987
pi+,177.453
2pi+,175.738
3pi+,152.472
pi+,1151.25
2pi+,1076.84
pi+,1516.19
2mu+,946.508
3mu+,884.262
pi-,198.333
2pi-,176.474
mu+,592.267
2mu+,587.052
3mu+,531.769
pi-,358.875
3mu-,175.686
pi+,563
2mu+,302.254
3mu+,299.932
pi-,1339.78
2pi-,1338.7
mu+,20.5364
2mu+,17.0077
3mu+,12.2945
pi-,782.063
2pi-,780.15
3pi-,706.916
mu+,117.286
pi+,1940.77
mu+,95.8254
pi+,872.939
2pi+,871.818
pi+,1838.49
pi-,762.728
2mu-,576.61
3mu-,526.07
3pi-,498.448
2mu-,301.026
3mu-,195.49
pi-,1784.69
mu+,48.8749
2mu+,45.556
3mu+,43.4396
pi-,183.685
2pi-,156.376
pi-,40.6179
mu-,219.964
2mu-,218.803
3mu-,217.495
pi+,553.072
pi-,52.2209
mu+,714.549
3mu+,418.935
mu+,50.0498
pi+,1348.53
pi+,487.106
2pi+,464.217
mu-,660.022
2mu-,658.88
3mu-,590.263
pi+,927.781
2pi+,276.152
pi-,860.882
2pi-,841.803
3mu-,525.743
pi+,159.222
pi+,186.616
pi-,353.402
2pi-,352.18
3mu-,175.39
pi-,602.507
mu+,162.839
pi+,1102.84
2pi+,1100.96
3pi+,1045.85
2mu-,83.8217
3mu-,82.332
mu-,44.5044
mu-,383.604
3mu-,80.079
pi+,769.039
pi+,2136.83
pi-,430.702
3mu-,93.5513
pi-,686.582
2pi-,685.309
2mu+,573.275
pi-,734.93
3pi-,470.999
mu+,632.785
2mu+,511.276
3mu+,473.245
pi+,113.965
mu-,770.007
2mu-,721.939
pi+,583.69
2pi+,521.101
3mu+,428.811
pi+,594.449
2pi+,496.33
mu-,927.269
2mu-,926.016
3mu-,802.36
pi+,531.053
pi+,326.368
pi-,140.36
2pi-,139.02
3mu-,79.7441
mu+,943.489
2mu+,942.323
3mu+,865.19
pi-,538.483
2pi-,537.209
3pi-,516.548
pi-,582.532
2pi-,502.709
pi+,387.931
2pi+,386.741
3pi+,366.833
pi+,45.0855
2pi-,441.943
3pi-,315.834
pi+,337.961
3mu+,81.1127
pi+,1232.44
pi-,2075.84
3pi+,115.481
pi-,1744.89
3pi-,755.448
pi+,157.08
pi+,1138.6
2pi+,1110.74
3pi+,998.417
pi+,1022
pi+,423.067
pi-,1667.55
pi-,53.3626
2mu-,42.6005
3mu-,39.9112
mu+,152.981
pi+,436.213
2pi+,435.055
3pi+,433.831
2pi-,138.343
2pi-,25.0555
pi+,209.806
2mu+,106.359
3mu+,104.636
pi+,983.055
2pi+,981.908
3pi+,919.132
pi-,832.399
2pi-,830.967
3pi-,829.228
mu+,422.788
3mu+,84.714
pi-,547.893
2pi-,546.68
3pi-,545.262
pi+,127.927
2mu+,145.411
3mu+,129.264
pi+,540.971
2mu+,207.156
3mu+,92.954
pi-,216.126
2pi-,153.232
3pi-,45.1148
mu+,147.465
pi+,232.915
2pi+,231.266
3pi+,159.207
pi+,640.761
2pi+,538.832
pi-,449.667
pi-,490.926
2pi-,489.828
3pi-,488.69
pi+,238.337
pi-,310.867
2pi-,309.363
3mu-,289.639
pi+,11.8056
pi-,133.202
2mu-,89.0671
3mu-,87.4107
pi-,1862.02
pi+,156.533
pi-,561.746
2pi-,560.075
3pi-,558.314
mu+,152.119
pi-,220.259
2pi+,1344.82
pi+,171.516
pi-,649.762
2mu-,374.266
3mu-,285.113
pi-,1143.94
pi-,230.834
2mu-,102.107
3mu-,100.399
pi-,113.347
2pi-,111.844
pi+,1725.95
3pi+,1420.73
pi+,47.7511
2pi+,44.8254
3mu+,41.0604
2pi+,1215.18
pi-,300.936
2pi-,299.744
3pi-,267.085
pi-,746.249
2pi-,744.665
3pi-,653.461
pi+,256.518
pi-,1811.19
pi+,207.778
2pi+,206.535
3pi+,83.7193
pi-,1019.54
2mu-,750.923
3mu-,650.587
pi-,181.285
pi-,3001.19
mu+,276.414
2pi+,110.206
2mu+,695.467
3mu+,693.713
pi+,452.208
2pi+,450.923
3mu+,421.75
pi+,10.0193
pi+,474.292
pi-,339.05
2pi-,292.542
3mu-,98.9649
pi+,709.737
pi-,306.329
2pi-,262.482
pi+,419.225
2pi+,397.342
pi+,261.589
2mu+,181.108
3mu+,179.783
mu+,237.644
pi-,303.956
2pi-,302.694
3pi-,301.352
pi+,51.4898
2mu+,24.2417
3mu+,21.1822
pi-,728.905
mu-,1123.17
2mu-,1052.67
mu+,14.0123
2mu+,8.95983
pi-,958.724
pi+,628.99
2pi+,609.117
3pi+,517.329
pi-,523.337
2mu-,544.58
3mu-,543.214
pi-,702.964
2pi-,701.801
pi-,586.945
2pi-,585.795
3pi-,358.927
pi+,1358.55
pi+,2058.47
mu+,172.595
2mu+,171.262
3mu+,169.557
pi-,842.812
2pi-,839.747
3pi-,838.634
mu+,101.204
pi+,445.826
2pi+,403.159
3pi+,352.134
pi+,1013.89
2pi+,1012.73
3pi+,1011.47
pi-,1331.17
2mu-,1020.79
3mu-,1019.46
pi-,288.056
2pi-,286.702
3mu-,220.785
mu+,228.651
pi+,1736.02
pi+,398.486
pi-,1268.32
pi+,371.256
pi-,3128.77
2pi-,3126.74
3pi-,3125.25
pi+,229.148
2pi+,227.1
3pi+,116.661
2pi+,351.94
2pi+,701.259
3pi+,663.556
pi+,237.308
2pi+,236.111
3mu+,160.899
pi-,2032.36
pi+,704.271
3mu+,294.943
pi+,1368.65
mu+,205.565
2mu+,136.492
pi+,524.625
3pi+,261.697
pi-,714.593
pi+,183.731
2mu+,122.382
pi-,522.499
2pi-,472.686
pi-,889.443
2pi-,888.09
3pi-,801.315
pi+,1204.73
pi-,1893.59
pi-,1502.55
pi+,2091.22
2pi+,2089.63
3pi+,2088.13
pi-,149.571
pi+,468.276
2pi+,427.45
3mu+,360.165
pi+,1831.89
3pi+,207.586
pi+,36.5559
pi-,21.849
pi-,307.224
2mu-,200.002
3mu-,166.882
pi+,1287.02
3mu+,214.468
mu-,36.3703
2mu-,33.7439
3mu-,31.048
pi-,506.546
2pi-,477.686
3pi-,421.619
mu+,152.935
pi-,210.974
2mu-,219.663
3mu-,157.795
pi-,535.548
2mu-,540.413
3mu-,539.25
pi+,195.869
2pi+,194.612
3mu+,111.617
pi-,1810.79
2pi+,33.9587
3mu+,7.21925
mu-,1111.16
2mu-,1109.89
3mu-,1067.57
pi+,1251.39
pi-,505.284
2pi-,504.058
3pi-,502.498
pi+,1332.76
pi-,741.752
2pi-,105.273
pi+,247.389
2pi+,246.006
2pi+,198.299
3pi-,48.7077
pi+,1192.38
pi-,457.409
2pi-,426.859
pi+,450.422
2pi+,421.148
pi-,618.683
2pi-,75.4938
pi+,634.234
mu-,130.529
2mu+,268.552
pi-,340.744
pi+,374.231
pi+,888.531
pi-,580.669
2mu-,545.614
3mu-,544.426
2pi+,46.6512
pi+,326.988
pi+,795.259
mu+,12.3582
2pi+,357.893
pi+,742.628
2pi+,690.978
mu-,118.828
pi+,1310.42
3mu+,833.632
pi-,1257.43
pi-,145.355
pi+,1981.66
pi-,1265.88
2mu-,862.181
3mu-,770.985
mu-,28.5971
2mu-,25.7687
3mu-,265.721
pi-,146.561
pi+,521.309
2pi+,520.069
3pi+,464.771
pi+,847.981
2pi+,846.842
3pi+,845.234
pi+,1393.3
pi+,677.443
mu-,51.9165
mu+,138.724
2mu+,137.439
3mu+,136.127
3pi+,505.609
pi+,425.556
2mu+,259.159
3mu+,165.039
pi+,473.241
pi+,154.016
2mu+,68.8248
3mu+,67.0377
pi+,995.203
pi-,193.634
2pi-,192.135
3mu-,54.6396
pi+,969.117
pi-,1487.54
2pi-,268.154
2mu+,174.034
3mu+,162.245
pi-,69.8319
mu+,241.232
2mu+,238.076
3mu+,114.597
mu-,45.6116
2mu-,42.8083
2mu+,165.867
3mu+,154.264
pi+,1130.88
2pi+,1101.12
3pi+,1033.19
3mu+,297.918
3mu-,77.6711
3mu+,264.367
pi+,2383.3
2mu+,1835.4
3mu+,1823.05
pi+,389.861
pi-,558.732
pi+,2041.14
pi+,990.727
2pi+,988.366
3pi+,986.528
pi+,1628.23
2pi+,1626.65
3pi+,1614.02
pi-,282.919
2pi-,129.491
pi+,704.779
2pi+,703.63
3pi+,630.837
mu+,151.649
pi+,218.818
2mu+,213.269
3mu+,211.91
pi+,1240.92
pi-,779.384
pi+,536.371
2pi+,535.014
3pi+,533.784
pi+,215.383
pi+,1241.75
pi+,1955.22
mu-,141.502
2mu-,140.208
3mu-,73.9371
pi+,664.08
pi+,969.247
pi-,1950.18
pi+,1010.68
2pi+,1009.43
3pi+,967.54
pi+,746.828
2pi+,735.733
pi-,1168.7
2pi-,1167.23
3pi-,1165.97
pi-,321.924
2pi-,319.307
3pi-,318.033
pi-,769.426
2pi-,767.918
3pi-,707.147
mu+,131.096
mu+,248.582
2mu+,247.118
3mu+,178.653
mu+,568.696
2mu+,567.146
3mu+,508.195
mu+,575.783
3pi-,2825.84
mu+,343.382
3mu+,157.818
mu-,101.425
2mu-,98.6567
pi+,412.787
2pi+,403.281
pi+,1274.3
3mu-,149.334
mu-,758.752
2mu-,757.436
3mu-,682.279
pi+,218.132
2pi-,110.204
mu+,863.065
3mu+,555.454
mu+,319.544
2mu+,317.899
3mu+,250.776
pi-,461.973
2pi-,458.774
pi-,443.058
pi+,392.444
2pi+,391.187
3pi+,389.542
pi+,363.468
pi-,1152.69
pi+,243.453
mu+,105.304
pi-,453.781
pi-,490.862
2pi-,489.723
3pi-,488.485
mu+,306.781
2mu+,263.621
3mu+,154.821
pi+,557.27
pi+,688.175
2pi+,686.969
3pi+,585.746
pi-,508.935
pi-,521.413
2pi-,520.331
3pi-,469.618
mu+,197.798
2mu+,196.584
3mu+,166.391
pi+,274.583
pi+,394.862
mu-,237.489
2mu-,171.073
pi-,455.939
2pi-,355.459
3mu-,179.361
pi-,943.134
2pi-,941.699
3pi-,848.645
mu+,33.4506
pi-,709.207
3mu-,159.554
pi-,1238.49
3mu+,151.631
pi+,550.169
2pi+,539.78
pi+,36.635
pi+,1066.49
2pi+,1027.63
3pi+,299.048
pi-,1011.53
pi-,119.755
pi+,825.52
2pi-,545.451
pi+,231.445
2mu+,134.74
3mu+,133.19
3pi+,184
2mu+,402.694
3mu+,248.175
pi-,1435.83
2pi-,1434.65
3pi-,1433.3
pi+,1472.35
2pi+,1468.93
3pi+,1467.78
mu+,264.745
pi-,134.681
pi-,510.651
pi+,258.165
2pi+,256.964
3mu+,113.729
2mu+,20.6055
pi-,548.889
2mu-,345.413
3mu+,1209.63
pi-,426.784
mu+,219.962
2mu+,196.089
3mu+,127.159
pi+,783.754
2mu-,203.653
3mu-,145.229
mu+,294.332
2mu+,236.759
pi-,734.356
3mu-,172.097
pi+,673.763
2pi+,672.593
3pi+,580.828
pi+,398.348
2pi+,366.84
pi-,547.783
2pi-,469.914
pi+,337.985
2pi+,336.736
3pi+,328.582
mu-,146.35
2mu-,144.208
3mu-,131.121
3mu+,338.933
pi+,106.325
2mu+,55.6819
3mu+,12.9707
pi+,399.559
pi+,1326.74
pi+,2365.54
2pi-,2544.19
3pi-,2543.02
pi-,263.074
2pi-,261.839
3pi-,260.433
pi+,1921.19
2pi+,224.663
pi-,371.929
2pi-,274.382
pi+,247.508
pi+,719.083
pi+,142.538
2mu+,129.133
mu+,18.4675
mu-,406.079
2mu-,235.314
3mu-,180.386
pi+,311.385
pi-,1082.54
pi+,1917.76
pi-,471.111
2pi-,447.478
3pi-,328.629
pi-,996.171
pi+,192.401
2mu+,212.669
3mu+,165.752
pi-,781.774
2pi-,780.6
3pi-,779.446
pi-,418.611
2pi-,252.82
pi+,171.17
2mu+,103.348
3mu+,101.989
pi-,1972.37
mu+,312.667
pi+,534.393
2pi+,532.282
3pi+,475.286
3pi+,165.097
mu-,439.072
2mu-,437.709
3mu-,399.772
pi-,884.575
pi+,876.719
mu-,210.532
2mu-,135.251
pi+,778.933
2pi+,777.581
3pi+,776.456
pi-,493.291
2mu-,498.66
3mu-,478.719
pi+,928.404
2mu+,728.458
3mu+,632.581
pi+,207.953
2mu+,173.825
pi-,1180.25
2pi-,1126.39
pi-,723.907
pi+,495.639
3mu+,92.7011
pi+,912.023
mu+,519.272
2mu+,518.055
3mu+,469.576
pi+,703.882
3mu+,349.088
pi-,288.889
2pi-,287.649
3mu-,240.129
pi-,1577.64
pi+,195.279
pi+,454.788
pi+,595.521
2pi+,594.243
3pi+,540.619
2pi+,168.312
pi+,803.621
pi-,1440.17
pi+,194.547
2mu+,203.466
3mu+,202.324
pi-,965.869
2pi-,964.572
3mu-,580.057
mu+,316.485
2mu+,266.934
3mu+,226.719
mu+,269.558
pi-,712.911
2pi-,690.282
2pi-,183.827
mu+,393.527
3mu+,166.293
pi+,83.8131
2pi+,981.662
pi-,425.865
pi+,1830.25
2pi+,117.429
2pi-,490.78
pi+,119.329
mu+,181.19
pi+,1905.74
2mu+,1641.22
3mu+,1639.96
mu+,606.53
2mu+,604.613
3mu+,565.154
pi-,175.839
mu+,48.5799
2mu+,46.6862
3mu+,24.343
mu-,137.176
pi+,367.449
2pi+,366.317
3pi+,346.241
pi-,789.62
2pi-,788.277
pi+,4215.35
2pi+,4213.91
3pi+,902.543
3pi+,194.788
pi+,87.8152
2pi+,85.482
3pi+,83.4754
pi-,268.015
2pi-,266.641
3pi-,210.902
pi-,721.401
2pi-,685.434
3pi-,626.873
pi-,332.731
2pi-,331.561
3pi-,329.881
pi+,272.668
2pi+,271.197
3pi+,196.913
mu+,280.369
2mu+,277.312
3mu+,212.784
pi-,248.35
pi+,297.048
2pi+,271.338
3pi+,240.56
3mu-,723.527
mu-,400.107
3mu-,228.855
pi-,1385.27
2pi-,1384.06
mu+,192.26
2mu+,190.59
3mu+,145.19
mu+,18.8375
pi-,253.06
2pi-,227.256
pi-,506.996
2pi-,434.388
3mu-,260.975
pi+,102.681
pi+,362.253
pi-,353.116
pi-,190.976
2mu-,214.381
3mu-,213.147
mu+,82.7948
2mu+,81.1106
2mu-,314.62
mu+,290.502
2mu+,268.482
3mu+,194.739
pi+,1268.63
3mu+,668.642
pi-,79.9089
pi+,724.662
2pi+,723.489
3pi+,635.541
pi+,108.47
mu+,66.413
mu-,245.097
2mu-,243.823
3mu-,242.663
pi-,516.271
pi-,330.005
2mu-,240.012
3mu-,130.045
2pi+,30.4589
pi+,1074.99
mu-,303.114
2mu-,272.252
3mu-,202.689
pi+,611.454
2pi+,571.155
pi+,2493.67
pi+,179.625
pi-,418.835
3mu-,59.0932
pi-,694.32
2pi-,675.067
pi+,599.521
pi-,738.891
2pi-,689.709
pi-,1588.41
mu-,85.3454
pi-,740.305
pi+,331.543
pi+,299.785
3pi+,1037.94
pi+,289.421
2pi+,265.579
mu+,294.956
2mu+,257.441
3mu+,166.643
pi-,322.406
2pi-,321.152
3pi-,319.861
pi+,377.032
2mu+,274.638
3mu+,273.394
2pi-,237.576
pi+,490.692
pi-,328.374
2pi-,326.94
3pi-,325.599
mu-,334.29
2mu-,296.009
pi+,415.459
2pi+,414.269
mu-,7.34144
mu+,400.593
3mu+,138.945
pi-,797.325
2pi-,796.001
3pi-,735.167
mu+,277.435
2mu+,275.661
3mu+,220.693
pi+,141.265
pi+,1265.43
2mu+,945.386
3mu+,878.966
mu-,130.272
pi-,1272.62
2pi-,209.053
pi-,440.88
mu+,191.095
2mu+,64.8858
pi+,402.34
pi-,139.604
2pi-,118.024
pi+,408.453
2pi+,407.309
3pi+,367.469
mu+,695.931
3mu+,398.934
pi-,64.6292
2mu-,24.7969
2pi+,461.844
pi-,295.389
2mu-,318.026
3mu-,316.76
2pi-,29.2413
3mu-,34.9714
mu-,83.4266
2mu-,81.9681
3mu-,80.4051
pi+,1221.52
pi+,484.535
2mu+,497.8
3mu+,446.372
pi-,1406.42
pi-,1761.92
pi+,1152.15
pi-,22.5343
2pi-,18.1727
pi-,25.3931
pi+,1780.9
2pi+,1779.74
3pi+,1719.22
pi-,666.084
3pi-,378.779
pi-,1262.18
mu+,193.826
2mu+,147.496
3mu+,146.063
pi+,119.675
2pi+,116.884
mu-,248.354
2mu-,203.613
3mu-,126.447
pi+,552.4
pi+,1198.88
mu-,90.339
2mu-,40.3086
pi+,1415.58
2pi+,1414.32
3pi+,1347.38
2pi-,27.5039
pi-,263.919
2pi-,239.068
pi+,1380.93
pi+,1378.91
pi+,478.994
2pi+,477.801
3pi+,425.864
pi+,786.084
2pi+,784.722
3pi+,783.631
pi+,405.222
pi-,392.293
pi+,703.473
2mu+,169.243
3mu+,155.96
pi+,398.703
pi+,679.795
3pi+,393.128
pi+,1467.24
pi-,193.781
2mu-,125.163
3mu-,123.914
2pi+,62.0911
pi+,2146.9
2pi+,2145.69
3pi+,2084.88
pi+,682.177
mu+,127.47
pi+,1326.8
2pi+,295.854
pi+,93.1448
pi-,1710.49
pi-,1179.47
2pi-,1138.92
3mu-,990.023
pi-,1362.5
3pi-,281.692
mu+,470.487
3mu+,272.756
2pi-,57.5618
mu+,173.71
pi-,305.711
pi+,349.065
pi-,117.225
2pi+,826.741
mu-,303.785
3mu-,53.792
mu+,234.209
pi-,161.241
2pi-,115.65
pi+,486.347
pi-,377.258
2mu-,203.554
3mu-,84.0532
pi+,1171.6
pi+,974.532
2pi+,970.27
2mu-,219.197
pi+,487.881
3pi+,131.133
pi+,125.517
pi+,377.058
2pi+,300.578
3pi+,137.873
pi+,1557.02
pi+,352.72
2pi+,351.042
pi-,2746.32
pi+,160.072
pi+,203.647
2pi+,51.2309
pi-,440.002
2pi-,438.872
3pi-,437.661
mu+,52.2202
pi-,709.516
pi+,156.232
2pi+,154.247
mu-,261.012
2mu-,259.635
3mu-,176.71
mu+,214.682
2mu+,213.49
3mu+,212.095
pi-,935.433
2pi-,887.165
pi+,177.536
pi-,391.812
2pi-,390.291
3pi-,342.328
pi+,1784.69
3pi+,1196.3
pi-,708.33
2pi-,617.928
mu+,743.072
3mu+,424.075
pi-,701.09
pi+,688.022
2mu+,659.889
3mu+,594.641
pi+,410.98
2mu+,223.016
3mu+,176.781
pi-,828.151
mu+,123.705
pi+,1354.99
mu-,439.212
2mu-,437.77
3mu-,382.372
pi-,490.765
2pi-,489.537
3pi-,428.839
pi+,1280.28
2pi+,624.529
pi+,144.821
pi+,934.869
2pi+,886.658
3pi+,524.105
pi+,492.438
2pi+,471.777
pi+,1822.16
pi+,2325.43
2pi+,2324.19
pi-,703.15
2pi-,701.857
3pi-,700.574
pi+,256.936
pi-,701.812
pi-,560.548
pi+,2090.47
pi-,415.449
2pi-,388.767
3pi-,258.146
mu-,750.89
mu-,251.772
2mu-,157.103
pi-,908.743
2mu-,483.674
3mu-,425.02
pi-,404.38
mu+,139.504
mu-,288.31
pi-,1314.85
pi+,1326.46
pi+,888.017
2pi+,857.535
3pi+,773.641
mu-,64.2761
pi-,310.52
pi+,128.347
2pi+,126.092
pi+,1005.93
pi-,1526.62
pi+,55.33
2pi+,48.1339
3pi+,45.8248
mu-,62.2317
pi+,564.52
2pi+,563.483
pi-,219.048
mu+,235.809
2mu+,234.746
3mu+,189.04
mu-,6.71886
pi+,542.823
2pi+,522.243
3mu+,369.163
pi+,646.989
2pi+,71.4805
pi+,738.359
2pi+,736.993
3pi+,735.257
mu-,742.787
3mu-,439.863
pi+,106.401
3mu+,91.4775
pi+,1442.59
pi+,1831.71
pi+,1762.2
2pi+,1760.94
3pi+,1759.62
mu+,137.141
pi-,173.463
2mu-,84.7704
pi-,1747.49
3pi-,1329.57
pi+,555.323
pi-,240.253
pi+,418.645
pi-,328.71
2pi-,327.237
3pi-,326.032
pi+,90.858
pi-,283.427
2pi-,282.073
3pi-,262.896
pi+,511.36
2mu+,276.222
pi+,82.9176
pi-,324.353
2pi-,321.864
3pi-,320.589
pi+,1589.82
2mu+,119.619
pi-,205.852
2pi-,193.678
pi+,401.318
2pi+,380.251
3mu+,86.7027
pi+,1205.41
pi-,218.576
2mu+,519.3
pi-,865.224
2pi-,863.951
3pi-,862.751
pi+,283.883
2mu+,174.7
3mu+,173.46
pi-,1847.27
pi-,1836.02
mu-,132.668
pi-,118.035
pi+,485.507
2pi+,432.304
pi-,920.603
pi+,927.626
2mu+,605.657
3pi+,1021.07
pi-,1144.38
2pi-,1069.69
pi+,330.662
2pi+,300.927
3mu+,86.3897
pi+,404.461
2pi+,403.279
3pi+,368.107
pi+,558.031
2pi+,425.988
pi+,1762.78
3pi+,419.525
pi-,512.432
pi-,1005.61
3mu+,239.391
pi+,227.788
2pi+,32.9874
pi+,201.245
pi-,346.74
mu+,399.971
2mu+,398.527
3mu+,397.269
mu+,280.361
2mu+,250.861
3mu+,155
pi+,412.816
2pi+,411.372
3pi+,410.168
mu+,171.794
3pi+,402.776
3mu-,27.6295
pi-,1265.22
2pi-,603.069
pi+,237.081
2pi+,235.535
3pi+,151.48
pi+,953.935
2pi+,951.833
pi+,1350.5
pi-,1126.55
2pi-,549.152
pi+,436.739
pi-,1086.14
pi-,208.424
3pi+,1255.21
pi-,288.597
pi-,614.454
2pi-,613.024
3pi-,611.616
pi+,610.698
2pi+,571.618
pi+,821.334
pi-,827.226
3mu-,245.428
pi+,261.946
2pi+,260.785
3pi+,259.583
pi-,211.249
2pi-,156.062
pi+,581.42
2pi+,580.338
pi+,195.814
2pi+,94.3615
pi-,1614.39
mu+,1181.29
2mu+,1133.32
3mu+,1047.17
pi+,1218.88
pi-,588.524
2pi-,573.758
3mu-,298.303
2pi+,563.849
mu+,213.322
2mu+,130.527
3mu+,129.034
pi+,2021.11
2pi+,2019.64
3pi+,2018.44
2mu-,303.15
mu-,464.221
3mu-,281.206
pi+,302.194
2pi+,301.069
3mu+,233.495
pi-,1707.98
pi+,586.671
2pi+,585.474
mu-,98.1859
2pi-,1018.73
mu-,266.505
2mu-,265.017
3mu-,220.437
pi+,225.122
mu-,27.3098
2mu-,24.722
mu+,36.1533
pi+,1705.61
2pi+,1703.82
3pi+,1702.58
pi+,32.9974
2pi+,30.3427
pi+,2093.7
pi-,40.6273
pi+,211.85
pi+,978.183
pi-,1887.63
pi+,187.872
pi-,542.926
2pi-,541.14
3pi-,539.739
mu-,47.4181
mu+,331.232
2mu+,286.331
3mu+,200.117
mu-,34.2927
mu-,12.8282
pi+,1824.09
3pi+,167.232
pi+,428.02
2pi+,417.228
pi+,425.984
2pi+,75.0488
3mu+,18.9585
2pi+,332.923
3pi+,203.398
2pi+,594.412
pi+,1623.89
3pi+,430.341
pi-,208.056
2mu-,104.633
pi+,1464.82
2pi+,1463.57
3pi+,1462.37
pi+,76.6361
pi+,422.588
3mu+,128.038
pi-,514.425
pi+,1347.71
2mu+,363.272
3mu+,283.795
2pi+,965.724
pi+,1760.97
pi+,224.943
pi+,1453.77
2pi+,1452.54
3pi+,1398.87
2pi+,108.806
pi-,217.7
2pi-,216.259
pi+,708.29
pi-,61.1695
pi+,160.865
pi-,1479.66
pi+,124.839
2pi+,123.342
3pi+,121.844
pi+,143.126
2pi+,141.597
3pi+,140.072
3mu-,1062.35
pi-,694.862
2pi-,693.72
3pi-,692.598
pi-,2037.5
pi-,961.035
2pi-,899.52
pi+,57.1392
2pi+,54.9957
3pi+,52.5558
2mu-,120.13
3mu-,73.8763
pi+,476.573
pi-,668.883
mu+,518.18
2mu+,459.872
pi+,1215.91
2mu+,854.387
3mu+,806.406
pi+,356.287
2pi+,273.268
pi+,432.82
pi-,893.792
pi+,699.543
2pi+,698.509
pi+,679.795
pi+,497.576
pi+,87.4936
pi+,191.285
2pi+,190.097
3pi+,188.714
pi-,365.788
pi-,2378.65
2pi-,2375.07
3pi-,2373.76
pi-,832.006
2pi-,814.394
3pi-,711.302
mu+,407.344
mu-,156.526
pi-,812.161
mu-,176.865
pi-,217.84
2pi-,216.147
pi-,1391.18
2pi-,1389.2
3pi-,1388.09
pi+,1389.69
3pi-,411.344
pi+,471.011
2pi+,458.929
3pi+,396.733
pi-,1253.55
2pi-,1251.84
3mu-,1218.84
pi-,891.838
2pi-,890.829
3pi-,783.806
pi-,885.482
2pi-,395.348
pi+,1594.2
2pi+,145.757
3pi+,33.8943
2mu-,113.644
pi+,795.362
3mu+,438.514
pi-,397.797
2pi-,385.863
3mu-,297.127
pi-,603.254
2pi-,500.545
pi-,821.013
mu+,176.935
2mu+,133.111
3mu+,131.094
pi-,718.347
pi+,903.08
2pi+,901.846
3pi+,900.554
pi-,539.758
2pi-,477.036
3pi-,387.824
pi+,445.393
2mu+,432.7
3mu+,386.697
mu-,563.816
2mu-,562.775
3mu-,542.275
pi+,582.615
2pi+,486.867
2pi+,18.2057
mu+,270.177
pi+,397.929
2mu+,98.6953
3mu+,35.1539
mu+,67.2858
2mu+,65.6833
pi+,352.288
pi+,2222.4
3pi+,1848.74
mu+,12.9101
3mu+,487.488
pi+,1915.77
pi-,1612.04
mu-,196.079
2mu-,90.1434
pi-,130.921
2pi-,65.3552
pi-,1122.61
3pi-,1153.61
pi-,185.528
pi-,229.372
pi+,764.907
2pi+,762.769
3pi+,670.291
pi-,887.231
pi+,701.299
2pi+,700.22
3pi+,698.662
pi-,1109.02
2pi-,1011.38
pi+,630.509
2pi+,490.538
pi-,231.688
pi-,258.006
pi+,250.962
mu+,53.9418
2mu+,52.1615
3mu+,7.91762
pi-,973.501
pi-,582.813
2pi-,581.53
3mu-,533.661
pi+,370.119
pi+,819.721
2pi+,789.575
pi+,764.192
mu+,58.4221
pi+,459.098
pi-,1088.54
2pi-,1087.12
3pi-,1084.78
pi-,660.027
2mu-,660.972
3mu-,579.749
pi+,3280.86
2pi+,3279.62
3pi+,3278.36
2mu-,97.4826
pi-,332.782
2mu-,200.602
3mu-,189.66
pi-,523.078
pi-,1242.77
pi-,649.797
2pi-,637.276
3pi-,523.475
pi+,678.554
pi-,279.775
2mu-,174.712
pi+,519.745
2mu+,397.947
3mu+,288.316
pi+,734.052
2pi+,732.736
pi+,341.429
2pi+,339.987
2mu+,275.448
3mu+,254.317
pi+,173.623
2mu+,186.973
3mu+,153.021
pi+,1594.65
mu-,208.807
2mu-,207.544
3mu-,206.296
pi+,298.312
2pi+,238.849
3mu+,171.761
pi+,819.156
2pi+,807.643
3pi+,1219.98
pi-,311.188
2mu-,131.487
3mu-,129.776
pi-,545.881
2pi-,544.67
pi-,230.281
2pi-,228.966
pi-,705.226
mu-,505.199
2mu-,483.469
pi+,865.687
mu+,1256.19
3mu+,893.688
pi+,10.6456
mu-,58.3338
pi+,135.119
pi-,280.807
pi+,705.149
2mu+,209.518
3mu+,162.766
mu-,426.377
3mu-,157.188
pi+,413.273
3mu-,129.16
pi+,1393.59
pi-,863.599
2pi-,829.277
3pi-,745.466
pi+,2152.45
mu-,135.733
2mu-,96.7704
pi+,453.107
2pi+,442.898
pi-,1926.91
pi-,92.1382
pi+,2030.06
3pi+,1651.42
pi-,200.687
pi-,542.475
2mu-,347.596
3mu-,307.87
pi+,141.188
pi-,316.681
2mu-,275.905
3mu-,274.774
mu-,67.1651
pi+,91.0756
pi+,452.153
2mu+,430.211
mu+,275.724
2mu+,274.505
3mu+,167.589
2pi-,862.559
pi+,125.813
pi-,1204.94
pi-,225.466
2mu-,249.686
3mu-,190.363
pi-,282.705
2pi-,281.148
pi+,2253
2pi+,2251.71
3pi+,2150.52
pi-,665.926
pi+,918.638
2mu+,716.15
3mu+,715.079
mu-,73.2661
2mu-,58.2565
pi-,602.923
2pi-,558.149
2mu+,73.0976
3mu+,36.5282
pi+,308.508
2mu+,296.345
3mu+,237.449
pi+,143.752
2pi+,142.348
3mu+,114.599
pi-,117.765
2mu-,63.0302
pi-,1807.11
2mu-,160.575
pi+,962.009
2pi+,887.145
pi+,1875.09
pi-,4994.89
2pi-,4989.09
3pi-,4931.81
pi-,383.512
mu-,594.429
2mu-,556.677
mu+,160.223
2mu+,159.072
3mu+,94.5173
pi+,399.038
2mu+,352.861
3mu+,224.048
pi-,657.405
pi+,571.789
2pi+,532.631
3mu+,253.034
pi+,228.024
pi+,602.012
2pi+,526.054
pi+,134.228
2pi+,132.8
3pi+,131.305
pi+,147.19
2mu+,71.3538
2pi+,231.352
pi+,2241.92
pi-,1663.04
2pi-,1635.23
3pi-,1634.03
pi-,1255.54
2pi-,1211.86
3pi-,1144.8
mu+,184.192
2mu+,182.681
3mu+,181.415
mu+,248.078
pi-,560.986
3mu-,585.554
pi+,422.146
pi-,36.016
2pi-,32.6153
3mu-,13.7562
pi+,622.393
2pi+,621.065
3pi+,619.648
pi+,723.031
pi+,344.067
pi-,871.831
pi-,550.736
2pi-,517.995
mu+,434.084
2mu+,344.81
3mu+,193.897
pi-,584.786
pi+,784.668
pi-,424.45
2mu-,360.955
3mu-,283.806
pi-,978.197
mu+,59.1018
2mu+,34.0625
3mu+,31.4749
pi+,237.127
2pi+,235.926
3mu+,39.1572
pi-,1462.18
pi+,522.266
3mu+,173.472
mu-,57.6547
pi+,1644.9
2pi+,1643.65
3pi+,1642.41
pi-,63.4681
mu-,36.3821
2mu-,34.1464
pi+,3999.48
3pi+,3657.35
pi+,174.55
pi-,295.926
2mu+,169.454
3mu+,168.152
pi+,373.284
pi-,13.4389
pi+,841.509
pi-,265.9
2mu-,164.674
3mu-,162.899
pi+,1136.6
pi+,699.363
2pi+,698.088
3pi+,604.248
mu+,439.243
3mu+,284.8
pi+,153.63
pi+,77.8114
pi+,2226.93
3pi+,1942.91
pi-,72.036
pi-,746.088
2pi-,744.852
3pi-,633.777
pi+,2134.98
mu-,390.584
2mu-,389.376
3mu-,387.735
mu-,285.386
2mu-,283.829
3mu-,226.755
mu+,544.246
2mu+,470.597
pi-,299.612
pi+,2000.5
3pi+,1692.44
pi+,402.141
pi+,93.1481
pi-,442.646
2pi-,252.581
pi+,1213.05
mu-,374.353
3mu-,132.191
2pi-,137.982
3pi+,81.7102
pi+,408.988
pi-,93.7162
2mu-,107.529
3mu-,18.0844
mu+,60.9146
pi+,1850.35
2pi+,1848.35
3pi+,1821.83
mu+,36.592
2mu+,34.0434
3mu+,31.5007
2mu-,404.635
pi-,683.785
mu-,228.572
2mu-,227.34
3mu-,226.141
mu+,386.603
3mu+,130.645
mu+,112.025
2mu+,110.562
pi+,733.317
2pi+,731.875
3pi+,730.531
pi+,605.497
pi-,136.141
pi-,688.46
pi+,125.088
pi-,1173.31
2pi-,1149.22
3pi-,1038.48
pi+,603.314
2pi+,602.157
pi+,580.92
2pi+,470.609
pi+,174.057
pi+,623.368
2pi+,621.811
3pi+,557.842
pi-,755.902
2pi-,103.935
pi-,490.322
pi+,245.436
2pi+,244.08
3pi+,186.562
pi+,396.609
2mu+,321.599
3mu+,320.32
mu+,214.492
2mu+,137.6
mu-,179.665
2mu-,177.796
3mu-,86.985
mu+,260.081
2mu+,258.794
3mu+,188.633
pi+,647.455
pi-,1137.27
3mu+,592.633
mu+,325.979
2mu+,278.174
pi-,1897.92
2mu-,1289.91
3mu-,1288.7
pi+,787.537
2pi+,786.358
3pi+,700.23
pi+,1229.7
2pi+,1122.19
3pi+,249.603
pi-,695.903
pi+,478.839
2pi+,477.489
pi+,1280.34
pi+,2173.28
mu-,364.18
2mu-,303.167
3mu-,216.215
pi-,164.041
pi-,586.11
pi-,2042
pi+,1028.83
pi+,198.381
pi-,277.011
2pi-,257.073
pi-,1582.16
2pi-,1580.14
3pi-,1526.63
pi-,126.019
mu+,169.34
2mu+,168.157
3mu+,166.73
pi-,566.759
2mu-,357.672
3mu-,325.966
pi-,804.818
2pi-,719.481
mu+,941.445
3mu+,653.725
pi-,472.261
pi-,2128.04
mu-,181.728
pi+,1394.11
pi+,471.789
2pi+,432.393
mu+,57.6828
2mu+,55.2897
3mu+,53.672
pi-,620.332
2mu-,483.824
3mu-,441.448
pi+,109.943
mu-,128.233
pi-,690.332
2pi-,688.984
3pi-,623.787
pi+,421.345
3mu+,178.068
pi+,217.832
mu-,1035.89
2mu-,1016.82
3mu-,920.153
pi+,341.813
2mu+,281.998
3mu+,197.83
pi+,1331.58
2pi+,69.7572
pi-,321.013
2pi-,311.017
3mu-,254.421
pi+,1004.75
2pi+,1003.52
3mu+,956.421
pi+,115.586
pi+,326.808
mu-,429.713
3mu-,118.876
pi+,683.581
3pi+,414.282
2pi+,456.581
pi+,568.102
pi-,224.238
pi+,186.258
2mu+,197.296
pi+,153.927
2mu+,470.392
pi+,260.558
pi-,775.424
3pi-,495.768
pi+,1257.66
pi+,191.718
2mu+,170.527
3mu+,168.914
3mu+,27.3485
mu-,112.442
2mu-,110.67
3mu-,108.936
pi-,894.369
pi-,402.301
pi+,1096.76
2pi+,1046.7
pi+,474.045
2pi+,471.689
3pi+,470.402
pi-,865.297
2pi-,800.773
pi+,1208
2pi+,1125.59
pi+,444.13
2mu+,240.795
3mu+,149.281
pi+,571.414
2pi+,529.404
pi+,2095.3
2pi+,2093.61
3mu-,23.0949
3pi+,351.456
pi+,213.873
pi-,1342.81
pi-,604.848
pi-,22.1741
pi+,262.389
2pi+,261.106
3mu+,174.433
mu+,168.033
2mu+,166.88
3mu+,140.391
pi-,2288.4
pi+,1192.44
mu+,513.849
2mu+,472.933
mu-,90.5773
2mu-,89.0966
3mu-,86.8348
3pi+,138.122
pi-,89.2935
pi+,938.073
2pi+,936.748
3pi+,841.01
pi+,3002.91
2mu+,3031.58
3mu+,2932.97
mu+,370.629
2mu+,369.482
3mu+,368.037
pi-,677.51
pi+,254.659
pi-,707.419
mu+,67.4686
pi+,153.483
pi-,589.667
pi-,525.276
2pi-,523.836
3pi-,465.657
pi-,629.363
3mu-,354.572
pi+,156.419
2pi+,154.305
pi+,1108.36
pi+,235.373
2pi+,234.266
3mu-,41.2239
pi-,292.957
2pi-,291.712
3pi-,185.666
pi+,487.218
pi+,1214.78
2pi+,1213.58
3pi+,1212.15
pi+,2267.66
pi-,789.552
2mu-,735.097
3mu-,642.282
pi+,198.138
pi-,1149.06
3pi-,357.713
mu-,348.293
2mu-,286.036
3mu-,221.584
pi+,1000.58
2pi+,951.16
3pi+,824.809
pi+,154.738
2mu+,84.9458
3mu+,83.4386
mu+,398.65
3mu+,103.116
pi-,1907.44
2pi+,721.235
pi-,611.849
pi-,453.928
2pi-,452.827
3pi-,365.569
pi+,311.068
2pi+,232.982
3mu+,155.493
pi-,525.631
2pi-,523.353
pi+,327.709
2mu+,183.345
3mu+,130.4
pi+,531.021
2pi+,511.247
3pi+,430.98
pi-,743.698
2pi-,476.786
pi+,287.333
pi+,725.07
pi+,875.372
2pi+,874.054
3pi+,872.773
pi+,1278.26
2mu+,1090.12
3mu+,1088.54
pi-,1182.38
2pi-,128.993
pi-,1294.67
2pi-,1293.54
3mu-,741.142
pi-,1543.4
pi+,269.312
2pi+,268.021
3pi+,197.198
pi-,401.572
2pi-,399.595
2mu-,58.3719
pi-,38.376
2mu-,48.0219
pi+,1627.21
2pi+,1625.89
3pi+,1624.61
pi+,467.798
2pi+,448.359
mu+,122.047
pi-,2101.44
pi-,1067.53
2pi-,1066.03
3pi-,1010.76
pi-,468.428
pi+,144.754
2pi+,143.357
3pi+,62.5233
pi-,707.258
2mu-,273.911
3mu-,196.189
pi-,284.55
pi-,288.917
mu-,91.3796
2mu-,90.0064
3mu-,88.5443
pi+,528.323
pi+,111.448
2pi+,109.897
3pi+,108.275
pi+,746.825
2pi+,745.586
mu-,123.102
pi+,972.085
pi-,435.424
pi+,271.701
mu-,145.289
2mu-,130.698
3mu-,69.2735
pi+,82.1239
2pi+,64.2361
3mu+,33.2277
mu+,94.6028
3mu+,111.682
3pi-,974.103
pi-,165.144
2mu-,104.362
3mu-,103.005
pi+,713.36
2pi+,660.308
pi-,1195.9
pi-,559.333
2mu-,493.421
3mu-,492.203
3pi-,1715.89
3pi+,1765.65
pi-,196.559
mu+,169.138
2mu+,167.94
3mu+,166.485
pi+,103.384
pi-,762.897
3mu-,298.397
pi+,89.1428
2pi+,30.3819
pi-,112.441
pi+,1979.84
pi+,560.326
2pi+,558.898
pi+,1188.66
2pi+,1130.85
2mu+,73.2639
3mu+,71.5738
pi+,164.164
2pi+,162.686
3pi+,161.266
pi-,2544.98
mu-,104.573
mu+,209.064
2mu+,181.267
3mu+,79.9499
pi+,1209.22
2mu+,923.125
3mu+,866.365
pi+,129.773
pi+,1814.85
2pi+,1813.15
3pi+,1811.92
pi+,222.329
pi+,1381.17
pi+,428.594
pi+,2049.44
2pi+,2047.64
3pi+,1914.89
pi-,1294.57
2pi+,238.547
pi-,637.948
2pi-,545.924
pi+,1711.42
2pi+,768.174
mu-,500.997
pi+,1316.06
pi+,91.6231
2mu+,59.7221
3mu+,58.0036
pi-,598.37
mu-,219.218
2mu-,218.08
3mu-,169.287
pi+,411.857
2pi-,1102
3mu-,739.051
2pi-,1195.56
3pi-,60.9891
pi+,562.254
2pi+,560.849
3mu+,313.927
pi+,932.209
2pi+,864.692
2mu-,244.427
pi-,618.969
2pi-,461.136
3mu-,247.555
mu-,276.121
2mu-,274.814
3mu-,164.881
3mu+,138.253
pi+,782.436
2mu+,610.76
3mu+,507.238
pi+,1940.8
2mu-,212.618
3mu-,97.4368
pi-,793.941
2pi-,792.549
pi+,683.376
2pi+,352.83
pi+,943.696
pi+,221.316
pi-,580.473
mu-,215.473
pi-,1032.3
pi-,2026.11
mu+,130.11
pi+,486.785
pi+,254.338
2mu+,107.569
pi-,182.38
pi+,1442.97
pi+,181.297
2mu+,109.694
mu+,16.3195
pi+,573.969
2pi+,143.647
pi-,248.919
2pi-,120.83
mu+,703.978
2mu+,663.318
3mu+,507.523
pi+,854.136
2pi-,1475.74
3pi-,1401.59
pi+,1049.95
pi+,1249.53
2pi+,1221.55
3pi+,1185.64
mu-,58.7584
2mu-,56.5156
3mu-,54.7326
pi+,86.4956
pi-,1666.7
2pi-,1665.44
3pi-,1663.19
pi+,316.54
2pi+,315.255
3pi+,312.652
pi+,508.564
2pi+,507.268
mu+,146.935
pi+,3049.89
pi-,185.229
pi+,221.852
pi-,392.824
3mu+,158.981
2pi-,445.224
pi-,915.786
2pi-,877.387
pi+,536.7
2pi+,535.428
pi-,111.685
pi-,1964.32
mu+,83.972
2mu+,82.4119
3mu+,80.8335
3pi+,2084.39
pi+,1272.84
2pi+,1270.93
3pi+,1269.45
mu+,1052.95
2mu+,1051.64
3mu+,1013.18
pi+,351.987
mu-,131.498
mu-,4.79892
pi-,398.439
pi-,123.223
pi-,443.336
2pi-,441.763
3pi-,440.49
pi+,473.361
2mu+,327.051
3mu+,325.716
pi-,994.746
mu-,26.3183
pi+,200.834
pi-,579.136
2pi-,524.835
pi+,473.867
2pi+,411.512
3pi+,133.297
mu+,271.878
2mu+,270.564
3mu+,190.641
pi-,1932.79
pi+,364.256
2pi+,363.112
3pi+,361.988
pi+,193.294
2mu+,448.467
pi+,373.463
mu+,450.314
2mu+,449.105
3mu+,412.212
pi-,214.472
pi-,724.85
mu+,927.104
pi-,97.6138
pi+,582.552
2pi+,581.425
3pi+,515.351
pi+,420.598
2pi+,86.0696
3pi-,650.361
mu-,83.3126
pi-,310.73
2pi-,309.637
3pi-,242.022
pi-,927.135
2pi-,886.895
pi-,845.614
pi-,1858.03
2pi-,1856.88
3pi-,1855.13
pi+,510.473
2pi+,491.706
3pi+,433.218
3mu-,75.2051
pi+,568.329
2mu+,457.737
mu+,36.647
pi-,1398.65
2pi-,1397.56
pi-,2117.22
pi+,138.56
2pi+,137.335
3mu+,66.4334
mu-,138.337
2mu-,106.868
3mu-,89.1492
pi+,532.43
2pi+,488.165
mu+,691.264
2mu+,628.69
pi+,670.032
mu-,543.014
2mu-,493.022
2pi+,438.272
mu-,46.1447
2mu+,195.82
3mu+,99.815
pi+,477.641
pi+,853.295
2pi+,852.065
3pi+,789.089
pi+,118.75
pi+,350.859
2pi+,254.199
3mu+,185.743
mu-,110.706
2mu+,503.061
pi+,907.975
2mu+,589.983
3mu+,548.817
pi-,236.322
2mu-,210.051
3mu-,207.396
pi+,2799.33
2pi-,156.453
pi+,1300.23
2pi+,1298.66
3pi+,1224.04
pi-,1098.12
2pi-,1036.85
pi-,128.103
2mu-,87.5764
2pi-,157.842
pi+,384.302
mu+,57.7741
2mu+,55.9828
mu+,19.9028
pi-,707.125
2pi-,705.661
pi-,463.176
2mu-,260.777
3mu-,204.316
3pi-,454.472
3pi+,714.42
pi-,508.088
mu+,619.826
2mu+,499.027
pi+,741.182
2pi+,739.441
3mu+,644.81
pi-,475.118
2pi-,473.897
mu+,565.555
pi+,298.394
3pi-,128.24
2mu-,150.22
mu+,111.644
pi-,1609.19
pi+,265.313
pi+,2043.31
2pi+,327.887
pi-,184.65
pi-,999.896
2pi-,998.719
3pi-,908.866
3pi-,404.895
pi+,1183.61
2pi+,982.843
pi-,585.548
2pi-,573.392
3pi-,466.041
pi+,566.339
2pi+,525.998
mu+,126.85
2mu+,125.469
3mu+,96.5081
mu-,39.1785
2mu-,37.0914
3mu-,34.5224
3mu+,97.5388
mu-,127.212
2mu-,125.488
3mu-,112.212
pi+,497.239
2pi+,475.803
pi+,248.52
pi-,404.919
2mu-,259.072
3mu-,249.375
pi+,1261.08
pi-,837.963
2pi-,322.594
mu+,144.717
2mu+,143.415
3mu+,81.2271
mu-,433.97
3mu-,118.504
pi-,256.2
mu+,376.104
2mu+,374.467
3mu+,373.394
pi-,259.339
2mu-,13.3535
3mu-,4.33281
pi-,596.89
2mu-,477.51
3mu-,424.823
mu+,251.274
2mu+,194.163
3mu+,94.7069
pi-,239.294
2pi-,237.232
mu+,542.963
2mu+,502.645
2pi-,49.6587
pi+,351.476
pi+,466.334
2pi+,464.9
3mu+,375.41
pi-,2066.98
pi-,58.1453
2mu-,135.741
3mu-,134.144
pi-,288.287
2pi-,286.178
3pi-,284.716
mu+,53.8898
2mu+,51.8655
3mu+,50.0247
pi+,568.619
pi-,54.3216
2mu-,48.4386
pi-,927.769
2pi-,926.493
3pi-,925.13
pi-,960.67
pi-,825.667
2pi-,824.473
3pi-,724.795
pi-,742.336
2pi-,740.763
3pi-,663.394
mu+,242.767
3mu+,21.5448
pi+,116.555
mu-,333.591
2mu-,274.681
3mu-,201.618
pi+,98.7966
2pi+,96.9492
3mu+,56.7956
pi-,50.0325
pi-,321.456
pi+,938.368
2pi+,860.354
pi+,426.695
2pi+,381.518
3pi+,555.001
3pi-,1855.77
3pi+,663.212
3pi+,643.832
pi+,1593.49
mu-,115.107
2mu-,113.637
3mu-,112.088
mu-,207.201
2mu-,205.491
3mu-,204.096
3pi+,780.098
pi-,230.226
mu+,157.643
2mu+,35.9384
pi-,944.422
pi-,520.28
mu-,34.0018
2mu-,31.1532
pi-,285.379
2mu-,281.11
3mu-,279.805
pi+,22.8418
pi+,246.749
2pi+,224.125
3pi+,142.938
mu-,175.304
pi+,111
pi-,584.679
2mu-,391.067
mu+,81.5279
mu-,87.9929
2mu-,86.4854
3mu-,84.7366
pi+,491.673
2mu+,260.836
3mu+,171.661
pi-,701.65
2pi-,700.496
3pi-,698.931
pi+,196.066
mu+,164.182
2mu+,81.3146
pi-,69.482
pi+,531.374
pi-,1242.28
2pi+,474.295
pi-,791.664
2mu-,699.804
3mu-,698.485
pi-,184.766
pi-,24.8252
pi+,231.419
2mu+,84.7279
pi+,797.411
2pi+,796.254
3pi+,795.112
2mu-,88.204
3pi+,762.787
3pi-,1365.17
pi-,1174.09
2pi-,1172.9
3pi-,1171.65
pi-,731.156
2pi-,626.835
mu+,1922.79
2mu+,1920.08
3mu+,1918.38
pi+,1065.03
pi+,122.87
pi-,51.1406
2pi-,48.3341
3mu-,20.006
pi+,1371.18
2pi+,1369.73
3pi+,1331.79
pi+,987.129
pi-,2731.7
3pi-,2238.55
mu+,187.808
2mu+,186.161
3mu+,159.38
mu+,315.922
2mu+,314.736
3mu+,313.559
pi-,1327.21
pi+,257.432
mu+,159.698
pi-,1372.22
2pi-,1370.84
3pi-,1369.46
2mu+,109.422
pi-,546.081
2pi-,525.003
3pi-,421.786
pi+,1603.71
pi-,111.393
2pi-,182.508
2pi-,86.7148
pi+,319.666
2mu+,267.396
3mu+,188.718
pi-,564.955
2pi-,563.735
3mu-,311.177
pi+,765.386
2pi+,754.097
pi-,476.747
2pi-,429.869
2pi+,665.716
3pi+,347.418
pi+,574.407
pi-,1368.98
pi-,304.571
2pi-,303.47
pi+,460.954
2mu+,411.498
3mu+,288.608
mu-,29.6343
pi-,194.036
2mu-,105.087
3mu-,90.0757
pi-,1346.46
2mu+,108.174
pi+,139.056
mu+,73.6569
2mu+,72.2417
3mu+,70.6406
pi-,145.121
2pi-,143.702
3pi-,128.499
3mu+,63.9521
pi-,71.9518
pi-,135.702
pi-,1112.92
2pi-,1052.78
pi+,133.388
pi+,652.668
2pi+,597.155
3mu+,242.961
pi+,395.447
pi+,448.097
2pi+,371.478
3mu+,62.4249
mu+,242.473
2mu+,241.215
3mu+,239.369
mu+,160.776
mu+,36.3404
pi-,1883.32
mu+,443.438
2mu+,442.263
3mu+,441.127
pi-,264.832
pi-,90.8688
pi-,1002.96
2mu-,842.629
3mu-,748.833
2mu+,172.231
3mu+,129.73
pi-,242.302
2mu-,170.685
3mu-,120.878
pi+,681.379
pi+,1534.85
2pi+,1533.24
3pi+,1486.65
pi+,756.868
2mu+,647.529
3mu+,646.339
mu+,297.349
2mu+,149.305
mu-,325.676
2mu-,324.261
3mu-,322.959
pi+,561.57
2pi+,530.297
3pi+,438.519
pi-,801.011
2pi-,799.847
3pi-,729.866
pi-,557.04
pi-,275.359
2pi-,247.523
2mu-,354.148
mu-,223.08
2mu-,209.258
3mu-,154.127
pi-,318.919
2mu+,163.334
mu+,237.347
pi+,73.3375
2mu+,47.2011
3mu+,44.7332
pi+,59.3167
mu-,1023.73
2mu-,934.891
mu-,1142.52
2mu-,1071.86
pi+,2289.44
pi+,565.689
pi-,1782.71
2pi-,1155.54
pi+,577.369
3mu+,196.089
pi+,475.772
pi-,182.227
2mu-,142.077
3mu-,140.372
pi-,1713.86
pi+,225.879
pi-,480.615
3mu-,306.173
2pi-,1212.91
3mu-,896.532
mu+,352.079
2mu+,178.4
pi-,1013.93
2pi-,1011.07
3pi-,1009.86
pi+,2193.8
pi+,331.51
2pi+,330.318
3pi+,310.436
pi-,1559.29
pi-,2471.74
pi+,1656.04
pi-,416.513
2pi-,414.033
3pi-,319.944
mu+,8.5813
pi+,1246
2pi+,344.718
3mu+,201.606
2mu-,198.71
3mu-,29.0598
3mu+,538.827
pi+,721.563
pi+,316.372
pi-,588.114
2pi-,587.051
3pi-,499.882
pi+,339.726
2mu+,353.507
3mu+,274.664
mu+,396.499
2mu+,395.109
3mu+,341.795
pi+,732.854
2pi+,701.165
3pi+,591.062
3mu-,93.0668
pi-,478.43
2pi-,446.504
3pi-,363.041
pi-,1021.95
2mu-,641.015
3mu-,534.098
mu+,233.131
2mu+,133.675
mu+,69.0431
pi+,683.852
2pi+,682.287
3mu+,707.056
mu+,93.8374
mu-,194.623
2mu-,193.231
3mu-,103.661
pi+,1232.43
2pi+,1231.3
3pi+,1229.82
pi+,146.062
2pi+,133.292
3mu+,65.7365
pi+,691.395
2mu+,493.7
mu-,316.686
2mu-,307.29
3mu-,296.959
pi-,432.569
2pi-,431.186
3pi-,399.674
pi+,506.736
pi+,1395.05
2pi+,1393.79
pi+,276.861
2mu+,254.527
3mu+,252.984
mu-,155.987
pi+,169.093
2pi+,167.767
pi+,1257.74
pi-,11.4032
2mu+,470.914
pi+,298.076
pi+,1187.37
2pi+,1186.12
3pi+,1148.17
pi-,688.197
2pi-,686.978
3pi-,648.013
3mu+,1532.99
mu-,299.564
2mu-,298.324
3mu-,260.076
pi+,581.889
2pi+,580.538
2mu-,6.09296
3pi+,55.2566
3mu-,272.837
mu-,398.118
2mu-,397.023
3mu-,352.663
pi+,232.251
2mu+,140.122
3mu+,116.113
pi-,381.164
pi+,46.9598
2mu+,25.2199
pi-,975.175
pi+,166.351
2pi+,135.69
pi-,621.236
3mu+,167.53
pi+,1246
2pi+,1244.77
3pi+,1243.32
pi+,1826.59
2pi+,1825.28
3pi+,1824.09
pi-,356.06
pi+,537.087
2mu+,461.788
3mu+,408.714
pi+,297.36
pi+,239.188
2pi+,227.871
3pi+,132.976
pi-,537.104
pi-,574.944
2pi-,492.245
mu-,1862.4
3mu-,1574.95
pi+,543.527
pi+,795.8
mu+,695.524
3mu+,450.766
pi-,621.294
mu-,449.584
2mu-,448.109
3mu-,385.599
mu-,112.926
2mu-,111.698
3mu-,109.59
mu+,101.529
pi-,767.392
2mu-,672.377
3mu-,578.182
3pi-,188.138
pi+,839.129
2pi+,837.885
3pi+,836.691
mu-,338.59
2mu-,316.351
3mu-,253.827
pi+,1847.33
pi+,730.385
2pi+,694.773
pi+,1275.6
2mu+,796.057
pi+,1423.16
3pi+,1088.63
pi-,1177.23
2pi-,1120.11
pi-,250.629
2mu-,157.854
3mu-,77.8062
pi-,854.081
pi-,573.438
2pi-,572.199
3pi-,524.327
3mu-,398.866
pi-,820.035
pi+,936.706
2pi+,935.485
pi+,358.536
pi-,60.4098
pi-,77.0736
pi+,556.009
2pi+,554.854
3pi+,515.803
pi-,329.418
pi-,147.617
mu+,257.562
2mu+,256.243
3mu+,254.026
pi+,569.581
mu+,125.684
pi+,753.291
2pi+,724.082
3pi+,623.16
mu-,449.78
2mu-,393.602
3mu-,264.503
mu-,308.858
2mu-,296.632
3mu-,270.353
pi+,462.193
2pi+,460.568
3pi+,417.912
pi+,558.528
pi+,566.314
2mu+,374.051
3mu+,334.497
pi-,277.721
pi-,1214.43
pi-,613.95
2pi-,612.739
3mu-,543.53
mu+,242.288
pi-,531.221
2pi-,530.109
3mu-,380.558
pi+,731.981
2pi+,693.607
pi+,686.142
2pi-,121.323
mu-,265.259
mu+,357.428
2mu+,353.537
3mu+,352.398
2pi+,516.628
3pi+,222.618
mu+,608.066
2mu+,435.536
pi-,729.458
2mu-,686.767
3mu-,623.306
pi+,846.944
2pi+,813.2
pi+,2307.07
2pi-,40.9354
pi+,1579.5
pi+,304.317
2mu+,164.74
3mu+,66.4182
pi-,539.009
2mu-,378.193
pi+,68.0785
2pi+,65.5318
2mu-,82.7878
pi+,220.117
2mu+,104.359
3mu+,102.937
pi-,1998.8
pi+,329.465
2pi+,240.986
2mu+,39.5224
pi-,147.141
pi-,940.68
2pi-,939.368
3pi+,547.381
pi+,336.607
pi-,392.009
pi-,769.303
pi+,2640.18
pi-,105.069
2pi-,103.565
mu-,576.311
2mu-,574.851
3mu-,526.763
pi+,220.926
2mu+,172.733
3mu+,72.9537
mu+,510.278
2mu+,487.96
3mu+,416.329
pi+,1767.98
pi-,946.994
2pi-,898.442
mu-,258.459
2mu-,134.165
3mu-,81.2647
pi+,2021.42
pi-,543.02
pi+,1435.21
pi+,644.247
2pi+,613.729
3pi+,498.942
2mu-,536.82
pi+,1461.58
pi+,1911.07
pi+,918.438
2pi+,909.804
pi+,1593.73
3pi+,1382.61
pi+,845.568
2mu+,666.822
3mu+,544.285
pi-,2118.05
3pi-,1837.06
pi+,115.104
2pi+,64.2003
3mu-,63.1015
pi-,573.096
2pi-,571.698
3mu-,537.58
pi+,140.362
2mu+,67.3119
3mu+,65.6603
pi-,890.996
2mu+,402.451
pi+,1639.35
3pi+,1200.17
pi+,899.879
2pi+,627.396
pi-,864.555
2pi-,827.282
pi+,922.44
2pi+,873.086
3pi-,35.1108
pi-,1945.69
pi+,469.298
2pi+,468.243
3pi+,467.021
pi-,296.702
2pi-,295.266
3pi-,282.124
3mu+,522.201
pi-,467.525
pi-,658.197
pi-,389.28
mu+,37.6017
2mu+,35.2797
3mu+,32.8445
pi-,746.168
2pi-,733.94
3pi-,630.067
pi+,373.657
pi+,151.161
2pi+,1281.21
3pi+,1197.29
pi-,566.26
2pi-,463.26
pi-,806.565
2pi-,805.34
3pi-,617.765
pi+,442.283
pi+,729.007
pi+,583.858
pi-,533.378
2mu-,285.331
3mu-,211.166
pi+,343.731
2pi+,191.546
3mu+,168.823
pi+,225.796
2mu+,187.151
3mu+,93.4248
pi-,305.71
2pi-,304.591
3pi-,302.916
pi-,2860.59
2pi-,2857.96
3pi-,2855.34
2pi-,47.6718
mu+,124.443
2mu+,105.416
3mu+,103.924
3pi+,90.8376
3pi-,190.367
3pi-,783.445
pi+,684.602
2pi+,683.316
3pi+,681.197
pi+,249.774
2pi+,235.462
pi+,730.919
2pi+,693.285
3mu+,389.76
mu+,967.009
2mu+,965.738
3mu+,856.702
pi+,658.936
2pi+,657.669
3pi+,628.229
2pi+,236.14
3pi+,234.809
2pi+,153.187
2pi+,176.017
3pi+,613.458
3pi-,1060.85
3pi+,238.266
pi-,44.1577
2pi-,574.722
3pi-,428.145
pi+,347.424
pi-,1766.64
pi+,418.424
2mu+,380.843
3mu+,335.921
pi-,225.649
2pi-,195
pi-,605.777
2pi-,579.615
pi+,1985.09
pi-,568.3
2pi-,555.122
pi-,1234.6
mu-,103.049
pi-,196.017
2pi-,194.293
3pi-,192.996
pi+,277.277
2mu+,295.662
3mu+,294.172
mu-,219.89
2mu-,174.733
pi-,912.11
2mu-,779.235
3mu-,698.401
pi+,1155.36
2mu+,1063.63
3mu+,998.625
mu+,256.548
2mu+,254.992
3mu+,175.993
pi+,746.668
2pi+,745.651
3pi+,666.904
mu-,30.2455
pi+,559.792
2pi+,487.817
2pi-,476.693
2pi-,563.137
pi+,274.598
pi-,248.829
mu+,439.606
2mu+,409.795
3mu+,293.662
pi-,451.636
2pi-,412.609
pi+,1301.97
pi+,1195.92
2pi+,1194.65
pi-,373.938
2mu-,351.663
3mu-,312.319
mu-,106.315
mu+,247.021
2mu+,192.463
3mu+,167.257
pi+,525.261
2pi+,393.672
3pi+,335.114
mu+,278.57
2mu+,276.995
3mu+,184.699
2pi-,470.688
3pi-,381.195
pi+,475.69
2mu+,252.71
3mu+,160.944
pi+,73.986
pi-,1419.14
mu-,420.993
2mu-,410.494
3mu-,305.534
mu-,139.244
2mu-,137.763
pi-,1396.25
pi+,220.131
2pi+,167.45
3pi+,429.57
mu-,264.703
2mu-,197.844
3mu-,151.1
pi+,1361.71
pi+,2203.35
2pi+,2090.61
pi-,323.478
3pi-,232.113
pi-,1718.6
2pi-,1716.4
3pi-,1715.12
pi-,581.865
2mu-,511.624
pi+,451.423
pi+,2043.96
2pi+,2042.65
3pi+,2041.4
pi+,453.435
2pi+,357.748
pi+,242.46
2mu+,239.993
3mu+,184.357
pi+,417.913
pi+,1328.43
pi+,1267.72
2pi+,1266.55
3pi+,1264.7
pi-,175.689
2pi-,174.304
3pi-,157.593
pi-,679.986
pi-,916.944
2pi-,897.552
3pi-,800.213
pi-,539.577
2mu-,256.859
3mu-,150.99
pi-,1012.56
pi-,744.9
mu+,355.41
2mu+,287.29
pi+,431.683
2pi+,430.462
3pi+,394.036
2mu+,206.161
pi-,725.735
2pi-,665.17
pi+,240.184
2pi+,238.964
pi-,61.7148
3pi-,86.1724
3pi-,153.789
3pi+,2897.43
3mu+,33.8783
mu-,178.532
2mu-,131.21
3mu-,129.907
pi+,103.639
2pi+,102.085
3mu+,63.7387
pi+,567.145
2pi+,515.371
2pi-,495.295
mu-,792.342
2mu-,791.104
3mu-,699.298
mu+,412.957
3mu+,203.828
mu+,651.636
3mu+,401.209
3pi+,289.579
pi-,835.98
2pi+,383.164
pi-,529.796
2pi-,397.778
pi+,503.245
2pi+,471.045
pi+,74.7305
pi-,72.7078
2mu-,34.1307
3mu-,31.129
pi+,502.88
2pi+,501.507
3pi+,500.387
pi+,1243.24
2pi+,1232.63
mu+,459.611
2mu+,446.328
pi-,334.333
2mu-,326.51
3mu-,325.104
mu+,410.368
2mu+,341.261
3mu+,224.438
pi-,694.964
2pi-,409.184
pi-,1481.69
mu+,410.972
3mu+,106.985
pi+,162.726
pi+,495.506
pi+,421.941
pi+,408.358
3pi-,593.63
mu-,1571.47
2mu-,1570.15
3mu-,1568.88
pi-,285.256
2mu-,282.763
3mu-,261.863
2mu+,55.9163
3mu+,53.3712
pi-,357.613
2pi-,719.764
pi-,92.6073
pi-,1626.35
pi+,1945.98
2pi+,431.004
3pi+,365.724
pi+,478.032
2pi+,467.462
pi-,832.338
2mu-,509.708
3mu-,480.054
pi-,248.411
2pi-,247.032
pi-,433.666
2pi-,432.636
3mu-,317.387
mu+,755.801
2mu+,696.584
3mu+,603.933
pi+,2054.87
2pi+,2052.73
pi-,822.036
2pi-,820.886
2pi-,1027.33
pi+,195.52
pi-,240.456
pi-,888.067
2pi-,882.719
3mu-,494.821
pi+,1025.29
2pi+,1014.68
3mu+,540.906
pi+,446.414
2pi+,445.244
3pi+,422.061
pi-,142.407
pi+,836.842
2pi+,835.66
3mu+,710.126
pi+,266.737
2mu+,147.723
3mu+,146.263
pi+,493.855
pi-,417.54
mu+,188.702
2mu+,187.328
3mu+,132.438
pi-,523.172
3mu-,228.969
mu+,364.357
mu+,61.598
2mu-,86.0306
3mu-,84.4809
pi+,638.692
2pi+,637.425
3pi+,635.869
pi-,104.847
pi+,877.486
2mu+,507.907
mu+,78.7776
2mu+,76.271
pi+,771.246
2mu+,561.303
3mu+,559.425
pi+,23.1055
3mu+,386.238
pi-,374.51
2pi-,373.299
3pi-,331.049
mu+,1159.15
2mu+,1093.39
3mu+,993.342
pi-,837.231
2pi-,835.984
pi-,1432.14
pi+,3795.48
3mu+,59.3365
pi-,805.755
3pi-,525.701
pi+,700.471
2pi+,699.368
3pi+,618.176
pi+,1277.15
pi+,272.174
2pi+,270.928
pi+,403.223
pi+,586.458
pi-,569.03
2pi-,544.242
3pi-,469.995
mu-,218.212
2mu-,79.5515
pi+,738.82
3mu+,456.669
pi+,218.025
2pi+,216.254
mu-,19.6821
pi+,202.823
pi+,188.751
2pi+,187.388
3pi+,184.782
pi+,954.701
2pi+,892.095
pi+,843.198
2pi+,831.486
pi+,730.848
2pi+,729.721
3pi+,594.213
pi+,1165.58
2pi+,1110.07
pi+,2112.12
pi-,1769.29
pi+,963.752
2pi+,962.669
3pi+,868.183
pi-,1108.97
2pi-,1039.68
pi+,985.921
2pi+,911.894
pi-,538.576
2pi-,537.146
3pi-,450.166
mu-,1264.43
2mu-,1201.47
3mu-,1130.24
mu+,381.193
2mu+,379.361
3mu+,298.202
pi-,315.683
2pi-,241.818
3pi-,169.074
mu+,52.6431
pi+,1482.5
pi-,484.52
2mu+,68.8689
pi-,1852.13
pi-,528.635
2pi-,501.13
3pi-,438.581
pi-,445.486
pi+,238.388
pi+,348.032
2pi+,346.804
3pi+,345.632
pi-,1046.58
2pi-,1045.28
3pi-,1005.32
pi+,535.176
2mu+,496.405
3mu+,429.023
pi-,88.4916
2pi-,87.0352
3mu-,17.2948
pi+,2784.02
pi+,642.905
2mu+,515.921
3mu+,514.648
pi-,1836.26
pi+,288.803
2pi+,246.172
pi+,998.304
pi+,431.116
2pi+,429.754
3pi+,390.735
pi+,818.896
2pi+,817.586
3pi+,726.905
pi-,923.917
2pi-,922.206
3pi-,851.444
pi-,361.716
pi+,424.563
2mu+,193.856
2pi+,573.941
mu-,548.623
2mu-,482.872
pi+,342.19
pi+,336.02
pi+,123.997
2pi+,84.2747
pi+,491.388
3pi+,31.3051
pi-,1782.13
2pi-,1780.93
pi+,841.085
2pi+,839.959
2pi+,162.315
2mu-,296.059
3mu-,217.573
mu+,116.424
pi-,52.916
mu-,142.741
pi+,852.253
2pi+,89.1302
pi+,779.057
2pi+,777.887
3mu+,601.407
pi-,875.722
2pi-,874.634
pi+,394.178
2mu+,172.632
3mu+,141.048
pi-,1196.07
3pi-,893.226
pi+,572.786
2pi+,493.517
2pi+,904.634
pi+,1294.79
mu-,127.493
pi+,372.161
2pi+,371.049
3pi+,273.466
pi+,564.916
2pi+,14.9808
pi-,273.747
2mu-,161.386
3mu-,149.602
pi-,955.407
2pi-,954.207
3pi-,885.888
3mu+,172.714
mu-,360.372
2mu-,359.166
3mu-,357.892
pi+,691.188
mu+,1902.48
3mu+,1596.08
pi-,618.388
2pi-,490.097
mu+,278.514
2mu+,277.423
3mu+,275.794
mu+,295.492
mu-,274.067
2mu-,272.958
3mu-,204.32
pi+,1985.27
2pi+,271.241
3mu+,165.227
pi+,1272.43
pi-,1347.62
pi+,1033.71
2pi+,1003.25
3pi+,923.281
pi-,297.552
2pi-,295.714
3pi-,294.642
pi+,257.896
2pi+,256.601
3mu+,111.429
pi-,725.303
2pi-,724.21
3mu-,450.319
pi-,1515.29
pi+,1735.99
2mu+,1070.5
3mu+,1020.58
mu-,129.934
2mu-,59.1596
2pi+,463.471
2pi+,851.733
3pi+,783.268
2pi-,482.389
pi-,1323.16
2pi-,1321.93
3pi-,1319.19
pi+,1486.22
mu-,55.3742
2mu-,4.50389
3pi+,162.049
pi+,1196.38
2pi+,1195
3pi+,1193.78
pi-,611.115
2pi-,609.918
3pi-,608.692
pi+,1222.36
mu+,83.9948
2mu+,82.1641
3mu+,79.8239
pi+,982.037
2mu+,767.169
3mu+,687.801
pi+,1830.9
pi-,1156.58
2pi-,1021.06
pi+,1859.37
2pi+,1856.16
3pi+,1854.9
pi-,1063.72
2pi-,1062.41
3pi-,1059.81
mu+,747.294
3mu+,498.112
mu+,7.42943
pi-,266.08
2pi-,264.813
3pi-,191.536
pi-,1454.1
2pi-,365.074
3mu-,335.851
2pi-,1231.85
3pi-,1230.59
pi+,480.698
2pi+,479.56
3pi+,408.978
pi+,376.159
2pi+,2654.52
3pi+,2628.66
2pi-,601.492
3mu-,513.898
mu-,291.481
2mu-,290.11
3mu-,228.868
mu-,336.426
2mu-,334.842
3mu-,333.4
pi+,741.182
pi-,1086.47
2pi-,1039.65
pi+,1103.26
2mu+,608.621
3mu+,607.412
mu-,61.9775
2mu-,60.4032
3mu-,23.3215
pi+,428.752
3mu+,31.4584
pi-,168.18
pi+,433.605
2pi+,432.392
3pi+,381.574
pi-,562.093
2pi-,513.484
pi-,1539.08
pi-,566.05
2pi-,497.555
pi+,305.431
2pi+,293.059
3mu+,205.572
pi-,1079.52
pi+,884.026
2pi+,882.614
pi-,1185.72
pi-,541.285
2pi-,540.145
3pi-,502.15
2mu+,22.5431
3mu-,379.095
3mu+,20.004
pi+,264.853
pi+,915.51
pi+,686.616
2mu+,490.239
3mu+,439.823
pi-,1298.9
mu+,422.111
2mu+,418.636
3mu+,417.456
pi-,122.038
2pi+,376.565
pi+,456.037
2mu+,395.888
3mu+,365.123
3mu-,253.823
pi+,141.687
2pi+,140.151
3pi+,138.441
pi+,448.558
2pi+,446.885
3pi+,381.549
pi+,877.33
2mu+,489.26
3mu+,405.145
mu-,123.644
2mu-,122.419
3mu-,84.4434
pi-,890.15
2pi-,889.004
3pi-,730.096
pi+,2449.04
2pi+,2447.81
3pi+,2446.37
pi-,2105.6
pi+,1441.08
mu-,324.412
2mu-,323.115
3mu-,321.975
pi+,668.673
2pi+,658.029
3mu+,331.149
pi+,1632.76
2pi+,1631.37
3pi+,1630.21
pi+,2477.92
2pi+,661.489
3pi+,1356.46
pi+,794.511
pi-,916.779
pi+,478.619
2pi+,477.208
pi-,1853.75
pi+,1457.27
3mu-,71.6673
pi-,476.788
2pi-,432.6
mu-,252.257
2mu-,199.587
3mu-,38.0964
pi+,897.072
2mu-,681.764
3mu-,608.373
pi-,70.7495
2pi-,68.2521
3mu-,28.0818
pi+,270.928
pi+,990.07
2pi+,988.566
pi-,1117.18
2pi-,1077.17
mu+,7.71915
pi+,960.739
2pi+,959.261
3pi+,892.079
pi+,568.572
2pi+,567.455
3pi+,495.17
pi+,144.181
2pi+,129.779
3mu+,102.11
pi+,296.809
2pi+,295.421
3pi+,293.858
pi-,416.145
3mu-,179.329
pi-,531.502
2mu-,369.008
3mu-,335.568
pi+,198.63
2mu+,11.9465
3mu+,4.6591
3pi-,155.076
3pi-,289.509
pi-,331.781
2mu-,266.313
3mu-,263.358
pi+,784.682
pi+,2622.01
2pi+,2620.03
3pi+,2618.57
mu-,526.422
2mu-,524.82
3mu-,453.244
mu+,443.604
3mu+,110.118
pi-,2190.13
3mu-,172.447
pi+,1922.73
mu-,93.9253
2mu-,44.653
pi+,536.776
2mu+,355.633
3mu+,354.321
pi+,1212.03
2pi+,381.526
pi+,332.407
pi+,660.201
2pi+,658.964
pi-,371.151
2pi-,369.811
3pi-,351.072
mu-,287.297
2mu-,286.114
3mu-,214.438
pi-,1840.38
pi-,193.751
2pi+,32.056
2pi+,61.6783
pi+,1219.71
pi+,1094.58
2pi+,1093.42
3pi+,1020.78
pi+,259.813
2mu+,234.03
3mu+,232.836
pi+,528.63
2mu+,498.091
3mu+,434.241
2pi+,471.583
3pi+,409.018
pi-,1002.11
2pi-,1001
3mu-,910.928
pi+,1051.05
pi+,179.116
pi-,772.763
2pi-,735.894
3pi-,637.54
pi-,944.868
2mu-,784.428
3mu-,695.046
pi-,676.43
pi-,220.007
2pi-,218.769
pi+,690.815
2pi+,689.657
3mu+,551.396
2pi+,131.106
pi-,602.05
2mu-,492.767
3mu-,422.661
pi+,430.98
mu-,103.971
pi+,3.23261
pi+,1378.79
mu+,89.0677
pi+,552.142
2pi+,431.819
3mu+,379.58
pi-,925.887
2mu-,823.021
3mu-,748.486
pi+,542.606
2pi+,492.304
mu+,9.25111
2mu+,358.862
3mu+,292.13
pi+,955.54
2pi+,954.437
3pi+,843.109
pi+,596.38
2pi+,545.526
3pi+,452.274
pi+,1289.3
2pi+,1287.06
3mu+,814.39
pi-,724.285
2mu-,408.315
3mu-,351.713
pi+,135.981
pi+,2248.96
pi+,512.832
pi+,343.41
2mu+,306.27
3mu+,293.985
pi-,1122.23
2pi-,1085.86
pi-,757.967
mu+,329.851
pi+,1976.45
pi+,1165.81
2pi+,1107.54
pi-,494.584
2pi-,492.287
pi-,593.303
2pi-,591.716
3pi-,505.265
pi+,835.836
pi+,967.744
mu+,170.447
2mu+,169.198
3mu+,13.663
3mu+,126.131
pi+,726.791
2pi+,664.151
3pi+,535.77
pi-,728.071
2pi+,455.591
3pi+,418.968
3pi-,580.282
3pi+,159.88
3pi-,101.799
mu+,136.989
2mu+,135.489
3mu+,79.4343
2pi+,862.489
pi+,1224.36
pi+,914.167
2pi+,912.581
3pi+,911.349
pi+,323.138
pi-,344.683
pi+,547.237
2mu+,473.442
3mu+,411.957
pi+,761.914
2pi+,760.813
pi-,415.762
3pi+,650.437
3pi+,127.527
pi+,710.025
pi+,2385.61
2pi+,72.9074
mu+,81.7169
2mu+,80.1792
pi-,734.157
2pi-,704.203
mu-,158.219
2mu-,103.994
2pi-,808.567
pi-,666.654
2pi-,665.425
pi+,1605.26
pi-,1603.33
2mu-,1021.12
3mu-,1019.61
3pi+,226.084
pi-,159.202
2mu-,104.439
3pi+,392.052
pi-,503.49
pi-,1271.53
2mu-,878.616
3mu-,809.534
mu+,68.5478
2mu+,66.4328
pi+,285.587
2pi+,161.429
3pi+,22.0785
pi+,611.37
2pi+,610.236
3pi+,599.539
mu-,483.694
2mu-,439.636
pi+,474.272
2mu+,353.98
3mu+,352.781
pi-,973.533
2pi-,972.206
3pi-,897.577
mu+,248.857
2mu+,247.664
3mu+,236.592
pi+,198.189
2pi+,196.884
3pi+,195.502
pi+,395.276
pi+,576.656
pi-,553.895
pi-,406.397
pi-,898.311
2pi-,867.543
pi+,1298.81
2pi+,1297.57
3pi+,1296.37
pi-,707.046
pi+,507.729
pi-,154.184
2pi-,135.427
3mu-,12.8848
mu+,322.467
pi+,347.516
2pi+,345.87
3pi+,344.306
2pi+,186.597
2pi+,43.0451
2pi+,951.826
mu+,742.519
3mu+,414.612
pi+,391.412
pi-,679.619
2pi-,678.084
3mu-,444.621
2pi+,480.085
3pi-,312.171
pi+,422.292
pi+,358.751
pi-,2086.17
pi+,328.807
3mu+,138.058
pi+,1840.4
2pi+,1839.14
3pi+,1765.35
pi+,599.058
2pi+,597.978
3pi+,493.742
mu+,120.284
2mu+,118.889
pi-,275.267
2pi-,274.09
3mu-,244.687
pi-,182.544
2pi-,181.38
3pi-,180.103
mu+,171.06
2mu+,168.694
3mu+,166.168
pi-,231.159
mu+,527.762
2mu+,474.546
pi+,310.79
2pi+,229.725
pi+,547.175
2mu+,456.39
3mu+,400.315
pi-,66.3765
2pi-,64.2922
pi+,557.122
2pi+,378.446
pi+,262.947
2mu+,203.247
3mu+,163.841
pi-,216.875
pi-,574.179
mu+,233.231
2mu+,183.429
3mu+,143.555
mu+,262.721
pi+,84.7224
pi-,69.0755
mu+,174.294
2mu+,71.5993
pi-,1962.86
2pi-,1961.38
pi+,1990.69
pi-,327.894
mu+,1071.96
2mu+,1015.58
3mu+,897.539
pi-,1780.38
pi+,177.681
2pi+,176.243
pi-,174.637
2pi-,173.154
2mu-,181.154
3mu-,127.611
pi+,686.776
2pi+,663.169
3mu+,343.432
pi-,494.28
2pi-,476.303
3pi-,426.294
mu+,147.137
2mu+,145.811
3mu+,107.97
pi-,195.512
2pi-,193.913
3mu-,125.444
2pi-,278.467
pi+,416.104
2pi+,352.375
pi-,552.312
2pi-,488.636
3mu-,444.064
pi+,700.934
2pi+,699.612
3mu+,358.905
2pi-,505.371
pi+,977.424
mu-,210.195
mu+,248.959
2mu+,178.852
3mu+,87.9487
mu-,1374.22
3mu-,1067.9
pi+,2335.36
2pi+,2334.03
pi-,470.359
2pi-,465.335
pi+,717.546
pi+,74.9904
2pi+,73.4459
3pi+,71.6378
pi+,493.897
2pi+,479.978
pi-,464.793
mu+,78.9119
mu+,48.6641
pi-,450.345
pi+,671.388
pi-,917.012
2pi-,881.871
3pi-,792.772
2pi-,558.682
mu+,243.391
2mu+,242.043
3mu+,240.77
pi-,960.088
mu-,273.562
pi+,1189.99
2pi+,1188.85
3pi+,1153.89
mu-,302.022
2mu-,300.45
3mu-,288.599
2pi-,657.755
3mu-,412.522
3mu+,162.953
mu+,1250.93
pi+,438.372
3mu+,119.281
pi-,778.725
mu+,31.7981
2mu+,29.3681
3mu+,26.5077
pi-,488.522
2pi-,466.651
pi-,171.024
2pi-,168.767
3pi-,167.462
pi+,476.233
3mu+,169.227
pi-,627.082
2mu-,278.097
3mu-,248.031
2pi-,186.708
3pi+,1106.22
2pi+,212.058
pi+,181.327
2mu+,151.446
3mu+,140.063
pi+,683.837
2mu+,706.876
3mu+,613.928
2pi-,139.89
pi+,108.617
pi+,572.754
pi+,328.573
pi+,219.202
2pi+,188.103
pi+,1602.83
2pi+,1601.65
3pi+,1600.26
pi+,1107.25
pi+,740.066
2pi+,680.004
mu-,74.5886
2mu-,72.1479
3mu-,70.4035
pi+,430.365
pi-,238.122
2mu-,163.918
pi+,264.963
2pi+,263.728
3pi+,262.468
pi+,1415.22
3mu+,969.78
pi+,1424.01
2pi+,1422.83
3pi-,35.9751
pi-,1186.3
2pi-,1129.18
3mu-,781.505
pi-,100.637
pi+,156.556
pi-,260.236
pi+,682.72
pi+,1046.3
pi-,720.672
2pi-,698.193
3pi-,597.833
pi+,696.991
2pi+,632.983
3mu-,389.089
pi+,1306.71
pi+,258.46
mu-,1035.53
2mu-,978.934
pi-,116.466
3pi+,1951.85
3pi-,198.274
pi+,2253.92
mu-,139.042
2mu-,136.799
3mu-,71.1743
mu-,446.401
3mu-,175.098
mu+,225.799
2mu+,224.459
3mu+,195.259
pi+,1316.86
3pi+,154.595
3pi-,214.889
3mu+,612.875
pi-,362.542
3mu+,129.164
pi+,1635.86
2pi+,1634.62
3pi+,1587.89
pi+,121.619
2mu+,115.702
3mu+,88.4845
pi-,1867.2
3mu-,38.0023
pi+,387.97
pi-,475.701
pi+,675.12
pi+,150.173
2pi+,148.685
3pi+,39.5556
pi+,339.791
mu+,55.6981
2mu+,53.6424
3mu+,51.8599
pi-,1314.29
mu-,128.781
pi-,485.3
pi+,739.826
2mu+,526.175
pi+,1155.56
2pi+,243.11
mu-,69.8036
pi-,97.2235
pi+,2233.15
pi-,950.029
2pi-,948.587
3pi-,901.153
2pi+,18.5981
pi+,777.146
2pi+,775.995
3pi+,686.911
pi+,175.193
2pi+,376.36
pi-,917.033
2pi-,915.956
3pi-,914.658
pi+,3227.03
2pi+,3225.62
3pi+,3224.37
mu-,156.91
mu-,248.627
2pi-,561.029
pi-,1106.4
2pi-,1096.21
3pi-,539.797
2mu+,14.4862
pi+,588.407
2pi+,587.23
3pi+,546.819
pi-,499.603
3mu-,138.146
pi-,1709.7
pi-,1658.87
pi+,2377.57
2pi+,165.837
pi-,66.8213
pi+,86.8639
pi+,492.567
2pi+,490.612
3pi+,443.212
mu-,704.73
3mu-,458.758
pi+,203.249
2mu+,145.2
3mu+,75.2878
pi+,109.047
2pi+,105.994
pi-,404.577
2pi-,17.2531
mu+,350.557
2mu+,349.262
3mu+,348.196
pi+,2541.52
pi+,137.858
2mu+,39.2257
mu+,350.23
2mu+,243.389
3mu+,220.773
pi-,258.363
2mu-,179.737
3mu-,79.2174
2mu-,187.177
3mu-,92.3609
pi-,885.589
2pi-,865.17
mu+,937.79
2mu+,936.093
3mu+,844.176
2pi+,52.9567
pi+,472.952
2pi+,470.22
3mu+,410.25
mu+,502.659
3mu+,168.178
pi-,1440.97
2pi-,1439.78
3mu-,1041.7
pi-,701.994
2mu-,474.706
3mu-,473.496
pi+,543.553
2pi+,463.211
pi-,732.245
3mu-,378.317
pi+,754.693
2pi+,753.453
3pi+,646.601
pi-,1063.47
pi-,723.895
2pi-,722.535
3pi-,721.381
pi+,708.586
pi-,409.451
pi-,614.888
pi+,1063.26
2pi+,1005.07
3pi+,867.194
pi-,317.055
2pi-,315.366
3pi-,313.866
mu+,628.874
2mu+,627.638
3mu+,591.691
pi+,469.996
2pi+,461.44
3pi+,459.958
mu+,240.345
pi+,666.271
pi-,270.553
2pi-,258.699
mu-,48.4224
2mu-,45.9755
mu+,619.516
3mu+,359.965
pi-,333.885
2pi-,332.637
3pi-,330.961
pi+,901.429
2pi+,900.304
3pi+,899.001
pi-,46.4539
pi-,521.249
2mu-,465.13
3mu-,418.634
pi-,374.63
pi+,563.189
2pi+,484.634
pi+,274.006
2pi+,272.778
3pi+,244.432
3pi-,308.859
3pi+,469.669
3pi-,1188.8
pi-,159.844
2pi-,158.405
3mu-,149.069
mu-,38.3996
pi-,603.617
pi+,585.48
2pi+,555.637
3pi+,469.173
pi+,256.901
2mu+,245.949
3mu+,181.46
mu-,216.235
2mu-,215.03
3mu-,213.758
pi-,627.255
2pi-,626.196
3pi-,624.956
mu-,244.24
2mu-,243.191
3mu-,238.754
pi+,1242.08
2pi+,1240.89
3pi+,1239.75
pi-,158.339
pi-,2277.46
pi-,248.836
pi+,1042.32
2pi+,1041.22
3pi+,941.242
pi-,40.6454
pi-,938.972
pi-,675.37
2pi-,664.884
3pi-,663.736
pi+,534.901
2pi+,478.571
3mu-,357.203
pi+,81.8373
2mu+,87.4762
3mu+,85.7152
2pi-,486.41
mu+,91.0714
2mu+,89.2916
3mu+,86.5213
pi+,744.161
pi+,1262.26
pi+,222.761
2pi+,221.358
3pi+,219.689
pi-,1197.22
2pi-,1143.62
pi-,1856.18
2mu+,127.646
mu-,457.295
2mu-,456.145
3mu-,410.481
pi+,86.2341
mu+,203.767
pi+,752.542
pi-,83.3101
mu-,137.756
2mu-,135.78
3mu-,31.2633
pi-,977.947
pi-,632.35
2mu-,625.278
3mu-,573.744
pi-,475.525
2pi-,474.425
mu+,76.3665
2mu+,74.3875
3mu+,72.2793
pi+,210.395
pi-,178.444
mu-,1898.35
3mu-,845.808
mu-,93.7339
mu+,180.902
mu+,21.0586
pi-,262.504
pi-,304.493
mu-,512.577
2mu-,511.248
3mu-,510.115
pi+,574.383
2mu+,505.328
pi+,1978.91
pi+,1465.33
pi+,1178.42
pi+,584.254
2pi+,573.624
2pi+,90.5187
pi+,331.279
2mu+,95.4552
pi+,813.535
2pi+,812.371
3pi+,646.195
pi-,739.982
2pi-,695.627
3pi-,597.07
2mu+,476.687
3mu+,415.761
pi-,306.791
pi-,745.465
3pi+,688.151
pi-,657.351
mu+,570.933
2mu+,481.249
pi+,647.586
2pi+,646.311
3pi+,645.145
mu-,49.5117
2mu-,47.4539
pi-,263.409
2pi-,262.134
pi+,148.591
pi-,2138.13
pi+,617.345
2pi+,586.437
3pi+,498.33
pi-,1365.14
2pi-,1364.02
3pi-,1362.87
pi+,1934.9
pi-,1344.87
mu+,146.059
pi+,764.267
3mu+,384.784
2mu-,481.525
3mu-,427.232
pi+,716.617
mu+,83.8662
pi+,355.944
2pi+,339.11
pi-,1510.42
pi+,1286.46
pi-,24.3161
pi-,276.032
pi-,328.112
2mu-,134.293
pi+,740.62
pi+,275.426
2mu+,74.2106
3mu+,71.8969
pi+,820.104
pi-,3149.73
pi+,244.731
pi+,596.924
2pi+,472.313
mu+,49.4205
2mu+,46.3955
pi-,441.16
pi+,574.301
pi-,357.355
2pi-,356.24
3mu-,306.423
2pi-,425.891
mu+,57.1592
2mu+,55.353
3mu+,53.4828
mu+,463.562
3mu+,165.045
pi-,781.987
2pi+,288.187
3pi+,227.538
pi+,164.187
pi-,2703.67
2pi-,2701.95
3pi-,2700.35
pi-,303.267
pi-,3305.75
3mu-,487.025
mu+,117.022
pi+,1614.69
2pi+,1613.36
3pi+,1612.04
pi-,896.995
2pi-,895.122
pi+,68.8782
pi-,542.993
2pi-,510.419
2pi-,136.216
mu+,182.987
2mu+,51.9658
3mu+,48.5534
pi-,161.737
2mu-,16.2753
mu+,725.531
3mu+,384.636
pi-,717.202
pi+,332.214
mu-,527.828
pi-,121.925
2pi+,434.864
mu-,290.567
2mu-,264.685
3mu-,154.92
pi+,1289.55
2pi+,1287.84
3pi+,1286.55
pi-,1349.91
2pi-,1347.4
3pi-,1272.36
pi+,857.416
2pi+,856.284
pi+,348.625
pi+,1805.69
3pi+,1473.4
pi+,85.2085
pi+,327.451
pi+,633.225
2mu+,609.276
3mu+,523.165
pi+,283.799
pi-,198.239
2pi-,196.591
3pi-,163.554
pi-,909.033
2pi-,907.796
3pi-,804.793
2pi-,441.691
2pi+,441.819
pi+,2453.84
mu-,710.603
2mu-,669.892
3mu-,556.84
pi+,561.329
2pi+,530.835
pi+,567.765
2mu+,457.763
3mu+,416.337
pi+,1494.89
pi+,857.783
2mu+,568.191
3mu+,567.034
pi-,426.078
3pi-,141.461
3pi+,505.635
pi-,3239.46
3pi-,1886.07
mu+,344.381
2mu+,342.57
3mu+,341.355
pi-,258.733
pi+,664.767
pi+,87.4139
2pi+,85.7351
3pi+,83.8064
pi-,3995.74
pi+,735.54
pi-,223.379
2pi-,222.086
pi+,748.74
2mu+,526.147
3mu+,426.164
mu+,115.066
pi+,712.424
pi-,633.637
mu-,239.688
2mu-,138.359
mu-,114.747
mu-,46.6001
pi+,981.192
2pi+,979.998
3pi+,230.268
pi+,375.608
2pi+,374.05
3pi+,372.352
mu+,98.4284
pi-,565.397
2pi-,542.61
mu+,66.9873
2mu+,64.1181
3mu+,62.1465
2pi+,1011.78
3pi+,917.053
mu-,59.6442
pi+,92.3564
pi-,2050.99
pi-,79.9556
pi-,285.245
2pi-,284.033
2pi-,27.5788
mu+,36.9383
pi-,673.586
2pi-,220.314
mu+,834.47
pi+,700.797
pi-,608.257
2pi-,492.548
3pi-,413.765
pi-,270.523
2pi-,269.373
pi+,2058.79
pi-,893.621
2pi-,873.157
pi-,446.696
2pi-,445.414
3pi-,444.257
pi+,479.31
pi-,419.351
pi+,1087.61
2pi+,1046.29
pi-,921.681
2mu-,806.739
pi-,696.668
3pi-,381.677
pi-,404.87
2pi-,403.439
3pi-,401.928
pi-,321.372
2mu-,146.408
3mu-,60.5165
2mu-,61.408
pi+,1503.79
pi+,349.963
pi+,368.403
pi+,762.915
mu+,100.808
2mu+,99.5157
3mu+,98.225
mu+,82.2015
2mu+,112.286
3mu+,98.8583
pi+,511.807
2pi+,510.402
pi+,1293.12
2pi+,268.036
pi-,610.712
2mu-,429.231
3mu-,395.945
pi-,212.398
2pi-,211.105
pi-,205.789
2pi-,194.936
pi-,426.086
2pi-,273.357
pi+,749.198
pi-,250.059
mu+,175.631
2mu+,174.239
pi+,552.58
pi+,563.565
2mu+,330.776
3mu+,329.497
mu+,96.9085
mu-,463.142
3mu-,117.728
pi-,794.42
2pi-,793.267
3mu-,432.361
mu+,397.213
3mu+,112.893
mu-,720.762
2mu-,719.635
3mu-,718.465
pi+,1244.9
mu-,1027.02
2mu-,952.378
pi+,1325.42
3mu+,757.832
mu-,1222.21
2mu-,1167.65
3mu-,1110.93
mu-,521.841
2mu-,490.068
3mu-,425.184
pi+,555.873
pi-,493.897
2pi-,492.335
3pi-,438.698
2pi-,37.4963
pi-,422.145
pi+,228.245
2mu+,557.027
pi-,833.63
2mu-,734.529
pi+,1248.8
pi-,787.082
2pi-,786.057
3pi-,692.759
3mu-,99.9942
pi+,801.959
2mu+,659.701
3mu+,538.9
pi-,1166.23
pi-,194.128
2pi-,192.788
mu+,441.288
2mu+,439.959
3mu+,387.633
pi-,720.435
2pi-,689.996
pi-,569.285
pi+,921.361
2pi+,920.098
3pi+,838.97
pi+,477.667
2pi+,476.436
3pi+,424.185
pi+,622.549
2pi+,531.08
3mu+,246.702
pi-,147.323
pi+,709.58
2mu+,560.432
3mu+,504.684
pi-,105.471
pi+,749.934
2pi+,747.101
3mu+,656.165
pi+,2066.66
3mu-,232.869
2pi-,23.7862
pi+,1422.96
2mu+,1317.94
3mu+,1314.61
pi-,952.652
2pi-,892.466
mu+,200.595
2mu+,116.843
3mu+,58.5004
mu+,990.599
2mu+,970.376
3mu+,837.502
pi-,838.48
2pi-,837.214
3pi-,767.655
pi+,668.072
pi-,724.468
mu-,302.39
2mu-,151.776
pi+,404.563
2pi+,403.372
3pi+,402.009
2pi-,245.518
3pi-,244.065
2pi+,99.2942
pi-,1803.15
pi+,774.944
pi-,273.693
2pi-,272.329
3mu-,123.194
pi+,186.641
2mu+,128.434
3mu+,54.8647
2mu-,248.935
pi+,374.499
pi+,598.941
2pi+,500.043
pi-,1817.19
pi-,136.796
pi-,385.521
2mu-,302.06
3mu-,299.89
pi+,210.878
2mu+,105.427
3mu+,103.918
pi-,737.212
2mu-,498.457
3mu-,431.636
pi-,59.744
pi+,1785.02
2pi+,1783.2
3pi+,1781.89
pi+,308.882
2pi+,303.367
3mu+,314.02
pi-,962.844
2pi-,941.963
pi+,69.4936
2pi-,663.666
2pi-,247.551
2pi+,945.041
2pi+,132.519
mu-,166.346
pi-,1506.07
2pi-,166.141
pi+,1418.4
2pi+,1417.03
3pi+,1415.61
pi-,21.7642
2mu-,4.85829
pi+,184.036
2mu+,226.165
3mu+,101.468
pi+,78.3822
pi+,267.626
pi-,486.403
2pi-,440.084
3pi-,389.875
pi+,2276.02
2pi+,2274.17
3pi+,2185.92
pi-,159.812
pi-,400.406
2pi-,396.309
3pi-,395.207
mu-,74.3898
pi+,485.992
pi+,706.885
mu-,287.71
2mu-,286.5
3mu-,276.28
mu-,94.6582
2mu-,93.0549
3mu-,91.6047
mu+,104.307
pi+,65.9011
pi-,827.21
2mu-,484.8
pi+,320.65
mu-,117.635
pi+,205.914
2pi-,8.92383
mu-,82.8717
2mu-,81.3649
pi+,587.212
pi+,199.806
2pi+,163.891
mu+,569.626
2mu+,452.732
pi-,566.36
3pi-,251.059
pi-,1866.35
pi+,2015.15
3pi+,1576.55
pi-,910.317
3pi-,215.46
pi-,1966.96
pi+,398.021
pi+,624.639
2pi+,529.257
3pi+,442.578
pi-,120.607
pi-,21.8832
pi-,203.457
2pi-,201.996
3mu-,112.761
pi+,253.074
2pi+,251.812
3mu+,88.3689
pi-,566.394
2pi-,564.972
3pi-,507.3
3pi+,188.157
2mu-,415.539
pi+,389.239
mu+,40.9074
pi-,60.9431
pi+,1376.26
mu-,1288.7
2mu-,1282.49
3mu-,1217.96
mu+,130.678
2mu+,107.798
3mu+,106.256
pi-,443.604
2pi-,300.258
3mu-,4.77103
pi+,398.843
pi+,1368.22
pi-,1168.3
2pi-,1125.6
pi+,647.488
2pi+,645.369
3mu+,528.881
mu+,88.0292
pi-,540.037
2pi-,521.858
pi+,1257.89
2pi+,108.43
3pi+,92.1721
pi+,1378.65
2pi-,418.982
3pi-,308.244
mu-,175.166
2mu-,173.775
3mu-,85.8867
pi+,736.337
2pi+,735.042
3mu+,716.649
pi-,1885.49
pi-,226.514
2mu-,200.655
3mu-,111.266
pi-,269.109
2mu-,156.944
3mu-,155.59
pi+,238.824
2pi+,237.126
pi+,975.299
2pi+,915.789
pi+,2482.37
2mu+,1886.79
3mu+,1885.38
mu-,95.9897
pi+,279.34
pi+,434.74
pi+,411.083
2pi+,400.376
pi-,194.261
pi-,1006.72
2pi-,1005.38
3pi-,1004.13
pi+,891.837
2pi+,834.792
pi+,720.773
2pi+,719.714
3pi+,576.928
pi+,1490.28
2pi+,1413.15
3pi+,1287.5
pi-,91.4483
2mu-,49.7005
pi+,1596.71
mu-,447.217
2mu-,445.627
3mu-,435.101
pi+,599.815
pi+,1751
2mu+,1059.18
pi+,2107.46
pi+,600.892
2pi+,538.309
pi+,704.006
2pi+,702.462
3mu+,641.847
pi+,963.685
mu-,83.1659
2mu-,81.7631
3mu-,80.2583
mu+,556.382
2mu+,555.136
3mu+,459.508
pi+,163.803
mu+,509.749
mu-,805.446
3mu-,558.076
mu+,31.4208
2mu+,28.8021
pi+,88.4891
mu+,1017.13
2mu+,1014.17
3mu+,1012.93
pi+,1279.24
2pi+,259.22
pi+,293.284
3pi+,602.33
2mu-,272.712
3mu-,254.082
pi+,66.842
mu-,120.346
2mu-,108.055
3mu-,106.638
pi-,107.741
2mu-,100.547
3mu-,98.9545
pi-,583.987
mu-,247.523
2mu-,246.384
3mu-,163.122
3pi+,716.015
pi+,331.42
2pi+,330.274
3mu+,203.442
pi+,201.345
2mu+,126.132
3mu+,19.3514
pi-,220.984
3pi-,69.0681
3pi+,2287.18
pi-,2371.2
2pi+,180.307
mu+,609.926
2mu+,561.762
3mu+,462.232
pi+,1212.47
2pi+,1056.77
pi-,1074.1
3mu-,642.855
pi-,74.066
mu+,1303.62
3mu+,998.341
pi+,402.671
mu+,219.138
2mu+,217.347
3mu+,205.963
2pi+,405.92
pi-,403.161
2mu-,357.634
3mu-,286.691
pi+,1080.44
2pi+,1079.2
pi-,166.475
2pi-,165.089
3mu-,180.961
pi+,852.383
3mu-,321.665
pi+,566.085
2pi+,552.232
3mu+,433.389
pi-,404.219
pi+,808.05
2pi+,806.792
3pi-,430.088
mu+,186.848
2mu+,185.41
3mu+,183.973
pi-,1280.51
2pi-,1279.31
3pi-,1216.8
mu+,173.143
2mu+,171.66
3mu+,170.178
pi+,444.696
pi-,404.055
2pi-,402.728
3pi-,341.563
pi-,112.018
mu+,83.3138
2mu+,81.2054
3mu+,79.6137
mu+,357.824
3mu+,148.981
pi+,959.781
mu+,510.982
pi-,104.432
pi+,117.721
pi-,461.665
2pi-,460.551
3pi-,459.256
pi+,1000.83
pi+,563.95
2pi+,562.871
3mu+,398.356
pi-,419.391
2pi-,417.891
2pi+,133.73
3pi+,105.71
2mu-,22.6757
3mu-,19.1426
pi-,1867.76
mu+,225.345
2mu+,224.076
3mu+,220.953
mu-,576.378
2mu-,524.595
pi+,602.585
2pi+,553.549
pi-,182.464
pi+,742.99
pi+,1386.14
pi-,757.231
2pi-,683.753
pi-,2326.2
pi-,766.626
2pi-,756.24
pi+,1219.45
pi-,910.372
pi-,1268.03
pi+,910.458
pi+,175.798
2pi+,174.403
3mu+,61.9326
pi-,292.953
2pi-,291.63
3pi-,289.942
pi+,877.893
2pi+,852.027
3pi+,755.182
pi-,359.377
2mu-,186.569
3mu-,154.879
pi+,999.078
2pi+,997.882
3pi+,907.96
mu+,127.579
2mu+,126.163
3mu+,79.4145
mu-,174.95
2mu-,173.531
3mu-,91.456
3pi+,136.951
pi-,354.655
2pi-,353.108
3pi-,314.988
pi+,1284.91
pi+,187.452
2mu+,175.76
3mu+,139.644
mu+,256.804
pi+,277.908
2mu+,156.831
3mu+,145.879
pi-,2042.54
2pi-,2023.66
3pi-,2022.42
pi+,96.8961
2pi+,94.9248
3pi+,93.4311
pi-,576.223
2pi-,574.871
pi-,807.049
pi-,951.569
2pi-,950.249
3pi-,948.976
pi+,568.655
mu+,25.5875
pi+,1194.96
3mu+,476.213
3mu+,378.989
mu-,140.05
2mu-,185.227
3mu-,126.453
pi-,594.507
pi+,1643.37
3pi+,1278.16
pi+,503.143
2pi+,501.135
3pi+,445.031
mu-,15.9432
pi-,152.764
mu-,1093.07
2mu-,1091.78
3mu-,1008.67
mu+,128.732
2mu+,100.081
pi-,1774.88
pi+,422.227
2mu+,385.557
3mu+,310.951
pi+,587.053
pi+,411.488
2mu+,276.187
3mu+,198.982
3pi-,621.778
pi-,455.715
2pi-,445.399
3pi-,366.295
pi+,396.279
2pi+,395.084
3pi+,343.723
pi-,957.624
pi-,107.128
pi+,421.368
pi+,182.079
2mu+,188.323
3mu+,161.948
mu-,83.1617
2mu-,81.1967
3mu-,79.8576
2mu+,281.14
2pi+,540.168
pi+,823.131
pi-,112.947
2mu-,44.5963
pi+,1315.62
pi-,164.68
2mu-,76.3104
3mu-,74.7409
3pi+,2171.51
mu+,369.655
3mu+,115.037
2pi+,872.745
pi-,758.586
2pi-,757.49
3pi-,755.195
pi-,791.778
2mu-,633.095
3mu-,579.411
pi+,261.862
2mu+,133.05
3mu+,131.678
pi+,912.046
2pi+,910.933
2mu-,40.411
pi-,203.301
2pi-,175.124
pi+,1078.62
pi+,484.122
2pi+,482.949
3mu+,357.638
pi-,443.187
2mu-,450.938
3mu-,375.253
pi+,382.544
2pi+,361.946
3pi+,263.088
pi-,374.331
3pi-,135.742
pi-,1181.96
2pi+,204.692
pi+,706.234
2mu+,577.131
pi+,487.806
2pi+,694.427
2pi+,633.197
2pi-,229.056
2pi-,11.1418
pi+,1354.76
pi+,493.682
pi-,1299.63
pi-,206.305
pi-,373.65
2pi-,372.289
3pi-,352.51
pi+,1865.47
pi-,649.541
2pi-,648.455
pi-,687.268
3mu-,459.035
pi-,355.594
3mu-,180.208
pi+,1623.32
pi-,627.193
pi-,711.582
2pi-,666.839
pi+,469.031
mu+,96.5291
pi-,275.927
pi-,771.564
2pi-,770.39
3pi-,768.876
pi+,1239.55
mu+,686.65
2mu+,685.411
3mu+,575.694
mu-,89.7889
2mu-,88.1404
3mu-,86.6821
pi-,965.934
pi-,756.859
2pi-,745.311
3pi-,620.15
pi-,654.564
mu+,588.828
2mu+,556.88
3mu+,473.134
pi+,430.411
2mu+,297.976
3mu+,296.785
pi-,1893.66
pi-,277.69
pi+,928.457
2pi+,863.44
pi+,993.587
3pi+,676.949
pi-,2300.48
2pi-,2298.33
2mu-,261.35
3mu-,215.474
pi-,457.562
2pi-,456.53
3pi-,455.065
pi+,457.096
2pi+,425.497
pi+,205.226
2pi+,181.149
3pi+,142.656
pi-,1850.52
3pi+,1024.57
pi+,2009.4
pi-,207.795
2mu-,157.737
3mu-,146.706
pi+,446.129
2pi+,393.044
3pi+,269.467
3pi+,1050
mu+,164.707
mu-,39.465
2mu-,37.2573
3mu-,34.6286
pi-,128.364
2pi-,114.12
pi-,451.216
2pi-,449.949
3pi-,409.042
pi-,278.732
pi-,566.979
2pi-,539.853
3pi-,472.011
pi+,698.298
3pi+,404.002
pi+,736.791
pi+,899.933
2pi-,927.588
3pi-,846.511
2pi+,47.9628
pi+,1342.84
3pi+,62.5992
3pi+,1332.48
pi-,66.0611
pi+,918.407
2pi+,598.304
pi+,339.716
2mu+,144.218
3mu+,23.5925
mu-,274.694
2mu-,273.425
3mu-,272.252
pi-,640.005
2pi-,580.851
pi+,101.474
2mu+,124.072
3mu+,18.8495
pi-,217.808
2pi-,216.467
3pi-,215.245
pi+,1147.45
2pi+,1054.19
pi-,374.763
2pi-,373.543
pi-,120.092
pi-,1285.04
pi+,988.638
2pi+,986.102
3mu+,523.454
pi+,776.492
3mu+,403.362
mu+,586.891
2mu+,576.012
3mu+,501.351
pi-,264.489
pi-,442.5
2pi-,441.363
pi+,130.641
pi+,2536.88
2pi+,2535.58
3pi+,2534.43
pi-,1398.2
2pi-,173.095
pi+,75.8169
mu-,376.166
3mu-,116.351
pi+,693.644
pi-,360.03
2mu-,202.169
3mu-,200.932
pi+,667.072
mu+,183.27
2mu+,181.911
3mu+,180.078
pi+,410.614
pi-,1310.55
pi-,439.869
2pi-,438.515
3mu-,408.078
pi+,536.025
3mu+,406.065
pi-,294.484
pi+,85.4675
pi+,120.506
pi-,748.701
2pi-,747.567
pi+,1373.42
pi+,863.802
2pi+,823.236
mu-,754.497
2mu-,753.05
3mu-,663.549
pi+,221.627
2pi-,74.6883
pi+,289.258
2pi+,288.088
3pi+,286.843
pi-,694.626
pi-,696.566
pi-,510.258
2pi-,474.471
3pi-,409.713
pi+,498.131
2pi+,476.855
pi-,358.499
pi-,245.228
pi-,1502.15
2pi-,1500
3pi-,1498.89
pi+,213.09
pi-,301.537
2pi-,300.325
3pi-,264.514
pi+,279.92
2pi+,278.535
3pi+,262.217
2mu-,443.439
mu+,335.432
3mu+,138.874
pi+,2221.41
2pi+,2218.36
3pi+,2216.98
pi-,176.776
2pi-,174.916
3pi-,173.65
mu-,130.324
pi+,689.252
pi+,1743.35
3pi+,232.418
pi+,85.0135
2pi+,83.3222
3mu+,49.3729
pi+,494.453
pi+,418.502
2pi+,66.5383
2pi+,350.949
pi-,3377.21
3mu-,240.757
pi-,864.724
2pi-,810.235
pi-,301.007
2pi-,299.889
3mu-,275.282
pi-,1252.89
2pi-,1090.4
3pi-,991.72
3pi-,464.089
pi+,1818.53
pi+,157.091
2pi+,155.786
3mu+,91.3444
pi+,432.969
2pi+,431.7
3pi+,361.154
pi+,840.242
2pi+,839.026
3pi+,789.545
pi-,812.117
pi-,1185
2pi-,1183.84
3pi-,1182.41
pi-,423.47
2mu-,257.35
3mu-,168.332
pi-,342.503
pi-,136.052
2pi-,134.382
3mu-,93.2444
2pi+,163.355
3pi+,47.1393
pi-,91.0003
2pi-,89.6165
3mu-,84.4133
pi-,2901.26
mu+,2579.89
3mu+,2245.62
mu+,578.679
mu+,489.015
pi-,2131.23
2pi-,2129.74
3pi-,2128.28
mu+,12.4566
pi+,426.642
2pi+,425.443
3pi+,370.45
pi-,1790.67
3mu-,427.259
pi+,542.667
2mu+,374.087
3mu+,372.884
2pi+,259.371
3pi+,258.075
pi+,119.689
2mu+,109.039
pi+,511.12
2pi+,472.446
3pi+,410.325
pi+,1941.12
2pi+,1939.9
3pi+,1938.45
pi+,223.76
pi+,17.0336
pi+,978.018
2pi+,863.592
mu+,196.777
2mu+,64.6596
pi+,701.432
2mu+,563.448
3mu+,522.269
pi+,549.249
2mu+,418.742
3mu+,371.84
pi+,1589.69
2pi+,1588.48
3pi+,1587.28
mu-,93.6426
pi+,687.445
pi-,240.481
2pi-,111.908
3mu-,19.852
pi-,648.547
2pi-,645.85
3pi-,618.594
pi+,734.027
2pi+,732.781
pi+,786.801
2pi-,829.75
pi+,347.972
2pi+,346.793
3pi+,326.39
pi+,85.9924
2pi+,83.9904
3mu+,34.3129
mu+,248.768
pi-,176.928
mu+,308.317
2mu+,267.898
3mu+,191.81
pi+,505.375
2pi+,419.259
3pi-,152.142
3pi-,808.893
pi+,182.555
pi-,176.553
2pi-,345.907
pi-,1294.72
3mu+,324.52
pi+,595.037
pi-,1155.64
pi+,907.01
mu-,52.4449
mu+,722.728
3mu+,463.983
pi-,1865.13
2mu-,1851.38
3mu-,1753.5
pi-,589.488
pi+,607.575
mu+,299.211
2mu+,288.201
3mu+,182.503
pi+,1277.61
pi-,1420.15
2pi-,1402.62
mu+,329.072
2mu+,280.84
pi+,383.497
2pi+,244.563
pi+,499.793
2pi+,498.562
3pi+,497.485
pi-,841.651
2pi-,805.111
pi-,100.677
pi+,1824.65
pi-,283.909
pi+,290.356
2pi+,287.678
3pi+,286.076
pi+,1527.74
2mu+,1056.36
3mu+,1010.77
pi-,889.875
2pi-,888.788
3pi-,887.355
pi-,456.086
2pi-,445.9
pi-,238.531
mu+,488.383
2mu+,487.168
3mu+,383.57
pi+,456.867
2pi+,404.884
3mu+,155.588
pi-,223.562
2pi-,221.799
3mu-,230.618
pi+,1355.86
pi-,743.003
2pi-,688.776
pi+,637.749
pi+,117.577
2pi+,116.21
3pi+,114.563
pi-,959.704
2pi-,915.345
pi+,1849.86
2pi+,77.4042
2mu+,548.991
3mu+,468.523
2mu-,599.213
pi+,1968.56
mu+,341.528
2mu+,340.42
3mu+,339.312
mu+,1220.19
2mu+,1218.85
3mu+,1217.61
mu+,199.331
2mu+,197.451
3mu+,154.871
mu-,412.889
3mu-,97.774
mu-,564.688
2mu-,478.652
pi+,48.8952
2pi+,46.7377
3pi+,43.8353
pi+,366.273
2mu+,308.214
3mu+,307.104
3mu-,234.026
pi+,337.551
pi-,768.006
pi+,268.252
3pi+,252.726
2pi-,107.108
pi-,1781.25
3pi+,515.35
3pi-,781.798
2mu+,271.582
pi-,471.504
2pi-,447.217
3pi-,378.576
pi-,340.134
2pi-,215.016
3pi-,149.067
pi+,291.44
2mu+,277.624
3mu+,276.215
mu-,206.764
2mu-,205.225
3mu-,203.824
pi+,416.601
2pi+,404.802
3pi+,356.367
mu+,528.363
2mu+,527.179
3mu+,473.921
pi-,105.587
mu-,195.479
2mu-,194.069
3mu-,192.704
pi-,333.323
pi+,162.072
2pi+,221.417
pi+,446.125
2mu+,232.804
3mu+,178.178
pi-,887.992
2pi-,886.84
mu-,243.583
2mu-,172.142
3mu-,72.973
pi+,724.493
2pi+,722.971
pi+,40.6274
2pi+,10.5272
pi-,30.3454
2mu-,369.436
2pi+,122.636
2pi+,503.275
3pi+,464.563
pi-,1349.01
pi-,157.734
pi-,197.485
2pi-,196.34
3mu-,158.541
pi+,427.946
2pi+,333.136
3mu+,71.0242
pi-,114.981
pi-,465.995
2pi-,454.588
3mu-,222.66
pi+,499.645
pi+,159.577
2pi+,157.837
3mu+,80.2504
mu-,113.681
pi+,251.5
2pi+,248.24
pi-,253.354
3mu-,206.128
mu+,218.898
2mu+,217.473
3mu+,216.175
pi-,902.681
pi-,118.365
pi+,1377.72
2mu+,41.1103
3mu+,38.6083
pi-,467.627
pi+,238.956
2mu+,86.8062
pi-,980.605
2mu-,723.285
3mu-,655.375
pi+,157.622
2pi+,155.607
3pi+,48.7242
pi-,1804.36
pi+,1218.28
2pi+,1145.16
pi-,579.994
2pi-,545.957
pi+,1434.28
mu+,38.3792
2mu+,35.6789
3mu+,32.9519
pi+,609.64
pi+,441.652
mu-,21.8417
3pi+,730.693
3pi-,124.076
3pi+,203.498
pi-,2234.23
mu-,851.426
2mu-,850.218
3mu-,758.505
pi-,820.133
2pi-,356.363
pi+,68.6634
2pi+,66.8512
pi+,768.641
2mu+,481.386
3mu+,420.495
3pi+,1531.53
3pi-,482.112
pi-,231.027
pi-,220.161
pi+,133.911
pi+,195.948
pi-,332.556
2mu-,197.036
3mu-,158.215
pi+,2828.64
2pi+,2827.2
3pi+,2825.91
pi-,62.3756
2pi-,48.1423
3mu-,25.8266
pi+,976.117
mu+,56.8437
2mu+,54.626
3mu+,52.5041
mu-,400.696
3mu-,226.975
pi-,351.555
2pi+,159.507
2pi-,97.7337
3pi-,30.4201
3pi-,87.2521
pi-,331.081
mu-,144.74
2mu-,143.103
3mu-,141.731
pi-,168.564
pi-,1270.17
2mu-,954.315
pi-,791.884
2pi-,790.625
3pi-,788.996
mu+,361.814
2mu+,359.715
3mu+,349.38
mu-,231.673
2mu-,186.874
3mu-,136.377
pi-,915.894
mu+,12.9367
pi+,422.204
pi+,161.9
3pi+,228.038
mu+,219.638
2mu+,218.395
3mu+,217.119
pi+,756.33
2pi+,688.118
3mu+,44.755
3mu+,94.6442
pi-,355.063
2pi-,191.493
mu+,474.189
2mu+,437.315
3mu+,390.615
pi-,474.515
2mu-,393.824
3mu-,350.021
pi+,1906.48
mu-,229.819
2mu-,135.65
3mu-,108.781
2mu-,251.406
3mu-,177.058
mu+,136.031
2mu+,133.895
3mu+,75.9125
pi-,512.382
2mu-,283.9
3mu-,184.92
mu+,107.277
pi-,284.484
pi-,741.216
pi-,786.557
2pi-,785.251
3pi-,783.65
mu-,49.1334
pi-,1029.7
2pi-,989.643
pi-,1639.2
pi+,484.494
2pi+,429.732
pi-,1229.79
2pi-,415.438
2mu-,309.736
mu+,350.784
2mu+,318.979
3mu+,279.374
mu+,80.7466
2mu+,78.9631
3mu+,77.4334
pi+,31.9776
pi-,116.326
pi+,862.356
pi-,396.381
2pi-,394.909
3pi-,370.411
pi-,452.465
2pi-,430.658
3pi-,365.836
mu+,581.623
2mu+,539.254
pi+,466.29
3pi+,86.9851
2pi+,156.59
pi+,122.173
2pi+,247.372
3pi+,382.32
2mu-,399.722
3mu-,296.207
pi+,257.673
pi-,275.774
pi-,2163.56
2pi-,483.53
pi+,3009.91
pi+,1526.28
mu+,164.487
2mu+,158.663
3mu+,90.2218
2pi+,468.493
3pi-,52.9143
3pi+,365.648
3pi+,278.744
pi-,91.3991
mu+,319.839
2mu+,273.431
3mu+,173.808
pi-,712.721
pi+,279.869
2mu+,159.385
3mu+,86.1353
pi-,682.15
mu-,851.766
3mu-,564.708
pi-,1468.45
mu+,27.2539
2mu+,24.2521
3mu+,20.4743
pi+,208.595
2pi+,206.318
3mu+,82.118
mu+,24.5893
pi+,333.627
pi+,2166.63
pi-,745.122
2pi-,690.968
pi-,301.861
2pi-,300.646
pi+,1844.44
2pi+,1843.11
3pi+,1841.69
pi-,982.771
2pi+,79.3668
pi-,890.905
pi+,849.568
2pi+,848.501
3pi+,847.059
pi-,218.14
pi+,150.518
3mu-,107.618
3mu-,221.901
2pi+,927.962
pi+,1041.79
2pi+,987.7
3pi+,316.46
pi-,611.961
2pi-,610.677
mu-,242.255
2pi-,137.019
pi+,506.093
2pi+,460.388
mu-,922.829
2mu-,921.085
3mu-,839.294
pi+,594.144
2pi+,592.1
3pi+,543.255
2mu-,346.001
2mu+,236.562
3mu+,129.2
2pi-,232.372
mu+,89.459
pi-,422.472
pi+,192.438
2pi+,123.493
pi+,228.639
pi+,326.393
pi+,134.209
2mu+,58.9174
3mu+,57.1428
mu+,781.56
3mu+,509.167
mu-,252.999
2mu-,187.771
3mu-,83.3145
pi+,918.202
pi+,180.918
pi+,1423.47
pi+,1309.19
2pi-,644.499
2pi+,696.557
pi-,671.076
3mu-,261.29
mu-,314.63
3mu-,108.217
pi-,102.308
2pi-,100.641
3pi-,98.8062
pi-,395.242
2pi-,394.141
3pi-,383.205
pi-,3125.41
mu+,71.2796
2mu+,69.4015
3mu+,67.3379
pi-,743.542
2pi-,740.924
3pi-,739.721
pi-,672.602
pi+,1032.94
2pi+,1016.46
3mu+,776.353
pi-,843.027
2pi-,841.949
3pi-,762.338
pi-,253.706
2pi-,247.917
3pi-,235.037
2pi+,239.201
mu+,366.499
3mu+,77.4926
pi-,626.829
2pi-,625.094
3mu-,516.9
pi+,358.211
mu+,81.1739
2mu+,79.3988
3mu+,77.7089
pi+,411.888
2pi+,410.619
3pi+,409.451
3pi-,470.503
pi+,1569.74
2mu+,986.793
3mu+,436.661
pi-,739.152
mu-,27.028
3mu-,307.618
2mu+,300.907
3mu+,264.938
pi-,264.103
pi+,391.312
2pi+,331.011
3pi+,183.496
mu+,691.243
3mu+,359.035
mu+,320.726
2mu+,319.432
3mu+,317.934
3mu+,187.97
pi-,1179.6
2pi-,1177.28
3pi-,1138.39
pi-,566.367
3mu+,109.69
mu+,794.855
3mu+,527.968
pi+,726.453
2pi+,725.265
3pi+,724.11
pi+,236.98
2pi+,235.766
3pi+,234.534
pi-,798.298
3pi+,1527.66
3pi-,810.406
mu+,180.944
mu+,84.8308
2mu+,83.3959
3mu+,81.754
pi-,1169.5
pi-,724.803
2pi-,648.297
pi-,1160.53
2pi-,1122.77
3pi-,1044.72
pi+,248.641
2mu-,217.627
3pi+,2401.81
pi-,54.6124
2mu+,198.856
3mu+,178.683
pi-,825.985
2pi-,47.6047
2mu+,515.871
3pi+,1697.04
pi+,787.285
2mu-,37.5967
pi+,201.188
pi+,291.721
mu-,109.094
2mu-,107.147
3mu-,105.334
pi-,1582.23
2pi-,1581.05
3pi-,1579.12
pi+,189.193
mu-,565.19
mu+,97.1816
pi+,683.513
pi+,589.728
2pi+,569.066
pi+,141.792
2pi+,140.328
3pi+,62.4691
pi-,734.115
pi+,1124.32
2pi+,1079.73
3pi+,272.268
pi+,484.763
2mu+,352.513
3mu+,351.208
pi-,907.599
pi+,814.879
pi-,92.223
pi-,449.143
2pi-,284.244
3mu-,204.471
pi-,224.558
3pi+,2080.65
pi+,389.208
2pi+,373.965
3pi+,274.39
pi+,206.231
pi+,377.429
mu+,28.3593
pi-,795.424
2pi-,715.469
3pi-,558.917
pi-,899.427
2pi-,871.267
3pi-,776.463
3pi+,130.859
pi+,1845.34
pi-,446.251
2pi-,425.555
3mu-,188.381
pi+,228.347
2pi+,886.041
pi+,987.046
2pi-,558.446
mu-,104.796
2mu-,76.9348
pi+,1260.31
mu+,648.259
2mu+,646.876
3mu+,561.346
pi+,937.257
2pi+,903.284
mu+,271.882
2mu+,247.711
3mu+,152.295
pi+,678.666
2pi+,676.584
3pi+,553.687
pi-,408.453
pi+,1370.87
pi+,470.174
2pi+,409.175
pi+,288.875
2mu+,94.416
pi-,417.989
pi-,70.7907
pi-,64.7685
pi+,761.049
pi+,1171.85
2pi+,1103.76
pi+,1272.9
3mu+,900.385
pi-,512.392
2pi-,440.574
pi-,464.993
3mu-,12.0136
pi+,2288.88
2pi-,30.2155
3mu+,92.7337
mu+,245.445
2mu+,244.087
3mu+,242.231
mu+,53.2234
2mu+,51.3426
3mu+,49.4104
pi-,252.366
2pi-,251.212
3pi-,249.836
pi-,209.985
pi+,196.542
pi+,224.716
2mu+,234.944
3mu+,228.379
mu+,205.352
2mu+,32.6318
3mu+,29.8181
pi-,381.359
pi+,551.819
2pi+,452.374
3pi+,357.876
pi-,1802.99
2pi-,1801.8
3pi-,1777.68
pi+,917.609
2pi+,916.405
3pi+,396.615
pi-,915.742
2pi-,914.676
3pi-,913.344
pi-,802.358
2pi-,801.222
pi+,1907.51
2mu-,436.591
2mu+,143.262
3mu+,141.802
pi-,1938.97
2pi-,1937.56
3pi-,1935.81
pi-,66.0386
pi-,429.243
pi-,269.065
2pi-,267.96
pi+,395.01
pi-,613.741
2pi-,594.017
3mu-,358.615
pi-,619.872
2pi-,618.732
3pi-,417.565
2pi-,597.892
pi+,1500.63
2mu+,147.45
3mu+,75.6479
pi-,1674.27
pi-,745.333
2pi-,725.005
3pi-,649.347
pi-,481.561
2pi-,480.048
3pi-,421.435
pi-,935.909
2pi-,887.399
pi+,664.516
pi-,2311.89
2pi-,2310.68
3pi-,2309.5
pi+,171.794
pi+,52.0172
pi+,169.496
2mu+,86.2019
pi+,392.597
2mu+,300.264
3mu+,213.799
pi-,291.226
pi+,276.065
2pi+,200.146
mu+,140.735
2mu+,83.5137
pi-,432.736
2pi-,431.571
pi+,460.781
2pi+,459.569
3pi+,388.906
pi+,496.596
pi-,483.238
3mu-,68.9226
pi+,1350.92
pi+,478.675
pi+,1824.87
mu-,530.814
2mu-,528.689
3mu-,527.478
pi+,224.26
2mu+,214.18
3mu+,212.834
pi+,541.631
2pi+,539.96
3pi+,454.336
mu+,472.994
3mu+,161.148
pi-,169.53
pi+,464.607
pi+,186.257
2pi+,184.719
3pi+,183.507
pi+,2004.49
pi+,44.0914
mu-,216.062
2mu-,214.822
3mu-,107.739
pi+,355.454
pi+,273.24
2mu+,293.289
3mu+,291.453
pi+,884.497
2pi+,882.954
3pi+,795.669
2pi-,455.511
mu+,18.6057
2mu+,14.7443
3mu+,9.69865
pi+,69.432
pi-,472.672
2pi-,471.279
3pi-,469.927
mu+,717.362
2mu+,715.5
3mu+,615.036
mu-,113.358
pi-,392.729
2pi-,391.131
3pi-,389.917
pi-,145.99
pi+,463.737
pi-,2164.79
pi+,511.999
2pi+,469.456
3pi+,398.844
pi-,159.651
2mu-,110.895
3mu-,109.44
pi+,948.614
pi-,515.068
2pi-,513.987
3pi-,512.826
2mu-,161.205
3mu-,48.1081
mu+,400.988
3mu+,186.239
pi+,681.022
pi+,313.05
pi+,499.704
2pi+,471.56
mu-,36.249
pi+,333.996
2mu+,217.38
3mu+,129.699
mu+,7.49495
pi-,722.457
2pi-,721.245
3pi-,634.462
pi+,376.085
2mu+,291.671
3mu+,264.181
pi+,1481.63
2pi+,1415.02
pi+,971.424
pi+,106.952
2pi+,105.426
3pi+,104.02
pi+,238.797
2mu+,129.323
3mu+,127.526
pi-,422.62
2pi-,420.65
3pi-,419.275
pi-,77.5174
2pi-,75.3091
3pi-,73.1768
pi-,1753.45
3pi-,596.257
mu+,192.25
pi-,526.915
pi+,257.264
2pi+,234.532
3mu+,114.802
pi+,174.526
pi-,193.317
2pi-,191.592
3pi-,190.303
pi-,402.744
2pi-,400.921
3pi-,380.389
pi-,1754.37
3pi+,545.234
mu+,92.8358
pi-,804.859
2mu-,656.96
3mu-,556.767
pi-,339.053
pi+,89.1679
pi-,388.119
2pi-,333.039
pi-,596.249
pi-,820.669
pi+,760.631
2pi+,719.169
2pi-,505.177
3pi-,406.829
pi+,310.406
2pi+,309.14
3mu+,202.065
pi-,1008.85
2pi-,998.315
3pi-,903.92
pi+,1271.54
2pi+,1270.43
pi-,1160.93
mu-,529.447
2mu-,428.782
pi-,692.689
2pi-,691.622
pi+,496.378
2pi+,495.177
3pi+,493.982
pi-,763.483
pi+,544.458
2mu+,263.688
pi-,734.368
2pi-,733.224
3pi-,659.866
pi-,1166.49
2pi-,1052.95
mu+,356.839
2mu+,217.794
3mu+,205.321
pi+,2240.32
2pi+,2238.72
3pi+,2237.34
pi-,1042.73
2mu-,716.229
3mu-,714.769
2pi-,84.8588
pi-,233.694
2pi+,24.1259
2pi+,126.138
pi-,913.098
pi+,367.91
3mu+,108.484
mu-,448.118
2mu-,446.911
3mu-,405.823
pi+,1329.7
mu-,31.4708
pi+,556.737
2pi+,555.411
3pi+,485.807
pi+,54.5813
2pi+,52.2062
3mu+,57.5253
pi+,272.839
mu-,39.7381
mu-,28.2085
pi+,141.584
mu+,198.048
2mu+,196.674
3mu+,195.465
mu-,99.1601
2mu-,97.8419
3mu-,96.4053
pi+,329.107
2pi+,327.525
3mu+,208.053
mu-,78.3151
2mu-,76.5764
3mu-,36.9529
pi+,196.124
2mu+,103.995
pi-,671.422
2pi-,646.068
pi+,498.845
pi-,1116.23
2mu-,843.668
3mu-,842.393
mu-,1178.04
pi+,294.164
2mu+,51.4666
pi+,324.608
pi+,297.537
2pi+,296.362
3pi+,295.08
pi+,1326.63
2pi-,247.388
pi+,56.9186
mu-,33.2028
2mu-,30.6191
mu+,378.235
2mu+,361.516
3mu+,221.323
pi-,980.038
2pi-,312.341
pi+,137.759
pi+,730.211
2pi+,459.32
pi-,394.409
2mu-,280.347
mu-,234.772
2mu-,233.196
3mu-,184.979
pi-,51.5333
pi-,1347.85
2pi-,111.497
pi+,1097.83
2pi+,1096.67
3pi+,1050.51
pi-,136.98
pi+,280.992
pi-,522.289
2pi-,520.933
pi+,65.6169
mu+,75.6386
2mu+,74.1947
3mu+,72.6176
mu-,389.519
3mu-,169.868
pi+,234.147
2pi+,232.97
3pi+,231.447
pi+,442.304
pi-,279.177
2pi-,247.068
2pi-,64.6556
pi-,921.199
mu-,403.622
2mu-,402.504
3mu-,371.855
mu+,144.61
pi-,79.6875
pi-,17.1944
mu+,99.7023
pi-,32.1842
mu+,659.678
3mu+,372.042
pi-,683.245
mu+,492.28
2mu+,491.073
3mu+,489.918
pi-,904.938
2pi-,903.553
3pi-,694.233
pi+,492.979
2mu+,413.525
3mu+,356.137
2pi-,236.847
3pi-,234.45
mu+,428.12
3mu+,188.396
pi+,591.377
2pi+,491.461
3pi+,410.222
pi+,588.665
2pi+,587.37
3pi+,585.855
2pi+,490.098
3pi+,400.333
2pi-,271.322
3pi-,208.622
2pi-,231.77
pi+,270.959
2pi+,269.684
3pi+,258.113
mu-,59.708
2mu-,57.4902
3mu-,55.2629
mu+,401.808
3mu+,111.944
2mu+,912.151
pi+,917.369
2pi+,916.229
3pi+,837.736
pi-,191.852
pi+,121.669
pi+,433.18
pi+,2067.27
pi-,109.906
pi+,598.581
2pi+,543.148
3pi+,454.04
pi+,639.297
2pi+,636.228
3pi+,534.067
mu+,195.22
2mu+,193.988
3mu+,192.829
mu+,226.494
2mu+,224.518
3mu+,218.828
2mu-,261.143
pi+,457.508
3mu+,12.6849
pi+,1057.43
2pi+,1008.44
mu-,47.2668
pi+,845.828
2pi+,804.097
pi+,165.161
2pi+,163.813
mu+,95.5469
mu+,255.931
2mu+,254.59
3mu+,207.225
3mu+,107.429
pi+,585.699
mu+,64.9957
mu-,209.89
2mu-,208.183
3mu-,173.221
pi+,456.257
2pi+,415.195
mu-,275.804
2mu-,128.221
pi+,1233.63
2pi+,1232.32
3pi+,1231.12
pi+,55.1241
2pi+,50.6201
pi+,883.504
2pi+,862.759
3pi+,777.646
pi-,1280.58
pi-,1291.97
pi-,129.561
2mu-,99.352
3mu-,97.7731
pi+,231.932
2pi+,230.579
2pi-,249.303
mu+,1681.45
3mu+,1315.88
pi-,507.48
2pi-,505.957
2mu+,143.042
mu+,703.198
3mu+,430.075
2pi+,86.3072
mu-,111.379
pi+,197.976
2pi+,196.802
3mu+,102.197
pi-,339.133
2pi-,224.319
pi+,809.092
2pi+,807.775
3pi+,806.105
pi-,502.731
2mu-,583.3
pi+,585.918
2pi+,584.479
3pi+,582.915
mu+,322.989
2mu+,277.452
3mu+,188.986
mu+,570.539
2mu+,476.905
pi-,1417.29
pi-,455.02
pi-,709.319
mu-,670.573
3mu-,396.176
pi+,719.733
2pi+,718.562
pi-,173.405
pi-,1421.5
2pi-,1383.72
3pi-,1309.61
pi+,553.406
2pi+,552.322
3pi+,460.648
2pi-,391.685
pi+,331.797
2pi+,330.384
3pi+,329.195
pi-,2418.13
pi+,228.292
pi+,1514.75
pi+,799.979
2pi+,798.83
3pi+,711.093
pi-,1302.52
2pi-,1280.87
3mu-,768.883
pi-,756.35
2pi-,755.067
3pi-,661.224
mu+,155.965
2mu+,154.584
3mu+,153.349
pi+,216.536
mu-,150.569
2mu-,149.279
3mu-,147.872
pi+,46.7511
pi+,447.268
pi+,1175.95
2pi+,1127.83
3pi+,156.792
pi+,831.57
2pi+,812.106
pi+,698.051
2pi+,126.973
pi+,655.242
mu+,108.153
pi-,127.504
2pi-,125.947
pi-,452.521
2pi-,440.101
pi+,1515.23
pi+,1225.92
pi+,469.176
mu+,64.1509
pi-,249.771
pi-,585.059
2pi-,563.384
3mu-,383.336
pi-,367.329
2pi-,366.108
3pi-,303.879
2mu-,206.289
3mu-,192.601
pi+,1248.58
pi+,988.426
pi-,303.81
2pi-,302.447
3pi-,301.197
pi+,412.508
2pi+,411.104
3mu+,196.65
pi+,608.032
pi-,819.042
2pi-,817.658
3mu-,501.063
mu-,257.578
2mu-,186.534
3mu-,184.758
mu-,222.065
pi+,1323.02
pi+,1039.11
2mu+,575.289
3mu+,559.492
mu-,1280.64
2mu-,1279.41
3mu-,1191.35
pi-,1854.39
pi+,495.907
2pi+,466.421
pi+,1707.53
pi+,359.844
2pi+,250.398
pi-,1311.29
3pi-,1008.98
mu-,560.033
pi-,415.805
mu-,146.62
2mu-,145.276
3mu-,143.934
pi+,424.093
pi-,756.03
pi+,941.169
pi-,1232.59
pi-,713.191
2mu+,114.346
mu+,113.183
2mu+,111.764
3mu+,110.344
pi+,3102.35
3pi+,2831.86
pi+,489.654
2pi+,488.263
3pi+,457.461
pi-,600.312
2pi-,597.44
pi+,1797.85
2mu+,255.962
3mu+,184.466
pi-,594.781
pi-,522.636
pi+,1294.96
2pi+,1293.63
3pi+,1292.1
pi-,341.853
2pi-,340.769
3pi-,339.571
pi+,1188.59
pi-,895.065
pi+,992.944
2pi+,991.655
3pi+,901.186
pi+,1339.5
pi+,263.867
3pi+,890.281
3pi+,92.4817
pi+,2145.66
mu-,836.824
2mu-,835.632
3mu-,782.941
pi+,252.127
2pi+,230.243
mu-,528.596
2mu-,481.938
3mu-,418.264
pi-,490.379
2pi-,489.339
3mu-,310.05
pi-,807.984
2mu-,573.419
3mu-,517.653
pi+,915.013
pi-,346.869
2mu-,189.13
3mu-,187.873
pi-,710.256
2pi-,708.912
3pi-,707.321
pi+,981.914
2pi+,980.725
pi+,287.055
pi+,123.974
mu-,223.667
2mu+,346.762
mu+,420.594
3mu+,111.9
mu-,20.9912
pi+,460.347
2pi+,458.653
3pi+,457.357
pi-,755.055
pi-,70.381
2mu-,54.0568
3mu-,50.807
pi-,385.248
2pi+,418.89
pi+,611.201
2pi+,508.811
pi+,1069.27
2mu+,289.903
pi-,682.042
2mu-,533.729
3mu-,494.609
pi-,1300
mu+,89.5396
2mu+,88.2043
3mu+,86.3073
pi+,269.172
pi-,2088.4
pi+,103.494
2mu+,84.5801
3mu+,83.0751
pi+,1356.89
2mu+,829.83
3mu+,746.34
pi+,498.311
2pi+,496.925
3pi+,433.523
mu-,918.216
pi-,286.323
pi-,658.575
pi+,1308.13
2mu+,987.398
3mu+,198.554
pi+,494.615
2pi+,493.436
3pi+,452.227
pi-,731.041
pi+,1316.35
mu+,221.141
2mu+,219.184
3mu+,218
pi+,269.092
2mu+,58.608
pi+,521.978
2pi+,520.823
3pi+,458.802
pi-,84.369
pi-,866.034
2pi-,864.985
3pi-,766.79
pi-,841.262
2pi-,840.134
3pi-,751.351
pi+,461.844
pi+,511.297
3mu+,181.402
pi-,156.167
2mu-,77.6348
3mu-,25.877
mu+,122.676
3pi-,815.472
pi+,1762.79
pi+,205.839
2pi+,204.612
3pi+,156.617
pi+,613.172
2pi+,601.5
3pi+,534.265
pi-,1854.19
2pi-,1852.91
3pi-,1851.43
3pi+,16.232
pi+,381.345
2pi+,380.121
pi-,649.791
2pi-,648.721
3pi-,547.802
pi+,363.126
2pi+,361.758
3mu+,289.982
pi+,524.208
2pi+,512.415
2mu+,482.116
3mu+,393.55
pi+,591.837
2pi+,590.714
pi-,464.019
2pi-,462.716
2pi-,38.8346
pi+,2707.73
mu+,104.022
2mu+,102.265
pi-,652.645
pi+,1618.43
pi+,1455.81
pi+,168.13
2pi+,166.359
pi-,945.092
mu+,134.709
pi+,167.63
2pi+,166.133
pi-,1093.85
2pi-,1091.75
3pi-,1013.17
3pi-,265.459
pi-,626.483
2pi-,625.017
3pi-,623.466
pi+,1294.74
2pi+,1293.24
3mu+,1017.23
pi-,144.069
2pi-,142.545
3mu-,93.6593
mu+,363.477
2mu+,307.453
3mu+,216.532
pi+,247.142
pi+,448.821
pi+,96.1289
pi+,1818.49
2pi-,684.394
pi+,1967.06
pi-,1992.82
pi-,561.151
2pi-,485.425
mu+,388.002
2mu+,386.858
3mu+,306.764
pi-,1323.42
pi+,214.398
3mu+,1081.89
mu-,240.095
2mu-,160.354
3mu-,86.9425
mu+,688.839
2mu+,674.466
3mu+,646.024
pi-,469.071
2pi-,43.5163
pi+,1225.99
pi+,1847.82
pi-,621.32
2pi-,523.638
3pi-,473.844
pi+,148.729
pi+,729.081
pi-,383.989
3mu-,66.7689
pi+,1287.26
pi-,541.029
2pi-,538.489
3pi-,532.646
pi+,275.218
pi+,480.344
mu+,42.0939
2mu+,40.0828
3mu+,37.9799
pi+,146.773
pi-,426.572
pi+,507.118
pi+,1049.74
2pi+,1048.33
3mu+,948.255
2pi-,50.9902
2pi+,610.204
pi-,246.66
pi+,1698.74
pi-,230.846
pi+,1210.34
pi-,360.953
pi+,96.5342
2pi+,94.8481
3mu+,102.868
mu-,554.896
2mu-,530.168
3mu-,441.567
pi+,1363.04
pi-,256.022
2mu-,213.235
3mu-,211.942
pi+,554.081
2pi+,493.764
mu-,248.235
mu+,23.5737
pi+,1642.05
2pi+,1576.45
3pi+,1519.62
pi-,737.792
2pi-,708.014
3pi-,606.382
mu+,190.428
mu+,53.6811
2mu+,15.1441
3mu+,10.0731
3pi-,570.595
pi-,927.02
mu+,986.069
2mu-,102.371
mu+,266.068
mu+,122.802
2mu+,538.598
2mu+,568.763
mu+,405.63
3mu+,153.744
pi-,637.077
2pi-,563.557
3pi-,552.227
pi-,86.4005
2pi-,104.842
pi+,214.823
2pi+,213.36
3mu+,151.763
mu+,978.721
3mu+,45.7389
pi-,572.004
pi-,308.02
3pi+,232.123
3pi+,115.583
3pi-,23.8599
pi+,277.992
pi+,118.259
pi+,572.154
2pi+,571.067
3pi+,569.699
pi-,1556.09
2pi-,1554.69
3pi-,1552.93
pi+,281.93
2pi+,192.544
pi-,1134.32
2pi-,1072.01
pi-,303.993
2pi-,302.541
pi+,231.366
pi-,329.42
pi+,475.696
pi+,760.394
pi+,2012.24
2pi+,2010.83
pi+,1698.75
pi-,212.092
mu+,140.71
pi-,683.991
2mu-,445.022
pi-,234.11
2mu-,240.933
3mu-,189.043
pi-,533.123
2pi-,531.085
pi-,625.673
mu+,1048.62
2mu+,988.216
pi-,1279.5
3pi-,946.592
pi+,760.368
2mu+,409.492
3mu+,363.801
pi-,900.438
pi-,526.537
2pi-,428.96
pi+,905.914
2pi+,902.834
3pi+,745.611
pi-,966.405
mu-,50.8027
2mu-,48.9589
3mu-,47.0077
pi-,585.93
mu-,46.9605
pi-,256.322
2pi-,214.741
3pi-,141.378
pi+,247.269
2pi+,230.571
2pi-,32.048
mu-,778.738
2mu-,777.549
3mu-,696.891
pi-,330.27
2mu-,294.77
3mu-,293.387
pi+,279.077
2mu+,135.835
3mu+,51.9047
pi-,413.34
mu+,136.468
3mu+,15.8976
pi+,49.5682
pi+,1695.66
2pi+,442.293
pi-,595.51
2pi-,585
3mu-,384.37
pi+,284.579
mu+,581.446
2mu+,580.216
3mu+,524.855
mu+,233.602
2mu+,193.436
3mu+,121.431
pi-,255.31
2mu-,199.963
3mu-,198.709
pi+,1790.33
pi+,325.41
2mu+,235.035
3mu+,162.851
mu-,286.096
2mu-,265.354
3mu-,188.323
2pi+,967.969
2pi+,955.743
pi+,41.2136
2mu+,28.07
mu-,23.3803
2mu-,20.4334
3mu-,17.0595
pi-,1893.9
pi+,120.638
pi-,148.098
2mu-,128.402
3mu-,126.767
mu-,416.894
3mu-,167.387
pi-,610.983
pi+,191.873
pi-,148.313
2mu-,151.694
3mu-,150.414
3mu+,113.118
mu+,271.499
pi+,556.348
2pi+,555.179
3pi+,536.708
mu+,399
3mu+,169.536
pi-,858.328
pi+,868.275
2pi+,866.067
3pi+,793.08
pi-,1105.64
2pi-,1104.29
3mu-,1130.1
pi+,1210.62
2pi+,1209.42
3pi+,1140.06
pi+,231.782
2pi+,211.024
pi+,2044.15
2pi+,2042.83
3pi+,1933.94
pi+,66.7936
pi+,417.412
pi-,161.747
2pi-,158.383
3mu-,99.8525
pi+,205.189
2pi+,179.743
3pi+,166.671
pi+,409.139
2mu+,294.982
3mu+,293.825
mu+,377.363
2mu+,376.034
3mu+,365.398
mu-,150.778
3mu+,39.253
pi+,467.991
2pi+,457.429
3pi+,401.921
mu-,159.478
2mu-,157.93
3mu-,156.47
pi-,836.056
2pi-,834.751
3pi-,745.792
mu+,125.012
2mu+,87.7675
3mu+,85.9095
2pi+,1014.32
3pi+,217.255
pi+,1185.69
2pi+,1095.67
pi-,1317.14
mu+,154.505
pi-,2194.66
2pi-,2193.22
3pi-,2090.41
pi-,139.863
pi+,1337.07
2pi+,1335.74
3pi+,195.476
3pi-,661.586
pi-,373.834
pi-,273.76
pi+,290.645
2pi+,269.154
3pi+,193.929
pi-,630.782
2pi-,588.138
2mu-,427.278
3mu-,387.09
pi+,716.457
2pi+,683.004
3pi+,523.899
mu-,32.5509
pi+,665.229
3pi+,351.617
2mu+,1175.95
pi+,457.66
2pi+,456.309
pi+,1322.01
pi+,1651.18
pi-,267.912
2pi-,266.693
mu+,160.391
2mu+,159.001
3mu+,157.772
pi+,855.225
pi+,630.503
pi+,153.923
2pi+,152.297
3pi+,150.551
pi+,1185.14
pi+,442.271
3mu+,231.469
2pi+,316.518
3pi+,230.199
pi-,560.701
pi+,46.9857
2mu+,50.6322
3mu+,48.869
pi-,550.666
2pi-,510.504
3pi-,329.605
pi+,88.2197
2pi+,86.3029
pi+,176.133
2mu+,41.9811
mu+,216.022
2mu+,184.194
3mu+,149.137
pi+,47.2494
pi-,1270.2
pi+,892.044
2pi+,890.772
2pi+,29.2162
pi+,2003.18
pi-,1154.28
mu-,30.0473
2mu-,27.3747
3mu-,24.22
pi+,566.077
2pi+,564.59
3pi+,555.812
pi-,493.131
pi-,1974.71
mu+,497.301
2mu+,479.619
3mu+,398.507
pi-,289.474
2mu-,248.296
3mu-,247.233
pi+,793.542
2pi+,792.063
3mu+,499.733
pi+,1380.2
2mu-,71.3484
pi-,771.829
2pi-,769.979
pi-,2221.36
pi-,717.829
3pi-,220.258
pi+,529.762
2pi+,466.727
pi-,915.01
2pi-,847.431
pi+,2094.89
mu+,1108.06
2mu+,1010.94
pi+,2220.7
2pi-,35.8965
pi+,396.184
pi-,667.932
2pi-,666.604
3mu-,581.506
pi-,652.542
2mu-,648.353
3mu-,647.111
pi+,440.129
pi+,114.2
pi-,236.574
2mu-,168.621
3mu-,156.215
mu+,387.586
3mu+,158.571
pi-,121.902
2mu-,123.733
3mu-,122.199
pi+,1874.67
pi-,118.978
2pi-,117.17
3mu-,63.1599
pi-,581.815
2pi-,580.507
pi-,43.8565
pi-,466.799
2mu-,330.867
3mu-,239.246
2pi+,84.4701
2pi-,137.46
pi-,224.377
2mu-,199.12
3mu-,165.23
pi+,223.869
pi-,541.382
2mu-,257.911
3mu-,105.536
pi+,495.759
2pi+,474.676
pi+,245.422
2mu+,159.181
3mu+,146.375
2mu+,325.677
3mu+,79.7318
pi-,200.63
pi+,744.774
2pi+,743.621
3pi+,698.625
pi+,590.055
pi-,175.233
2mu-,117.335
pi-,733.809
3pi-,504.312
pi+,603.579
mu-,246.221
2mu-,245.087
3mu-,243.562
pi+,1186.85
pi+,722.883
2mu+,558.381
3mu+,557.153
mu+,662.613
2mu+,639.586
3mu+,545.803
mu-,1286.51
pi+,126.627
mu-,305.943
2mu-,276.434
3mu-,273.98
pi+,739.846
pi-,106.589
2mu-,85.9361
pi+,1717.52
2pi+,1716.34
3pi+,1715.07
pi+,205.413
pi+,1421.59
3pi+,1011.84
pi-,1254.78
pi-,124.849
2mu-,87.0963
3mu-,34.1708
pi-,429.843
pi-,212.278
pi-,575.746
2pi-,570.783
mu+,116.523
pi+,1146.3
2pi+,1144.87
3pi+,1143.71
pi+,1862.6
pi-,346.271
2pi-,250.627
pi+,321.127
3pi-,79.6415
pi-,970.951
2pi-,969.829
3pi-,968.702
mu+,575.619
pi+,920.492
pi+,197.408
mu+,109.392
pi-,377.51
2pi-,375.879
3pi-,363.809
pi-,1793.51
pi+,1037.89
2pi+,1036.65
3mu+,963.81
pi+,634.815
2mu+,549.104
3mu+,505.805
pi-,409.873
mu+,110.923
pi+,444.461
3pi+,85.7128
mu+,227.028
2mu+,225.812
3mu+,190.989
pi-,824.074
2mu-,565.17
3mu-,545.437
pi-,449.903
2pi-,448.746
pi-,352.464
pi+,219.069
pi+,285.559
2pi+,284.228
3mu+,174.203
mu-,181.305
2mu-,179.829
3mu-,176.997
mu-,319.809
2mu-,316.217
3mu-,287.919
mu+,28.0801
pi+,1383.91
pi+,860.94
pi-,745.616
2pi-,715.957
pi-,1941.97
2mu-,1120.59
3mu-,1119.38
pi+,44.7867
pi-,470.953
2pi-,265.59
2pi-,57.2342
pi+,1295.73
pi-,968.328
2pi-,966.58
pi+,397.863
2pi+,396.451
pi-,473.564
2pi-,472.301
3mu-,406.729
pi-,473.916
2pi-,400.839
pi+,723.157
2pi+,92.0668
pi+,469.572
2mu+,192.824
pi+,464.278
pi+,1378.95
pi-,1841.23
pi-,477.308
2mu-,351.066
3mu-,327.223
pi-,241.595
2pi-,230.494
pi+,239.444
2mu+,125.364
3mu+,84.6928
mu-,366.302
2mu-,279.226
3mu-,207.094
pi-,331.813
2pi-,330.365
3pi-,328.979
mu+,401.167
pi-,996.804
3pi-,673.781
pi-,113.595
pi-,263.292
2pi-,262.158
3pi-,261.054
pi+,888.416
2pi+,887.31
3pi-,845.292
2pi-,364.39
pi+,328.54
pi+,694.106
3pi+,347.151
pi-,90.6125
3pi+,1654.89
